Date,Open,High,Low,Close,Volume
2021-09-23 00:00:00-04:00,120.44999694824219,120.44999694824219,120.44999694824219,120.44999694824219,0
2021-09-24 00:00:00-04:00,120.0999984741211,120.0999984741211,120.0999984741211,120.0999984741211,0
2021-09-27 00:00:00-04:00,120.2300033569336,120.2300033569336,120.2300033569336,120.2300033569336,0
2021-09-28 00:00:00-04:00,119.88999938964844,119.88999938964844,119.88999938964844,119.88999938964844,0
2021-09-29 00:00:00-04:00,119.69999694824219,119.69999694824219,119.69999694824219,119.69999694824219,0
2021-09-30 00:00:00-04:00,119.6500015258789,119.6500015258789,119.6500015258789,119.6500015258789,0
2021-10-01 00:00:00-04:00,115.76000213623047,115.76000213623047,115.76000213623047,115.76000213623047,0
2021-10-04 00:00:00-04:00,117.76000213623047,117.76000213623047,117.76000213623047,117.76000213623047,0
2021-10-05 00:00:00-04:00,117.8499984741211,117.8499984741211,117.8499984741211,117.8499984741211,0
2021-10-06 00:00:00-04:00,117.68000030517578,117.68000030517578,117.68000030517578,117.68000030517578,0
2021-10-07 00:00:00-04:00,118.0999984741211,118.0999984741211,118.0999984741211,118.0999984741211,0
2021-10-08 00:00:00-04:00,122.86000061035156,122.86000061035156,122.86000061035156,122.86000061035156,0
2021-10-11 00:00:00-04:00,130.24000549316406,130.24000549316406,130.24000549316406,130.24000549316406,0
2021-10-12 00:00:00-04:00,126.41999816894531,126.41999816894531,126.41999816894531,126.41999816894531,132
2021-10-13 00:00:00-04:00,122.29000091552734,122.29000091552734,122.29000091552734,122.29000091552734,0
2021-10-14 00:00:00-04:00,122.83000183105469,122.83000183105469,122.83000183105469,122.83000183105469,0
2021-10-15 00:00:00-04:00,123.19000244140625,123.19000244140625,123.19000244140625,123.19000244140625,0
2021-10-18 00:00:00-04:00,123.4000015258789,123.4000015258789,123.4000015258789,123.4000015258789,0
2021-10-19 00:00:00-04:00,123.30000305175781,123.30000305175781,123.30000305175781,123.30000305175781,0
2021-10-20 00:00:00-04:00,123.19999694824219,123.48999786376953,123.19999694824219,123.48999786376953,0
2021-10-21 00:00:00-04:00,122.88999938964844,122.88999938964844,122.88999938964844,122.88999938964844,0
2021-10-22 00:00:00-04:00,122.5,122.5,122.5,122.5,0
2021-10-25 00:00:00-04:00,122.05999755859375,122.05999755859375,122.05999755859375,122.05999755859375,0
2021-10-26 00:00:00-04:00,122.47000122070312,122.47000122070312,122.47000122070312,122.47000122070312,0
2021-10-27 00:00:00-04:00,122.36000061035156,122.36000061035156,122.36000061035156,122.36000061035156,0
2021-10-28 00:00:00-04:00,121.94000244140625,121.94000244140625,121.94000244140625,121.94000244140625,0
2021-10-29 00:00:00-04:00,121.2300033569336,121.2300033569336,121.2300033569336,121.2300033569336,0
2021-11-01 00:00:00-04:00,102.58000183105469,102.58000183105469,102.58000183105469,102.58000183105469,0
2021-11-02 00:00:00-04:00,99.4000015258789,99.4000015258789,99.4000015258789,99.4000015258789,0
2021-11-03 00:00:00-04:00,99.3499984741211,99.3499984741211,99.3499984741211,99.3499984741211,0
2021-11-04 00:00:00-04:00,97.16999816894531,97.16999816894531,97.16999816894531,97.16999816894531,0
2021-11-05 00:00:00-04:00,94.43000030517578,94.43000030517578,94.43000030517578,94.43000030517578,0
2021-11-08 00:00:00-05:00,94.36000061035156,94.36000061035156,94.36000061035156,94.36000061035156,0
2021-11-09 00:00:00-05:00,91.9800033569336,91.9800033569336,91.9800033569336,91.9800033569336,0
2021-11-10 00:00:00-05:00,92.19000244140625,92.19000244140625,92.19000244140625,92.19000244140625,0
2021-11-11 00:00:00-05:00,93.62999725341797,93.62999725341797,93.62999725341797,93.62999725341797,0
2021-11-12 00:00:00-05:00,93.4000015258789,93.4000015258789,93.4000015258789,93.4000015258789,0
2021-11-15 00:00:00-05:00,92.36000061035156,92.36000061035156,92.36000061035156,92.36000061035156,0
2021-11-16 00:00:00-05:00,92.01000213623047,92.01000213623047,92.01000213623047,92.01000213623047,0
2021-11-17 00:00:00-05:00,92.76000213623047,92.76000213623047,92.76000213623047,92.76000213623047,0
2021-11-18 00:00:00-05:00,92.01000213623047,92.01000213623047,92.01000213623047,92.01000213623047,0
2021-11-19 00:00:00-05:00,92.77999877929688,92.77999877929688,92.77999877929688,92.77999877929688,0
2021-11-22 00:00:00-05:00,93.38999938964844,93.38999938964844,93.38999938964844,93.38999938964844,0
2021-11-23 00:00:00-05:00,93.98999786376953,93.98999786376953,93.98999786376953,93.98999786376953,0
2021-11-24 00:00:00-05:00,94.33000183105469,94.33000183105469,94.33000183105469,94.33000183105469,0
2021-11-26 00:00:00-05:00,94.44000244140625,94.44000244140625,94.44000244140625,94.44000244140625,0
2021-11-29 00:00:00-05:00,94.70999908447266,94.70999908447266,94.70999908447266,94.70999908447266,0
2021-11-30 00:00:00-05:00,94.97000122070312,94.97000122070312,94.97000122070312,94.97000122070312,0
2021-12-01 00:00:00-05:00,103.16999816894531,103.16999816894531,103.16999816894531,103.16999816894531,0
2021-12-02 00:00:00-05:00,101.81999969482422,101.81999969482422,101.81999969482422,101.81999969482422,0
2021-12-03 00:00:00-05:00,101.48999786376953,101.48999786376953,101.48999786376953,101.48999786376953,0
2021-12-06 00:00:00-05:00,103.73999786376953,103.73999786376953,103.73999786376953,103.73999786376953,0
2021-12-07 00:00:00-05:00,108.04000091552734,108.04000091552734,108.04000091552734,108.04000091552734,0
2021-12-08 00:00:00-05:00,106.7699966430664,106.7699966430664,106.7699966430664,106.7699966430664,0
2021-12-09 00:00:00-05:00,106.48999786376953,106.48999786376953,106.48999786376953,106.48999786376953,0
2021-12-10 00:00:00-05:00,105.0,105.0,105.0,105.0,0
2021-12-13 00:00:00-05:00,108.51000213623047,108.51000213623047,108.51000213623047,108.51000213623047,0
2021-12-14 00:00:00-05:00,107.04000091552734,107.04000091552734,107.04000091552734,107.04000091552734,0
2021-12-15 00:00:00-05:00,109.22000122070312,109.22000122070312,109.22000122070312,109.22000122070312,0
2021-12-16 00:00:00-05:00,111.19000244140625,111.19000244140625,111.19000244140625,111.19000244140625,0
2021-12-17 00:00:00-05:00,111.63999938964844,111.63999938964844,111.63999938964844,111.63999938964844,0
2021-12-20 00:00:00-05:00,113.79000091552734,113.79000091552734,113.79000091552734,113.79000091552734,0
2021-12-21 00:00:00-05:00,113.63999938964844,113.63999938964844,113.63999938964844,113.63999938964844,0
2021-12-22 00:00:00-05:00,112.54000091552734,112.54000091552734,112.54000091552734,112.54000091552734,0
2021-12-23 00:00:00-05:00,112.54000091552734,112.54000091552734,112.54000091552734,112.54000091552734,0
2021-12-27 00:00:00-05:00,112.98999786376953,112.98999786376953,112.98999786376953,112.98999786376953,0
2021-12-28 00:00:00-05:00,112.29000091552734,112.29000091552734,112.29000091552734,112.29000091552734,0
2021-12-29 00:00:00-05:00,112.33999633789062,112.33999633789062,112.33999633789062,112.33999633789062,0
2021-12-30 00:00:00-05:00,112.23999786376953,112.23999786376953,112.23999786376953,112.23999786376953,0
2021-12-31 00:00:00-05:00,112.5,112.5,112.5,112.5,0
2022-01-03 00:00:00-05:00,120.4000015258789,120.4000015258789,120.4000015258789,120.4000015258789,0
2022-01-04 00:00:00-05:00,120.91000366210938,120.91000366210938,120.91000366210938,120.91000366210938,200
2022-01-05 00:00:00-05:00,124.13999938964844,124.13999938964844,124.13999938964844,124.13999938964844,0
2022-01-06 00:00:00-05:00,125.94000244140625,125.94000244140625,125.94000244140625,125.94000244140625,0
2022-01-07 00:00:00-05:00,126.20999908447266,126.20999908447266,126.20999908447266,126.20999908447266,0
2022-01-10 00:00:00-05:00,124.4800033569336,124.4800033569336,124.4800033569336,124.4800033569336,0
2022-01-11 00:00:00-05:00,126.75,126.75,126.75,126.75,0
2022-01-12 00:00:00-05:00,128.66000366210938,128.66000366210938,128.66000366210938,128.66000366210938,20
2022-01-13 00:00:00-05:00,127.83999633789062,127.83999633789062,127.83999633789062,127.83999633789062,20
2022-01-14 00:00:00-05:00,126.23999786376953,126.23999786376953,126.23999786376953,126.23999786376953,10
2022-01-18 00:00:00-05:00,127.4800033569336,127.4800033569336,127.4800033569336,127.4800033569336,0
2022-01-19 00:00:00-05:00,127.41000366210938,127.41000366210938,127.41000366210938,127.41000366210938,20
2022-01-20 00:00:00-05:00,129.08999633789062,129.08999633789062,129.08999633789062,129.08999633789062,0
2022-01-21 00:00:00-05:00,129.49000549316406,129.49000549316406,129.49000549316406,129.49000549316406,0
2022-01-24 00:00:00-05:00,128.74000549316406,128.74000549316406,128.74000549316406,128.74000549316406,0
2022-01-25 00:00:00-05:00,129.94000244140625,129.94000244140625,129.94000244140625,129.94000244140625,0
2022-01-26 00:00:00-05:00,129.39999389648438,129.39999389648438,129.39999389648438,129.39999389648438,0
2022-01-27 00:00:00-05:00,129.9600067138672,129.9600067138672,129.9600067138672,129.9600067138672,20
2022-01-28 00:00:00-05:00,130.80999755859375,130.80999755859375,130.80999755859375,130.80999755859375,10
2022-01-31 00:00:00-05:00,131.14999389648438,131.14999389648438,131.14999389648438,131.14999389648438,0
2022-02-01 00:00:00-05:00,138.7899932861328,138.7899932861328,138.7899932861328,138.7899932861328,0
2022-02-02 00:00:00-05:00,139.97999572753906,139.97999572753906,139.97999572753906,139.97999572753906,0
2022-02-03 00:00:00-05:00,145.9499969482422,145.9499969482422,145.9499969482422,145.9499969482422,10
2022-02-04 00:00:00-05:00,145.4499969482422,145.4499969482422,145.4499969482422,145.4499969482422,0
2022-02-07 00:00:00-05:00,150.11000061035156,150.11000061035156,150.11000061035156,150.11000061035156,30
2022-02-08 00:00:00-05:00,148.8300018310547,148.8300018310547,148.8300018310547,148.8300018310547,0
2022-02-09 00:00:00-05:00,147.63999938964844,147.63999938964844,147.63999938964844,147.63999938964844,0
2022-02-10 00:00:00-05:00,151.57000732421875,151.57000732421875,151.57000732421875,151.57000732421875,0
2022-02-11 00:00:00-05:00,150.8699951171875,150.8699951171875,150.8699951171875,150.8699951171875,0
2022-02-14 00:00:00-05:00,146.75999450683594,146.75999450683594,146.75999450683594,146.75999450683594,0
2022-02-15 00:00:00-05:00,144.88999938964844,144.88999938964844,144.88999938964844,144.88999938964844,0
2022-02-16 00:00:00-05:00,142.22999572753906,142.22999572753906,142.22999572753906,142.22999572753906,0
2022-02-17 00:00:00-05:00,143.8800048828125,143.8800048828125,143.8800048828125,143.8800048828125,0
2022-02-18 00:00:00-05:00,141.11000061035156,141.11000061035156,141.11000061035156,141.11000061035156,0
2022-02-22 00:00:00-05:00,143.25999450683594,143.25999450683594,143.25999450683594,143.25999450683594,0
2022-02-23 00:00:00-05:00,142.9600067138672,142.9600067138672,142.9600067138672,142.9600067138672,0
2022-02-24 00:00:00-05:00,142.66000366210938,142.66000366210938,142.66000366210938,142.66000366210938,0
2022-02-25 00:00:00-05:00,141.75999450683594,141.75999450683594,141.75999450683594,141.75999450683594,0
2022-02-28 00:00:00-05:00,141.99000549316406,141.99000549316406,141.99000549316406,141.99000549316406,0
2022-03-01 00:00:00-05:00,144.4499969482422,144.4499969482422,143.4499969482422,143.4499969482422,0
2022-03-02 00:00:00-05:00,146.07000732421875,146.07000732421875,146.07000732421875,146.07000732421875,0
2022-03-03 00:00:00-05:00,151.11000061035156,151.11000061035156,151.11000061035156,151.11000061035156,0
2022-03-04 00:00:00-05:00,152.27999877929688,152.27999877929688,152.27999877929688,152.27999877929688,0
2022-03-07 00:00:00-05:00,158.82000732421875,158.82000732421875,158.82000732421875,158.82000732421875,0
2022-03-08 00:00:00-05:00,160.9600067138672,160.9600067138672,160.9600067138672,160.9600067138672,0
2022-03-09 00:00:00-05:00,157.58999633789062,157.58999633789062,157.58999633789062,157.58999633789062,0
2022-03-10 00:00:00-05:00,156.9499969482422,156.9499969482422,156.9499969482422,156.9499969482422,0
2022-03-11 00:00:00-05:00,155.36000061035156,155.36000061035156,155.36000061035156,155.36000061035156,0
2022-03-14 00:00:00-04:00,150.11000061035156,150.11000061035156,150.11000061035156,150.11000061035156,0
2022-03-15 00:00:00-04:00,144.77000427246094,144.77000427246094,144.77000427246094,144.77000427246094,0
2022-03-16 00:00:00-04:00,148.85000610351562,148.85000610351562,148.85000610351562,148.85000610351562,0
2022-03-17 00:00:00-04:00,149.64999389648438,149.64999389648438,149.64999389648438,149.64999389648438,0
2022-03-18 00:00:00-04:00,150.58999633789062,150.58999633789062,150.58999633789062,150.58999633789062,0
2022-03-21 00:00:00-04:00,150.47000122070312,150.47000122070312,150.47000122070312,150.47000122070312,0
2022-03-22 00:00:00-04:00,149.67999267578125,149.67999267578125,149.67999267578125,149.67999267578125,32
2022-03-23 00:00:00-04:00,149.57000732421875,149.57000732421875,149.57000732421875,149.57000732421875,0
2022-03-24 00:00:00-04:00,149.6300048828125,149.6300048828125,149.6300048828125,149.6300048828125,0
2022-03-25 00:00:00-04:00,149.8699951171875,149.8699951171875,149.8699951171875,149.8699951171875,0
2022-03-28 00:00:00-04:00,150.13999938964844,150.13999938964844,150.13999938964844,150.13999938964844,0
2022-03-29 00:00:00-04:00,150.13999938964844,150.13999938964844,150.13999938964844,150.13999938964844,0
2022-03-30 00:00:00-04:00,150.61000061035156,150.61000061035156,150.61000061035156,150.61000061035156,0
2022-03-31 00:00:00-04:00,150.83999633789062,150.83999633789062,150.83999633789062,150.83999633789062,170
2022-04-01 00:00:00-04:00,159.85000610351562,159.85000610351562,159.85000610351562,159.85000610351562,0
2022-04-04 00:00:00-04:00,161.83999633789062,161.83999633789062,161.83999633789062,161.83999633789062,0
2022-04-05 00:00:00-04:00,161.25,161.25,161.25,161.25,0
2022-04-06 00:00:00-04:00,160.0800018310547,160.0800018310547,160.0800018310547,160.0800018310547,0
2022-04-07 00:00:00-04:00,157.2899932861328,157.2899932861328,157.2899932861328,157.2899932861328,0
2022-04-08 00:00:00-04:00,154.2100067138672,154.2100067138672,154.2100067138672,154.2100067138672,0
2022-04-11 00:00:00-04:00,155.94000244140625,155.94000244140625,155.94000244140625,155.94000244140625,0
2022-04-12 00:00:00-04:00,155.55999755859375,155.55999755859375,155.55999755859375,155.55999755859375,0
2022-04-13 00:00:00-04:00,154.6699981689453,154.6699981689453,154.6699981689453,154.6699981689453,0
2022-04-14 00:00:00-04:00,155.69000244140625,155.69000244140625,155.69000244140625,155.69000244140625,0
2022-04-18 00:00:00-04:00,155.6199951171875,155.6199951171875,155.6199951171875,155.6199951171875,0
2022-04-19 00:00:00-04:00,154.5800018310547,154.5800018310547,154.5800018310547,154.5800018310547,0
2022-04-20 00:00:00-04:00,154.41000366210938,154.41000366210938,154.41000366210938,154.41000366210938,0
2022-04-21 00:00:00-04:00,154.27000427246094,154.27000427246094,154.27000427246094,154.27000427246094,0
2022-04-22 00:00:00-04:00,154.1300048828125,154.1300048828125,154.1300048828125,154.1300048828125,0
2022-04-25 00:00:00-04:00,152.47000122070312,152.47000122070312,152.47000122070312,152.47000122070312,0
2022-04-26 00:00:00-04:00,152.0800018310547,152.0800018310547,152.0800018310547,152.0800018310547,0
2022-04-27 00:00:00-04:00,151.6199951171875,151.6199951171875,151.6199951171875,151.6199951171875,0
2022-04-28 00:00:00-04:00,151.19000244140625,151.19000244140625,151.19000244140625,151.19000244140625,0
2022-04-29 00:00:00-04:00,150.77000427246094,150.77000427246094,150.77000427246094,150.77000427246094,0
2022-05-02 00:00:00-04:00,144.0800018310547,144.0800018310547,144.0800018310547,144.0800018310547,0
2022-05-03 00:00:00-04:00,144.0800018310547,144.0800018310547,144.0800018310547,144.0800018310547,0
2022-05-04 00:00:00-04:00,142.89999389648438,142.89999389648438,142.89999389648438,142.89999389648438,0
2022-05-05 00:00:00-04:00,144.89999389648438,144.89999389648438,144.89999389648438,144.89999389648438,0
2022-05-06 00:00:00-04:00,136.91000366210938,136.91000366210938,136.91000366210938,136.91000366210938,0
2022-05-09 00:00:00-04:00,133.30999755859375,133.30999755859375,133.30999755859375,133.30999755859375,0
2022-05-10 00:00:00-04:00,131.89999389648438,131.89999389648438,131.89999389648438,131.89999389648438,0
2022-05-11 00:00:00-04:00,134.25999450683594,134.25999450683594,134.25999450683594,134.25999450683594,0
2022-05-12 00:00:00-04:00,131.97999572753906,131.97999572753906,131.97999572753906,131.97999572753906,0
2022-05-13 00:00:00-04:00,132.3300018310547,132.3300018310547,132.3300018310547,132.3300018310547,0
2022-05-16 00:00:00-04:00,132.9600067138672,132.9600067138672,132.9600067138672,132.9600067138672,0
2022-05-17 00:00:00-04:00,132.61000061035156,132.61000061035156,132.61000061035156,132.61000061035156,0
2022-05-18 00:00:00-04:00,130.80999755859375,130.80999755859375,130.80999755859375,130.80999755859375,0
2022-05-19 00:00:00-04:00,131.9199981689453,131.9199981689453,131.9199981689453,131.9199981689453,0
2022-05-20 00:00:00-04:00,133.66000366210938,133.66000366210938,133.66000366210938,133.66000366210938,0
2022-05-23 00:00:00-04:00,133.99000549316406,133.99000549316406,133.99000549316406,133.99000549316406,0
2022-05-24 00:00:00-04:00,133.30999755859375,133.30999755859375,133.30999755859375,133.30999755859375,0
2022-05-25 00:00:00-04:00,133.27000427246094,133.27000427246094,133.27000427246094,133.27000427246094,0
2022-05-26 00:00:00-04:00,132.97999572753906,132.97999572753906,132.97999572753906,132.97999572753906,0
2022-05-27 00:00:00-04:00,133.1699981689453,133.1699981689453,133.1699981689453,133.1699981689453,0
2022-05-31 00:00:00-04:00,133.50999450683594,133.50999450683594,133.50999450683594,133.50999450683594,0
2022-06-01 00:00:00-04:00,136.5500030517578,136.9499969482422,136.5500030517578,136.9499969482422,0
2022-06-02 00:00:00-04:00,142.35000610351562,142.35000610351562,142.35000610351562,142.35000610351562,0
2022-06-03 00:00:00-04:00,144.02000427246094,144.02000427246094,144.02000427246094,144.02000427246094,0
2022-06-06 00:00:00-04:00,144.80999755859375,144.80999755859375,144.80999755859375,144.80999755859375,0
2022-06-07 00:00:00-04:00,145.8800048828125,145.8800048828125,145.8800048828125,145.8800048828125,0
2022-06-08 00:00:00-04:00,145.33999633789062,145.33999633789062,145.33999633789062,145.33999633789062,0
2022-06-09 00:00:00-04:00,143.6300048828125,143.6300048828125,143.6300048828125,143.6300048828125,0
2022-06-10 00:00:00-04:00,141.50999450683594,141.50999450683594,141.50999450683594,141.50999450683594,0
2022-06-13 00:00:00-04:00,140.33999633789062,140.33999633789062,140.33999633789062,140.33999633789062,0
2022-06-14 00:00:00-04:00,140.08999633789062,140.08999633789062,140.08999633789062,140.08999633789062,0
2022-06-15 00:00:00-04:00,137.1699981689453,137.1699981689453,137.1699981689453,137.1699981689453,0
2022-06-16 00:00:00-04:00,137.85000610351562,137.85000610351562,137.85000610351562,137.85000610351562,0
2022-06-17 00:00:00-04:00,135.69000244140625,135.69000244140625,135.69000244140625,135.69000244140625,154
2022-06-21 00:00:00-04:00,133.47000122070312,133.47000122070312,133.47000122070312,133.47000122070312,0
2022-06-22 00:00:00-04:00,127.91999816894531,127.91999816894531,127.91999816894531,127.91999816894531,0
2022-06-23 00:00:00-04:00,131.4499969482422,131.4499969482422,131.4499969482422,131.4499969482422,0
2022-06-24 00:00:00-04:00,129.7100067138672,129.7100067138672,129.7100067138672,129.7100067138672,0
2022-06-27 00:00:00-04:00,130.92999267578125,130.92999267578125,130.92999267578125,130.92999267578125,0
2022-06-28 00:00:00-04:00,131.00999450683594,131.00999450683594,131.00999450683594,131.00999450683594,0
2022-06-29 00:00:00-04:00,130.4600067138672,130.4600067138672,130.4600067138672,130.4600067138672,0
2022-06-30 00:00:00-04:00,130.0,130.0,130.0,130.0,0
2022-07-01 00:00:00-04:00,114.44999694824219,114.44999694824219,114.44999694824219,114.44999694824219,0
2022-07-05 00:00:00-04:00,113.61000061035156,113.61000061035156,113.61000061035156,113.61000061035156,0
2022-07-06 00:00:00-04:00,112.37999725341797,112.37999725341797,112.37999725341797,112.37999725341797,0
2022-07-07 00:00:00-04:00,115.13999938964844,115.13999938964844,115.13999938964844,115.13999938964844,0
2022-07-08 00:00:00-04:00,113.73999786376953,113.73999786376953,113.73999786376953,113.73999786376953,0
2022-07-11 00:00:00-04:00,109.97000122070312,109.97000122070312,109.97000122070312,109.97000122070312,0
2022-07-12 00:00:00-04:00,109.68000030517578,109.68000030517578,109.68000030517578,109.68000030517578,0
2022-07-13 00:00:00-04:00,111.05000305175781,111.05000305175781,111.05000305175781,111.05000305175781,0
2022-07-14 00:00:00-04:00,106.01000213623047,106.01000213623047,106.01000213623047,106.01000213623047,0
2022-07-15 00:00:00-04:00,104.30000305175781,104.30000305175781,104.30000305175781,104.30000305175781,0
2022-07-18 00:00:00-04:00,106.69000244140625,106.69000244140625,106.69000244140625,106.69000244140625,0
2022-07-19 00:00:00-04:00,104.76000213623047,104.76000213623047,104.76000213623047,104.76000213623047,0
2022-07-20 00:00:00-04:00,104.51000213623047,104.51000213623047,104.51000213623047,104.51000213623047,0
2022-07-21 00:00:00-04:00,105.2699966430664,105.2699966430664,105.2699966430664,105.2699966430664,0
2022-07-22 00:00:00-04:00,105.38999938964844,105.38999938964844,105.38999938964844,105.38999938964844,0
2022-07-25 00:00:00-04:00,105.41999816894531,105.41999816894531,105.41999816894531,105.41999816894531,0
2022-07-26 00:00:00-04:00,106.01000213623047,106.01000213623047,106.01000213623047,106.01000213623047,0
2022-07-27 00:00:00-04:00,106.23999786376953,106.23999786376953,106.23999786376953,106.23999786376953,0
2022-07-28 00:00:00-04:00,106.88999938964844,106.88999938964844,106.88999938964844,106.88999938964844,0
2022-07-29 00:00:00-04:00,107.22000122070312,107.22000122070312,107.22000122070312,107.22000122070312,0
2022-08-01 00:00:00-04:00,114.3499984741211,114.3499984741211,114.3499984741211,114.3499984741211,0
2022-08-02 00:00:00-04:00,113.36000061035156,113.36000061035156,113.36000061035156,113.36000061035156,0
2022-08-03 00:00:00-04:00,110.11000061035156,110.11000061035156,110.11000061035156,110.11000061035156,0
2022-08-04 00:00:00-04:00,107.02999877929688,107.02999877929688,107.02999877929688,107.02999877929688,0
2022-08-05 00:00:00-04:00,109.19999694824219,109.19999694824219,109.19999694824219,109.19999694824219,0
2022-08-08 00:00:00-04:00,110.37999725341797,110.37999725341797,110.37999725341797,110.37999725341797,0
2022-08-09 00:00:00-04:00,109.8499984741211,109.8499984741211,109.8499984741211,109.8499984741211,0
2022-08-10 00:00:00-04:00,109.62999725341797,109.62999725341797,109.62999725341797,109.62999725341797,0
2022-08-11 00:00:00-04:00,110.41000366210938,110.41000366210938,110.41000366210938,110.41000366210938,0
2022-08-12 00:00:00-04:00,109.70999908447266,109.70999908447266,109.70999908447266,109.70999908447266,0
2022-08-15 00:00:00-04:00,107.5999984741211,107.5999984741211,107.5999984741211,107.5999984741211,0
2022-08-16 00:00:00-04:00,107.37000274658203,107.37000274658203,107.37000274658203,107.37000274658203,0
2022-08-17 00:00:00-04:00,105.51000213623047,105.51000213623047,105.51000213623047,105.51000213623047,0
2022-08-18 00:00:00-04:00,106.05000305175781,106.05000305175781,106.05000305175781,106.05000305175781,0
2022-08-19 00:00:00-04:00,105.63999938964844,105.63999938964844,105.63999938964844,105.63999938964844,0
2022-08-22 00:00:00-04:00,105.5199966430664,105.5199966430664,105.5199966430664,105.5199966430664,0
2022-08-23 00:00:00-04:00,105.56999969482422,105.56999969482422,105.56999969482422,105.56999969482422,0
2022-08-24 00:00:00-04:00,105.55000305175781,105.55000305175781,105.55000305175781,105.55000305175781,0
2022-08-25 00:00:00-04:00,105.3499984741211,105.3499984741211,105.3499984741211,105.3499984741211,0
2022-08-26 00:00:00-04:00,105.48999786376953,105.48999786376953,105.48999786376953,105.48999786376953,0
2022-08-29 00:00:00-04:00,105.27999877929688,105.27999877929688,105.27999877929688,105.27999877929688,0
2022-08-30 00:00:00-04:00,104.91999816894531,104.91999816894531,104.91999816894531,104.91999816894531,0
2022-08-31 00:00:00-04:00,104.76000213623047,104.76000213623047,104.76000213623047,104.76000213623047,0
2022-09-01 00:00:00-04:00,96.29000091552734,96.29000091552734,96.29000091552734,96.29000091552734,0
2022-09-02 00:00:00-04:00,95.55000305175781,95.55000305175781,95.55000305175781,95.55000305175781,0
2022-09-06 00:00:00-04:00,97.44000244140625,97.44000244140625,97.44000244140625,97.44000244140625,0
2022-09-07 00:00:00-04:00,97.19000244140625,97.19000244140625,97.19000244140625,97.19000244140625,0
2022-09-08 00:00:00-04:00,98.37000274658203,98.37000274658203,98.37000274658203,98.37000274658203,0
2022-09-09 00:00:00-04:00,100.20999908447266,100.20999908447266,100.20999908447266,100.20999908447266,0
2022-09-12 00:00:00-04:00,101.41000366210938,101.41000366210938,101.41000366210938,101.41000366210938,0
2022-09-13 00:00:00-04:00,101.43000030517578,101.43000030517578,101.43000030517578,101.43000030517578,0
2022-09-14 00:00:00-04:00,100.43000030517578,100.43000030517578,100.43000030517578,100.43000030517578,0
2022-09-15 00:00:00-04:00,100.38999938964844,100.38999938964844,100.38999938964844,100.38999938964844,0
2022-09-16 00:00:00-04:00,99.26000213623047,99.26000213623047,99.26000213623047,99.26000213623047,0
2022-09-19 00:00:00-04:00,98.98999786376953,98.98999786376953,98.98999786376953,98.98999786376953,0
2022-09-20 00:00:00-04:00,98.80000305175781,98.80000305175781,98.80000305175781,98.80000305175781,0
2022-09-21 00:00:00-04:00,98.6500015258789,98.6500015258789,98.6500015258789,98.6500015258789,0
2022-09-22 00:00:00-04:00,98.83000183105469,98.83000183105469,98.83000183105469,98.83000183105469,0
2022-09-23 00:00:00-04:00,98.88999938964844,98.88999938964844,98.88999938964844,98.88999938964844,0
2022-09-26 00:00:00-04:00,99.01000213623047,99.01000213623047,99.01000213623047,99.01000213623047,0
2022-09-27 00:00:00-04:00,98.70999908447266,98.70999908447266,98.70999908447266,98.70999908447266,0
2022-09-28 00:00:00-04:00,98.5199966430664,98.5199966430664,98.5199966430664,98.5199966430664,0
2022-09-29 00:00:00-04:00,98.41999816894531,98.41999816894531,98.41999816894531,98.41999816894531,0
2022-09-30 00:00:00-04:00,98.30999755859375,98.30999755859375,98.30999755859375,98.30999755859375,0
2022-10-03 00:00:00-04:00,94.22000122070312,94.22000122070312,94.22000122070312,94.22000122070312,0
2022-10-04 00:00:00-04:00,95.20999908447266,95.20999908447266,95.20999908447266,95.20999908447266,0
2022-10-05 00:00:00-04:00,95.26000213623047,95.26000213623047,95.26000213623047,95.26000213623047,0
2022-10-06 00:00:00-04:00,95.45999908447266,95.45999908447266,95.45999908447266,95.45999908447266,0
2022-10-07 00:00:00-04:00,95.62000274658203,95.62000274658203,95.62000274658203,95.62000274658203,0
2022-10-10 00:00:00-04:00,97.3499984741211,97.3499984741211,97.3499984741211,97.3499984741211,0
2022-10-11 00:00:00-04:00,96.97000122070312,96.97000122070312,96.97000122070312,96.97000122070312,0
2022-10-12 00:00:00-04:00,96.12999725341797,96.12999725341797,96.12999725341797,96.12999725341797,0
2022-10-13 00:00:00-04:00,95.4000015258789,95.4000015258789,95.4000015258789,95.4000015258789,0
2022-10-14 00:00:00-04:00,95.93000030517578,95.93000030517578,95.93000030517578,95.93000030517578,0
2022-10-17 00:00:00-04:00,94.93000030517578,94.93000030517578,94.93000030517578,94.93000030517578,0
2022-10-18 00:00:00-04:00,95.20999908447266,95.20999908447266,95.20999908447266,95.20999908447266,0
2022-10-19 00:00:00-04:00,94.86000061035156,94.86000061035156,94.86000061035156,94.86000061035156,0
2022-10-20 00:00:00-04:00,94.76000213623047,94.76000213623047,94.76000213623047,94.76000213623047,0
2022-10-21 00:00:00-04:00,94.86000061035156,94.86000061035156,94.86000061035156,94.86000061035156,0
2022-10-24 00:00:00-04:00,94.51000213623047,94.51000213623047,94.51000213623047,94.51000213623047,0
2022-10-25 00:00:00-04:00,94.61000061035156,94.61000061035156,94.61000061035156,94.61000061035156,0
2022-10-26 00:00:00-04:00,93.55999755859375,93.55999755859375,93.55999755859375,93.55999755859375,0
2022-10-27 00:00:00-04:00,92.80999755859375,92.80999755859375,92.80999755859375,92.80999755859375,0
2022-10-28 00:00:00-04:00,93.01000213623047,93.01000213623047,93.01000213623047,93.01000213623047,0
2022-10-31 00:00:00-04:00,92.43000030517578,92.43000030517578,92.43000030517578,92.43000030517578,0
2022-11-01 00:00:00-04:00,80.02999877929688,80.02999877929688,80.02999877929688,80.02999877929688,0
2022-11-02 00:00:00-04:00,82.0999984741211,82.0999984741211,82.0999984741211,82.0999984741211,0
2022-11-03 00:00:00-04:00,83.37000274658203,83.37000274658203,83.37000274658203,83.37000274658203,0
2022-11-04 00:00:00-04:00,85.16000366210938,85.16000366210938,85.16000366210938,85.16000366210938,0
2022-11-07 00:00:00-05:00,87.13999938964844,87.13999938964844,87.13999938964844,87.13999938964844,0
2022-11-08 00:00:00-05:00,85.33000183105469,85.33000183105469,85.33000183105469,85.33000183105469,0
2022-11-09 00:00:00-05:00,87.51000213623047,87.51000213623047,87.51000213623047,87.51000213623047,0
2022-11-10 00:00:00-05:00,88.19000244140625,88.19000244140625,88.19000244140625,88.19000244140625,0
2022-11-11 00:00:00-05:00,90.79000091552734,90.79000091552734,90.79000091552734,90.79000091552734,0
2022-11-14 00:00:00-05:00,92.08999633789062,92.08999633789062,92.08999633789062,92.08999633789062,0
2022-11-15 00:00:00-05:00,92.29000091552734,92.29000091552734,92.29000091552734,92.29000091552734,0
2022-11-16 00:00:00-05:00,92.33999633789062,92.33999633789062,92.33999633789062,92.33999633789062,0
2022-11-17 00:00:00-05:00,93.08999633789062,93.08999633789062,93.08999633789062,93.08999633789062,0
2022-11-18 00:00:00-05:00,92.88999938964844,92.88999938964844,92.88999938964844,92.88999938964844,0
2022-11-21 00:00:00-05:00,91.54000091552734,91.54000091552734,91.54000091552734,91.54000091552734,0
2022-11-22 00:00:00-05:00,91.44999694824219,91.44999694824219,91.44999694824219,91.44999694824219,0
2022-11-23 00:00:00-05:00,91.94000244140625,91.94000244140625,91.94000244140625,91.94000244140625,0
2022-11-25 00:00:00-05:00,92.73999786376953,92.73999786376953,92.73999786376953,92.73999786376953,0
2022-11-28 00:00:00-05:00,93.04000091552734,93.04000091552734,93.04000091552734,93.04000091552734,0
2022-11-29 00:00:00-05:00,92.9000015258789,92.9000015258789,92.9000015258789,92.9000015258789,0
2022-11-30 00:00:00-05:00,93.25,93.25,93.25,93.25,0
2022-12-01 00:00:00-05:00,103.0999984741211,103.0999984741211,103.0999984741211,103.0999984741211,0
2022-12-02 00:00:00-05:00,107.44000244140625,107.44000244140625,107.44000244140625,107.44000244140625,0
2022-12-05 00:00:00-05:00,107.68000030517578,107.68000030517578,107.68000030517578,107.68000030517578,0
2022-12-06 00:00:00-05:00,108.48999786376953,108.48999786376953,108.48999786376953,108.48999786376953,0
2022-12-07 00:00:00-05:00,107.08999633789062,107.08999633789062,107.08999633789062,107.08999633789062,29
2022-12-08 00:00:00-05:00,109.48999786376953,109.48999786376953,109.48999786376953,109.48999786376953,0
2022-12-09 00:00:00-05:00,110.4800033569336,110.4800033569336,110.4800033569336,110.4800033569336,0
2022-12-12 00:00:00-05:00,109.47000122070312,109.47000122070312,109.47000122070312,109.47000122070312,0
2022-12-13 00:00:00-05:00,109.2300033569336,109.2300033569336,109.2300033569336,109.2300033569336,0
2022-12-14 00:00:00-05:00,109.26000213623047,109.26000213623047,109.26000213623047,109.26000213623047,0
2022-12-15 00:00:00-05:00,110.5,110.5,110.5,110.5,0
2022-12-16 00:00:00-05:00,110.2699966430664,110.2699966430664,110.2699966430664,110.2699966430664,0
2022-12-19 00:00:00-05:00,109.55999755859375,109.55999755859375,109.55999755859375,109.55999755859375,0
2022-12-20 00:00:00-05:00,109.86000061035156,109.86000061035156,109.86000061035156,109.86000061035156,0
2022-12-21 00:00:00-05:00,110.73999786376953,110.73999786376953,110.73999786376953,110.73999786376953,0
2022-12-22 00:00:00-05:00,110.43000030517578,110.43000030517578,110.43000030517578,110.43000030517578,0
2022-12-23 00:00:00-05:00,110.4800033569336,110.4800033569336,110.4800033569336,110.4800033569336,0
2022-12-27 00:00:00-05:00,110.63999938964844,110.63999938964844,110.63999938964844,110.63999938964844,0
2022-12-28 00:00:00-05:00,110.80000305175781,110.80000305175781,110.80000305175781,110.80000305175781,0
2022-12-29 00:00:00-05:00,110.9800033569336,110.9800033569336,110.9800033569336,110.9800033569336,0
2022-12-30 00:00:00-05:00,111.27999877929688,111.27999877929688,111.27999877929688,111.27999877929688,0
2023-01-03 00:00:00-05:00,117.79000091552734,117.79000091552734,117.79000091552734,117.79000091552734,0
2023-01-04 00:00:00-05:00,115.3499984741211,115.3499984741211,115.3499984741211,115.3499984741211,0
2023-01-05 00:00:00-05:00,114.97000122070312,114.97000122070312,114.97000122070312,114.97000122070312,0
2023-01-06 00:00:00-05:00,116.56999969482422,116.56999969482422,116.56999969482422,116.56999969482422,0
2023-01-09 00:00:00-05:00,117.41000366210938,117.41000366210938,117.41000366210938,117.41000366210938,0
2023-01-10 00:00:00-05:00,119.66000366210938,119.66000366210938,119.66000366210938,119.66000366210938,0
2023-01-11 00:00:00-05:00,121.0199966430664,121.0199966430664,121.0199966430664,121.0199966430664,0
2023-01-12 00:00:00-05:00,121.26000213623047,121.26000213623047,121.26000213623047,121.26000213623047,0
2023-01-13 00:00:00-05:00,122.33000183105469,122.33000183105469,122.33000183105469,122.33000183105469,0
2023-01-17 00:00:00-05:00,120.94999694824219,120.94999694824219,120.94999694824219,120.94999694824219,0
2023-01-18 00:00:00-05:00,121.19000244140625,121.19000244140625,121.19000244140625,121.19000244140625,0
2023-01-19 00:00:00-05:00,121.79000091552734,121.79000091552734,121.79000091552734,121.79000091552734,0
2023-01-20 00:00:00-05:00,122.16000366210938,122.16000366210938,122.16000366210938,122.16000366210938,0
2023-01-23 00:00:00-05:00,122.1500015258789,122.1500015258789,121.94000244140625,121.94000244140625,0
2023-01-24 00:00:00-05:00,121.97000122070312,121.97000122070312,121.97000122070312,121.97000122070312,0
2023-01-25 00:00:00-05:00,121.93000030517578,121.93000030517578,121.93000030517578,121.93000030517578,0
2023-01-26 00:00:00-05:00,122.48999786376953,122.48999786376953,122.48999786376953,122.48999786376953,0
2023-01-27 00:00:00-05:00,122.69999694824219,122.69999694824219,122.69999694824219,122.69999694824219,0
2023-01-30 00:00:00-05:00,123.08000183105469,123.08000183105469,123.08000183105469,123.08000183105469,0
2023-01-31 00:00:00-05:00,123.37000274658203,123.37000274658203,123.37000274658203,123.37000274658203,0
2023-02-01 00:00:00-05:00,126.33000183105469,126.33000183105469,126.33000183105469,126.33000183105469,0
2023-02-02 00:00:00-05:00,123.94999694824219,123.94999694824219,123.94999694824219,123.94999694824219,0
2023-02-03 00:00:00-05:00,125.26000213623047,125.26000213623047,125.26000213623047,125.26000213623047,0
2023-02-06 00:00:00-05:00,124.33999633789062,124.33999633789062,124.33999633789062,124.33999633789062,100
2023-02-07 00:00:00-05:00,122.75,122.75,122.75,122.75,0
2023-02-08 00:00:00-05:00,123.20999908447266,123.20999908447266,123.20999908447266,123.20999908447266,0
2023-02-09 00:00:00-05:00,124.6500015258789,124.6500015258789,124.6500015258789,124.6500015258789,0
2023-02-10 00:00:00-05:00,125.13999938964844,125.13999938964844,125.13999938964844,125.13999938964844,0
2023-02-13 00:00:00-05:00,123.76000213623047,123.76000213623047,123.76000213623047,123.76000213623047,0
2023-02-14 00:00:00-05:00,124.19999694824219,124.19999694824219,124.19999694824219,124.19999694824219,0
2023-02-15 00:00:00-05:00,124.33999633789062,124.33999633789062,124.33999633789062,124.33999633789062,0
2023-02-16 00:00:00-05:00,124.69000244140625,124.69000244140625,124.69000244140625,124.69000244140625,0
2023-02-17 00:00:00-05:00,124.94000244140625,124.94000244140625,124.94000244140625,124.94000244140625,0
2023-02-21 00:00:00-05:00,126.33999633789062,126.33999633789062,126.33999633789062,126.33999633789062,0
2023-02-22 00:00:00-05:00,125.7699966430664,125.7699966430664,125.7699966430664,125.7699966430664,0
2023-02-23 00:00:00-05:00,125.91999816894531,125.91999816894531,125.91999816894531,125.91999816894531,0
2023-02-24 00:00:00-05:00,125.8499984741211,125.8499984741211,125.8499984741211,125.8499984741211,0
2023-02-27 00:00:00-05:00,125.73999786376953,125.73999786376953,125.73999786376953,125.73999786376953,0
2023-02-28 00:00:00-05:00,125.75,125.75,125.75,125.75,0
2023-03-01 00:00:00-05:00,126.80000305175781,126.80000305175781,126.80000305175781,126.80000305175781,0
2023-03-02 00:00:00-05:00,127.0199966430664,127.0199966430664,127.0199966430664,127.0199966430664,46
2023-03-03 00:00:00-05:00,126.63999938964844,126.63999938964844,126.63999938964844,126.63999938964844,0
2023-03-06 00:00:00-05:00,125.5,125.5,125.5,125.5,0
2023-03-07 00:00:00-05:00,127.33000183105469,127.33000183105469,127.33000183105469,127.33000183105469,0
2023-03-08 00:00:00-05:00,127.37000274658203,127.37000274658203,127.37000274658203,127.37000274658203,0
2023-03-09 00:00:00-05:00,129.47999572753906,129.47999572753906,129.47999572753906,129.47999572753906,0
2023-03-10 00:00:00-05:00,129.44000244140625,129.44000244140625,129.44000244140625,129.44000244140625,0
2023-03-13 00:00:00-04:00,130.49000549316406,130.49000549316406,130.49000549316406,130.49000549316406,0
2023-03-14 00:00:00-04:00,130.0399932861328,130.0399932861328,130.0399932861328,130.0399932861328,0
2023-03-15 00:00:00-04:00,130.08999633789062,130.08999633789062,130.08999633789062,130.08999633789062,0
2023-03-16 00:00:00-04:00,128.91000366210938,128.91000366210938,128.91000366210938,128.91000366210938,0
2023-03-17 00:00:00-04:00,130.0,130.0,130.0,130.0,0
2023-03-20 00:00:00-04:00,128.25999450683594,128.25999450683594,128.25999450683594,128.25999450683594,0
2023-03-21 00:00:00-04:00,128.00999450683594,128.00999450683594,128.00999450683594,128.00999450683594,0
2023-03-22 00:00:00-04:00,127.7300033569336,127.7300033569336,127.7300033569336,127.7300033569336,0
2023-03-23 00:00:00-04:00,126.66000366210938,126.66000366210938,126.66000366210938,126.66000366210938,0
2023-03-24 00:00:00-04:00,126.01000213623047,126.01000213623047,126.01000213623047,126.01000213623047,0
2023-03-27 00:00:00-04:00,126.01000213623047,126.01000213623047,126.01000213623047,126.01000213623047,0
2023-03-28 00:00:00-04:00,126.01000213623047,126.01000213623047,126.01000213623047,126.01000213623047,0
2023-03-29 00:00:00-04:00,126.01000213623047,126.01000213623047,126.01000213623047,126.01000213623047,0
2023-03-30 00:00:00-04:00,126.01000213623047,126.01000213623047,126.01000213623047,126.01000213623047,0
2023-03-31 00:00:00-04:00,127.05999755859375,127.05999755859375,127.05999755859375,127.05999755859375,0
2023-04-03 00:00:00-04:00,122.19000244140625,122.19000244140625,122.19000244140625,122.19000244140625,34
2023-04-04 00:00:00-04:00,120.23999786376953,120.23999786376953,120.23999786376953,120.23999786376953,0
2023-04-05 00:00:00-04:00,119.66999816894531,119.66999816894531,119.66999816894531,119.66999816894531,0
2023-04-06 00:00:00-04:00,119.16000366210938,119.16000366210938,119.16000366210938,119.16000366210938,0
2023-04-10 00:00:00-04:00,119.75,119.75,119.75,119.75,0
2023-04-11 00:00:00-04:00,121.05000305175781,121.05000305175781,121.05000305175781,121.05000305175781,0
2023-04-12 00:00:00-04:00,120.5,120.5,120.5,120.5,0
2023-04-13 00:00:00-04:00,119.91999816894531,119.91999816894531,119.91999816894531,119.91999816894531,0
2023-04-14 00:00:00-04:00,119.11000061035156,119.11000061035156,119.11000061035156,119.11000061035156,0
2023-04-17 00:00:00-04:00,120.01000213623047,120.01000213623047,120.01000213623047,120.01000213623047,0
2023-04-18 00:00:00-04:00,120.33999633789062,120.33999633789062,120.33999633789062,120.33999633789062,0
2023-04-19 00:00:00-04:00,120.26000213623047,120.26000213623047,120.26000213623047,120.26000213623047,0
2023-04-20 00:00:00-04:00,119.30999755859375,119.30999755859375,119.30999755859375,119.30999755859375,0
2023-04-21 00:00:00-04:00,117.20999908447266,117.20999908447266,117.20999908447266,117.20999908447266,0
2023-04-24 00:00:00-04:00,116.76000213623047,116.76000213623047,116.76000213623047,116.76000213623047,0
2023-04-25 00:00:00-04:00,117.5999984741211,117.5999984741211,117.5999984741211,117.5999984741211,0
2023-04-26 00:00:00-04:00,116.70999908447266,116.70999908447266,116.70999908447266,116.70999908447266,0
2023-04-27 00:00:00-04:00,116.20999908447266,116.20999908447266,116.20999908447266,116.20999908447266,0
2023-04-28 00:00:00-04:00,116.13999938964844,116.13999938964844,116.13999938964844,116.13999938964844,20
2023-05-01 00:00:00-04:00,103.61000061035156,103.61000061035156,103.61000061035156,103.61000061035156,20
2023-05-02 00:00:00-04:00,106.01000213623047,106.01000213623047,106.01000213623047,106.01000213623047,20
2023-05-03 00:00:00-04:00,105.4800033569336,105.4800033569336,105.4800033569336,105.4800033569336,20
2023-05-04 00:00:00-04:00,103.87000274658203,103.87000274658203,103.87000274658203,103.87000274658203,20
2023-05-05 00:00:00-04:00,103.55000305175781,103.55000305175781,103.55000305175781,103.55000305175781,20
2023-05-08 00:00:00-04:00,107.4000015258789,107.4000015258789,107.4000015258789,107.4000015258789,20
2023-05-09 00:00:00-04:00,106.05000305175781,106.05000305175781,106.05000305175781,106.05000305175781,20
2023-05-10 00:00:00-04:00,106.8499984741211,106.8499984741211,106.8499984741211,106.8499984741211,20
2023-05-11 00:00:00-04:00,104.80000305175781,104.80000305175781,104.80000305175781,104.80000305175781,20
2023-05-12 00:00:00-04:00,105.16000366210938,105.16000366210938,105.16000366210938,105.16000366210938,20
2023-05-15 00:00:00-04:00,106.7699966430664,106.7699966430664,106.7699966430664,106.7699966430664,20
2023-05-16 00:00:00-04:00,106.83999633789062,106.83999633789062,106.83999633789062,106.83999633789062,20
2023-05-17 00:00:00-04:00,107.37999725341797,107.37999725341797,107.37999725341797,107.37999725341797,20
2023-05-18 00:00:00-04:00,107.2699966430664,107.2699966430664,107.2699966430664,107.2699966430664,20
2023-05-19 00:00:00-04:00,107.0999984741211,107.0999984741211,107.0999984741211,107.0999984741211,20
2023-05-22 00:00:00-04:00,107.16000366210938,107.16000366210938,107.16000366210938,107.16000366210938,20
2023-05-23 00:00:00-04:00,106.54000091552734,106.54000091552734,106.54000091552734,106.54000091552734,20
2023-05-24 00:00:00-04:00,105.55999755859375,105.55999755859375,105.55999755859375,105.55999755859375,20
2023-05-25 00:00:00-04:00,105.5999984741211,105.5999984741211,105.5999984741211,105.5999984741211,20
2023-05-26 00:00:00-04:00,105.41000366210938,105.41000366210938,105.41000366210938,105.41000366210938,20
2023-05-30 00:00:00-04:00,105.19999694824219,105.19999694824219,105.19999694824219,105.19999694824219,20
2023-05-31 00:00:00-04:00,105.06999969482422,105.06999969482422,105.06999969482422,105.06999969482422,0
2023-06-01 00:00:00-04:00,104.5,104.5,104.5,104.5,0
2023-06-02 00:00:00-04:00,106.33000183105469,106.33000183105469,106.33000183105469,106.33000183105469,0
2023-06-05 00:00:00-04:00,107.37999725341797,107.37999725341797,107.37999725341797,107.37999725341797,0
2023-06-06 00:00:00-04:00,108.58999633789062,108.58999633789062,108.58999633789062,108.58999633789062,0
2023-06-07 00:00:00-04:00,109.18000030517578,109.18000030517578,109.18000030517578,109.18000030517578,0
2023-06-08 00:00:00-04:00,111.43000030517578,111.43000030517578,111.43000030517578,111.43000030517578,0
2023-06-09 00:00:00-04:00,112.95999908447266,112.95999908447266,112.95999908447266,112.95999908447266,0
2023-06-12 00:00:00-04:00,111.13999938964844,111.13999938964844,111.13999938964844,111.13999938964844,0
2023-06-13 00:00:00-04:00,112.44999694824219,112.44999694824219,112.44999694824219,112.44999694824219,0
2023-06-14 00:00:00-04:00,112.75,112.75,112.75,112.75,0
2023-06-15 00:00:00-04:00,112.93000030517578,112.93000030517578,112.93000030517578,112.93000030517578,0
2023-06-16 00:00:00-04:00,113.0199966430664,113.0199966430664,113.0199966430664,113.0199966430664,0
2023-06-20 00:00:00-04:00,113.08000183105469,113.08000183105469,113.08000183105469,113.08000183105469,0
2023-06-21 00:00:00-04:00,112.8499984741211,112.8499984741211,112.8499984741211,112.8499984741211,0
2023-06-22 00:00:00-04:00,112.8499984741211,112.8499984741211,112.8499984741211,112.8499984741211,0
2023-06-23 00:00:00-04:00,112.6500015258789,112.6500015258789,112.6500015258789,112.6500015258789,0
2023-06-26 00:00:00-04:00,112.45999908447266,112.45999908447266,112.45999908447266,112.45999908447266,0
2023-06-27 00:00:00-04:00,112.5999984741211,112.5999984741211,112.5999984741211,112.5999984741211,0
2023-06-28 00:00:00-04:00,112.63999938964844,112.63999938964844,112.63999938964844,112.63999938964844,0
2023-06-29 00:00:00-04:00,112.62000274658203,112.62000274658203,112.62000274658203,112.62000274658203,0
2023-06-30 00:00:00-04:00,112.56999969482422,112.56999969482422,112.56999969482422,112.56999969482422,0
2023-07-03 00:00:00-04:00,110.87000274658203,110.87000274658203,110.87000274658203,110.87000274658203,0
2023-07-05 00:00:00-04:00,111.83999633789062,111.83999633789062,111.83999633789062,111.83999633789062,0
2023-07-06 00:00:00-04:00,112.2699966430664,112.2699966430664,112.2699966430664,112.2699966430664,0
2023-07-07 00:00:00-04:00,110.54000091552734,110.54000091552734,110.54000091552734,110.54000091552734,0
2023-07-10 00:00:00-04:00,109.20999908447266,109.20999908447266,109.20999908447266,109.20999908447266,0
2023-07-11 00:00:00-04:00,109.33999633789062,109.33999633789062,109.33999633789062,109.33999633789062,0
2023-07-12 00:00:00-04:00,110.61000061035156,110.61000061035156,110.61000061035156,110.61000061035156,0
2023-07-13 00:00:00-04:00,110.94999694824219,110.94999694824219,110.94999694824219,110.94999694824219,0
2023-07-14 00:00:00-04:00,112.37999725341797,112.37999725341797,112.37999725341797,112.37999725341797,0
2023-07-17 00:00:00-04:00,111.80999755859375,111.80999755859375,111.80999755859375,111.80999755859375,0
2023-07-18 00:00:00-04:00,112.16999816894531,112.16999816894531,112.16999816894531,112.16999816894531,0
2023-07-19 00:00:00-04:00,112.08000183105469,112.08000183105469,112.08000183105469,112.08000183105469,0
2023-07-20 00:00:00-04:00,112.43000030517578,112.43000030517578,112.43000030517578,112.43000030517578,0
2023-07-21 00:00:00-04:00,112.47000122070312,112.47000122070312,112.47000122070312,112.47000122070312,0
2023-07-24 00:00:00-04:00,112.51000213623047,112.51000213623047,112.51000213623047,112.51000213623047,0
2023-07-25 00:00:00-04:00,112.72000122070312,112.72000122070312,112.72000122070312,112.72000122070312,0
2023-07-26 00:00:00-04:00,112.88999938964844,112.88999938964844,112.88999938964844,112.88999938964844,0
2023-07-27 00:00:00-04:00,112.9000015258789,112.9000015258789,112.9000015258789,112.9000015258789,0
2023-07-28 00:00:00-04:00,112.69000244140625,112.69000244140625,112.69000244140625,112.69000244140625,0
2023-07-31 00:00:00-04:00,112.55999755859375,112.55999755859375,112.45999908447266,112.45999908447266,0
2023-08-01 00:00:00-04:00,108.31999969482422,108.31999969482422,108.31999969482422,108.31999969482422,0
2023-08-02 00:00:00-04:00,107.41000366210938,107.41000366210938,107.41000366210938,107.41000366210938,0
2023-08-03 00:00:00-04:00,104.26000213623047,104.26000213623047,104.26000213623047,104.26000213623047,0
2023-08-04 00:00:00-04:00,105.18000030517578,105.18000030517578,105.18000030517578,105.18000030517578,0
2023-08-07 00:00:00-04:00,104.7300033569336,104.7300033569336,104.7300033569336,104.7300033569336,0
2023-08-08 00:00:00-04:00,104.41000366210938,104.41000366210938,104.41000366210938,104.41000366210938,0
2023-08-09 00:00:00-04:00,104.69999694824219,104.69999694824219,104.69999694824219,104.69999694824219,0
2023-08-10 00:00:00-04:00,104.5999984741211,104.5999984741211,104.5999984741211,104.5999984741211,0
2023-08-11 00:00:00-04:00,105.37000274658203,105.37000274658203,105.37000274658203,105.37000274658203,0
2023-08-14 00:00:00-04:00,104.62999725341797,104.62999725341797,104.62999725341797,104.62999725341797,0
2023-08-15 00:00:00-04:00,104.80000305175781,104.80000305175781,104.80000305175781,104.80000305175781,0
2023-08-16 00:00:00-04:00,104.80999755859375,104.80999755859375,104.80999755859375,104.80999755859375,0
2023-08-17 00:00:00-04:00,105.63999938964844,105.63999938964844,105.63999938964844,105.63999938964844,0
2023-08-18 00:00:00-04:00,106.0999984741211,106.0999984741211,106.0999984741211,106.0999984741211,0
2023-08-21 00:00:00-04:00,106.4800033569336,106.4800033569336,106.4800033569336,106.4800033569336,0
2023-08-22 00:00:00-04:00,106.7699966430664,106.7699966430664,106.7699966430664,106.7699966430664,0
2023-08-23 00:00:00-04:00,107.47000122070312,107.47000122070312,107.47000122070312,107.47000122070312,0
2023-08-24 00:00:00-04:00,107.81999969482422,107.81999969482422,107.81999969482422,107.81999969482422,0
2023-08-25 00:00:00-04:00,108.20999908447266,108.20999908447266,108.20999908447266,108.20999908447266,0
2023-08-28 00:00:00-04:00,108.30999755859375,108.30999755859375,108.30999755859375,108.30999755859375,0
2023-08-29 00:00:00-04:00,108.6500015258789,108.6500015258789,108.6500015258789,108.6500015258789,0
2023-08-30 00:00:00-04:00,108.98999786376953,108.98999786376953,108.98999786376953,108.98999786376953,0
2023-08-31 00:00:00-04:00,109.4000015258789,109.4000015258789,109.4000015258789,109.4000015258789,0
2023-09-01 00:00:00-04:00,116.4000015258789,118.19000244140625,116.4000015258789,118.19000244140625,0
2023-09-05 00:00:00-04:00,117.12999725341797,117.12999725341797,117.12999725341797,117.12999725341797,0
2023-09-06 00:00:00-04:00,118.97000122070312,118.97000122070312,118.97000122070312,118.97000122070312,0
2023-09-07 00:00:00-04:00,117.4000015258789,117.4000015258789,117.4000015258789,117.4000015258789,0
2023-09-08 00:00:00-04:00,116.9000015258789,116.9000015258789,116.9000015258789,116.9000015258789,0
2023-09-11 00:00:00-04:00,119.31999969482422,119.31999969482422,118.2300033569336,118.2300033569336,0
2023-09-12 00:00:00-04:00,120.33000183105469,120.33000183105469,120.33000183105469,120.33000183105469,0
2023-09-13 00:00:00-04:00,120.52999877929688,120.52999877929688,120.52999877929688,120.52999877929688,0
2023-09-14 00:00:00-04:00,120.55999755859375,120.55999755859375,120.55999755859375,120.55999755859375,0
2023-09-15 00:00:00-04:00,121.29000091552734,121.29000091552734,121.29000091552734,121.29000091552734,0
2023-09-18 00:00:00-04:00,122.19999694824219,122.19999694824219,122.19999694824219,122.19999694824219,0
2023-09-19 00:00:00-04:00,122.16000366210938,122.16000366210938,122.16000366210938,122.16000366210938,0
2023-09-20 00:00:00-04:00,121.83000183105469,121.83000183105469,121.83000183105469,121.83000183105469,0
2023-09-21 00:00:00-04:00,121.69000244140625,121.69000244140625,121.69000244140625,121.69000244140625,0
2023-09-22 00:00:00-04:00,121.33000183105469,121.33000183105469,121.33000183105469,121.33000183105469,0
2023-09-25 00:00:00-04:00,121.18000030517578,121.18000030517578,121.18000030517578,121.18000030517578,0
2023-09-26 00:00:00-04:00,120.93000030517578,120.93000030517578,120.93000030517578,120.93000030517578,0
2023-09-27 00:00:00-04:00,120.83999633789062,120.83999633789062,120.83999633789062,120.83999633789062,0
2023-09-28 00:00:00-04:00,120.83999633789062,120.83999633789062,120.83999633789062,120.83999633789062,0
2023-09-29 00:00:00-04:00,120.79000091552734,120.79000091552734,120.79000091552734,120.79000091552734,0
2023-10-02 00:00:00-04:00,119.9000015258789,120.13999938964844,119.9000015258789,120.13999938964844,0
2023-10-03 00:00:00-04:00,119.8499984741211,119.8499984741211,118.44000244140625,118.44000244140625,0
2023-10-04 00:00:00-04:00,118.02999877929688,118.02999877929688,118.02999877929688,118.02999877929688,0
2023-10-05 00:00:00-04:00,117.41999816894531,117.41999816894531,117.41999816894531,117.41999816894531,0
2023-10-06 00:00:00-04:00,117.73999786376953,117.73999786376953,117.73999786376953,117.73999786376953,0
2023-10-09 00:00:00-04:00,118.18000030517578,118.18000030517578,118.18000030517578,118.18000030517578,0
2023-10-10 00:00:00-04:00,117.4000015258789,117.4000015258789,117.4000015258789,117.4000015258789,0
2023-10-11 00:00:00-04:00,118.30999755859375,118.30999755859375,118.30999755859375,118.30999755859375,0
2023-10-12 00:00:00-04:00,117.41999816894531,117.41999816894531,117.41999816894531,117.41999816894531,0
2023-10-13 00:00:00-04:00,118.56999969482422,118.56999969482422,118.56999969482422,118.56999969482422,0
2023-10-16 00:00:00-04:00,119.25,119.25,119.25,119.25,0
2023-10-17 00:00:00-04:00,119.30999755859375,119.30999755859375,119.30999755859375,119.30999755859375,0
2023-10-18 00:00:00-04:00,119.01000213623047,119.01000213623047,119.01000213623047,119.01000213623047,0
2023-10-19 00:00:00-04:00,119.04000091552734,119.04000091552734,119.04000091552734,119.04000091552734,0
2023-10-20 00:00:00-04:00,118.6500015258789,118.6500015258789,118.6500015258789,118.6500015258789,0
2023-10-23 00:00:00-04:00,118.44999694824219,118.44999694824219,118.44999694824219,118.44999694824219,0
2023-10-24 00:00:00-04:00,118.19000244140625,118.19000244140625,118.19000244140625,118.19000244140625,0
2023-10-25 00:00:00-04:00,118.4800033569336,118.4800033569336,118.4800033569336,118.4800033569336,0
2023-10-26 00:00:00-04:00,118.44999694824219,118.44999694824219,118.44999694824219,118.44999694824219,0
2023-10-27 00:00:00-04:00,118.55000305175781,118.55000305175781,118.55000305175781,118.55000305175781,0
2023-10-30 00:00:00-04:00,118.69999694824219,118.69999694824219,118.69999694824219,118.69999694824219,0
2023-10-31 00:00:00-04:00,118.91000366210938,118.91000366210938,118.91000366210938,118.91000366210938,0
2023-11-01 00:00:00-04:00,122.33000183105469,122.33000183105469,122.33000183105469,122.33000183105469,0
2023-11-02 00:00:00-04:00,125.56999969482422,125.56999969482422,125.56999969482422,125.56999969482422,0
2023-11-03 00:00:00-04:00,126.1500015258789,126.1500015258789,126.1500015258789,126.1500015258789,0
2023-11-06 00:00:00-05:00,126.62999725341797,126.62999725341797,126.62999725341797,126.62999725341797,0
2023-11-07 00:00:00-05:00,125.94999694824219,125.94999694824219,125.94999694824219,125.94999694824219,0
2023-11-08 00:00:00-05:00,127.26000213623047,127.26000213623047,127.26000213623047,127.26000213623047,0
2023-11-09 00:00:00-05:00,127.37999725341797,127.37999725341797,127.37999725341797,127.37999725341797,0
2023-11-10 00:00:00-05:00,128.07000732421875,128.07000732421875,128.07000732421875,128.07000732421875,0
2023-11-13 00:00:00-05:00,128.33999633789062,128.33999633789062,128.33999633789062,128.33999633789062,0
2023-11-14 00:00:00-05:00,128.77999877929688,128.77999877929688,128.77999877929688,128.77999877929688,0
2023-11-15 00:00:00-05:00,129.25,129.25,129.25,129.25,0
2023-11-16 00:00:00-05:00,129.4199981689453,129.4199981689453,129.4199981689453,129.4199981689453,0
2023-11-17 00:00:00-05:00,128.9499969482422,128.9499969482422,128.9499969482422,128.9499969482422,0
2023-11-20 00:00:00-05:00,129.30999755859375,129.30999755859375,129.30999755859375,129.30999755859375,0
2023-11-21 00:00:00-05:00,129.5500030517578,129.5500030517578,129.5500030517578,129.5500030517578,0
2023-11-22 00:00:00-05:00,129.83999633789062,129.83999633789062,129.83999633789062,129.83999633789062,0
2023-11-24 00:00:00-05:00,130.16000366210938,130.16000366210938,130.16000366210938,130.16000366210938,0
2023-11-27 00:00:00-05:00,130.4199981689453,130.4199981689453,130.4199981689453,130.4199981689453,0
2023-11-28 00:00:00-05:00,130.39999389648438,130.39999389648438,130.39999389648438,130.39999389648438,0
2023-11-29 00:00:00-05:00,130.3800048828125,130.3800048828125,130.3800048828125,130.3800048828125,0
2023-11-30 00:00:00-05:00,130.4600067138672,130.4600067138672,130.4600067138672,130.4600067138672,106
2023-12-01 00:00:00-05:00,130.4600067138672,130.4600067138672,130.4600067138672,130.4600067138672,0
2023-12-04 00:00:00-05:00,130.4600067138672,130.4600067138672,130.4600067138672,130.4600067138672,0
2023-12-05 00:00:00-05:00,130.77000427246094,130.77000427246094,130.77000427246094,130.77000427246094,0
2023-12-06 00:00:00-05:00,132.9199981689453,132.9199981689453,132.9199981689453,132.9199981689453,0
2023-12-07 00:00:00-05:00,134.39999389648438,134.39999389648438,134.39999389648438,134.39999389648438,0
2023-12-08 00:00:00-05:00,135.4499969482422,135.4499969482422,135.4499969482422,135.4499969482422,0
2023-12-11 00:00:00-05:00,135.16000366210938,135.16000366210938,135.16000366210938,135.16000366210938,0
2023-12-12 00:00:00-05:00,135.66000366210938,135.66000366210938,135.66000366210938,135.66000366210938,0
2023-12-13 00:00:00-05:00,135.02999877929688,135.02999877929688,135.02999877929688,135.02999877929688,0
2023-12-14 00:00:00-05:00,135.22000122070312,135.22000122070312,135.22000122070312,135.22000122070312,0
2023-12-15 00:00:00-05:00,135.0800018310547,135.0800018310547,135.0800018310547,135.0800018310547,0
2023-12-18 00:00:00-05:00,134.61000061035156,134.61000061035156,134.61000061035156,134.61000061035156,0
2023-12-19 00:00:00-05:00,134.64999389648438,134.64999389648438,134.64999389648438,134.64999389648438,0
2023-12-20 00:00:00-05:00,134.85000610351562,134.85000610351562,134.85000610351562,134.85000610351562,0
2023-12-21 00:00:00-05:00,135.30999755859375,135.30999755859375,135.30999755859375,135.30999755859375,0
2023-12-22 00:00:00-05:00,135.52000427246094,135.52000427246094,135.52000427246094,135.52000427246094,0
2023-12-26 00:00:00-05:00,135.75,135.75,135.75,135.75,0
2023-12-27 00:00:00-05:00,136.07000732421875,136.07000732421875,136.07000732421875,136.07000732421875,0
2023-12-28 00:00:00-05:00,136.16000366210938,136.16000366210938,136.16000366210938,136.16000366210938,0
2023-12-29 00:00:00-05:00,136.3699951171875,136.3699951171875,136.3699951171875,136.3699951171875,0
2024-01-02 00:00:00-05:00,136.3699951171875,136.3699951171875,136.3699951171875,136.3699951171875,0
2024-01-03 00:00:00-05:00,144.16000366210938,144.16000366210938,144.16000366210938,144.16000366210938,0
2024-01-04 00:00:00-05:00,142.9499969482422,142.9499969482422,142.9499969482422,142.9499969482422,0
2024-01-05 00:00:00-05:00,141.4499969482422,141.4499969482422,141.4499969482422,141.4499969482422,0
2024-01-08 00:00:00-05:00,140.8699951171875,140.8699951171875,140.8699951171875,140.8699951171875,0
2024-01-09 00:00:00-05:00,140.52000427246094,140.52000427246094,140.52000427246094,140.52000427246094,0
2024-01-10 00:00:00-05:00,138.16000366210938,138.16000366210938,138.16000366210938,138.16000366210938,0
2024-01-11 00:00:00-05:00,138.85000610351562,138.85000610351562,138.85000610351562,138.85000610351562,0
2024-01-12 00:00:00-05:00,137.22000122070312,137.22000122070312,137.22000122070312,137.22000122070312,0
2024-01-16 00:00:00-05:00,136.75,136.75,136.75,136.75,0
2024-01-17 00:00:00-05:00,135.7899932861328,135.7899932861328,135.7899932861328,135.7899932861328,0
2024-01-18 00:00:00-05:00,136.0800018310547,136.0800018310547,136.0800018310547,136.0800018310547,0
2024-01-19 00:00:00-05:00,135.8800048828125,135.8800048828125,135.8800048828125,135.8800048828125,0
2024-01-22 00:00:00-05:00,135.4199981689453,135.4199981689453,135.4199981689453,135.4199981689453,0
2024-01-23 00:00:00-05:00,135.47999572753906,135.47999572753906,135.47999572753906,135.47999572753906,0
2024-01-24 00:00:00-05:00,135.49000549316406,135.49000549316406,135.49000549316406,135.49000549316406,0
2024-01-25 00:00:00-05:00,135.5399932861328,135.5399932861328,135.5399932861328,135.5399932861328,0
2024-01-26 00:00:00-05:00,135.5500030517578,135.5500030517578,135.5500030517578,135.5500030517578,0
2024-01-29 00:00:00-05:00,135.5500030517578,135.5500030517578,135.5500030517578,135.5500030517578,0
2024-01-30 00:00:00-05:00,135.61000061035156,135.61000061035156,135.61000061035156,135.61000061035156,0
2024-01-31 00:00:00-05:00,135.4199981689453,135.4199981689453,135.1300048828125,135.1300048828125,0
2024-02-01 00:00:00-05:00,132.6699981689453,132.6699981689453,132.6699981689453,132.6699981689453,0
2024-02-02 00:00:00-05:00,128.6300048828125,128.6300048828125,128.6300048828125,128.6300048828125,0
2024-02-05 00:00:00-05:00,128.94000244140625,128.94000244140625,128.94000244140625,128.94000244140625,0
2024-02-06 00:00:00-05:00,127.38999938964844,127.38999938964844,127.38999938964844,127.38999938964844,0
2024-02-07 00:00:00-05:00,127.02999877929688,127.02999877929688,127.02999877929688,127.02999877929688,0
2024-02-08 00:00:00-05:00,129.07000732421875,129.07000732421875,129.07000732421875,129.07000732421875,0
2024-02-09 00:00:00-05:00,128.75,128.75,128.75,128.75,0
2024-02-12 00:00:00-05:00,128.8699951171875,128.8699951171875,128.8699951171875,128.8699951171875,0
2024-02-13 00:00:00-05:00,129.02000427246094,129.02000427246094,129.02000427246094,129.02000427246094,0
2024-02-14 00:00:00-05:00,129.10000610351562,129.10000610351562,129.10000610351562,129.10000610351562,0
2024-02-15 00:00:00-05:00,129.1699981689453,129.1699981689453,129.1699981689453,129.1699981689453,0
2024-02-16 00:00:00-05:00,129.2899932861328,129.2899932861328,129.2899932861328,129.2899932861328,0
2024-02-20 00:00:00-05:00,127.91999816894531,127.91999816894531,127.91999816894531,127.91999816894531,0
2024-02-21 00:00:00-05:00,127.30000305175781,127.30000305175781,127.30000305175781,127.30000305175781,0
2024-02-22 00:00:00-05:00,127.81999969482422,127.81999969482422,127.81999969482422,127.81999969482422,0
2024-02-23 00:00:00-05:00,126.8499984741211,126.8499984741211,126.8499984741211,126.8499984741211,0
2024-02-26 00:00:00-05:00,126.11000061035156,126.11000061035156,126.11000061035156,126.11000061035156,0
2024-02-27 00:00:00-05:00,125.83999633789062,125.83999633789062,125.83999633789062,125.83999633789062,0
2024-02-28 00:00:00-05:00,125.36000061035156,125.36000061035156,125.36000061035156,125.36000061035156,0
2024-02-29 00:00:00-05:00,124.86000061035156,124.86000061035156,124.86000061035156,124.86000061035156,0
2024-03-01 00:00:00-05:00,113.88999938964844,113.88999938964844,113.88999938964844,113.88999938964844,0
2024-03-04 00:00:00-05:00,116.94000244140625,116.94000244140625,116.94000244140625,116.94000244140625,0
2024-03-05 00:00:00-05:00,116.20999908447266,116.20999908447266,116.20999908447266,116.20999908447266,0
2024-03-06 00:00:00-05:00,116.95999908447266,116.95999908447266,116.95999908447266,116.95999908447266,0
2024-03-07 00:00:00-05:00,117.95999908447266,117.95999908447266,117.95999908447266,117.95999908447266,0
2024-03-08 00:00:00-05:00,117.05000305175781,117.05000305175781,117.05000305175781,117.05000305175781,0
2024-03-11 00:00:00-04:00,113.0,113.0,113.0,113.0,0
2024-03-12 00:00:00-04:00,113.1500015258789,113.1500015258789,113.1500015258789,113.1500015258789,0
2024-03-13 00:00:00-04:00,111.7699966430664,111.7699966430664,111.7699966430664,111.7699966430664,0
2024-03-14 00:00:00-04:00,110.94000244140625,110.94000244140625,110.94000244140625,110.94000244140625,0
2024-03-15 00:00:00-04:00,109.61000061035156,109.61000061035156,109.61000061035156,109.61000061035156,0
2024-03-18 00:00:00-04:00,110.47000122070312,110.47000122070312,110.47000122070312,110.47000122070312,0
2024-03-19 00:00:00-04:00,110.70999908447266,110.70999908447266,110.70999908447266,110.70999908447266,0
2024-03-20 00:00:00-04:00,110.29000091552734,110.29000091552734,110.29000091552734,110.29000091552734,0
2024-03-21 00:00:00-04:00,110.94000244140625,110.94000244140625,110.94000244140625,110.94000244140625,0
2024-03-22 00:00:00-04:00,110.63999938964844,110.63999938964844,110.63999938964844,110.63999938964844,0
2024-03-25 00:00:00-04:00,110.66999816894531,110.66999816894531,110.66999816894531,110.66999816894531,0
2024-03-26 00:00:00-04:00,110.27999877929688,110.27999877929688,110.27999877929688,110.27999877929688,0
2024-03-27 00:00:00-04:00,109.83999633789062,109.83999633789062,109.83999633789062,109.83999633789062,0
2024-03-28 00:00:00-04:00,109.52999877929688,109.52999877929688,109.52999877929688,109.52999877929688,0
2024-04-01 00:00:00-04:00,102.33000183105469,102.33000183105469,102.33000183105469,102.33000183105469,0
2024-04-02 00:00:00-04:00,102.91000366210938,102.91000366210938,102.91000366210938,102.91000366210938,0
2024-04-03 00:00:00-04:00,100.41000366210938,100.41000366210938,100.41000366210938,100.41000366210938,0
2024-04-04 00:00:00-04:00,99.88999938964844,99.88999938964844,99.88999938964844,99.88999938964844,0
2024-04-05 00:00:00-04:00,99.97000122070312,99.97000122070312,99.97000122070312,99.97000122070312,0
2024-04-08 00:00:00-04:00,102.68000030517578,102.68000030517578,102.68000030517578,102.68000030517578,0
2024-04-09 00:00:00-04:00,104.33000183105469,104.33000183105469,104.33000183105469,104.33000183105469,0
2024-04-10 00:00:00-04:00,104.0199966430664,104.0199966430664,104.0199966430664,104.0199966430664,0
2024-04-11 00:00:00-04:00,104.70999908447266,104.70999908447266,104.70999908447266,104.70999908447266,0
2024-04-12 00:00:00-04:00,106.05000305175781,106.05000305175781,106.05000305175781,106.05000305175781,0
2024-04-15 00:00:00-04:00,106.05000305175781,106.05000305175781,106.05000305175781,106.05000305175781,0
2024-04-16 00:00:00-04:00,106.06999969482422,106.06999969482422,106.06999969482422,106.06999969482422,0
2024-04-17 00:00:00-04:00,107.30000305175781,107.30000305175781,107.30000305175781,107.30000305175781,0
2024-04-18 00:00:00-04:00,107.94999694824219,107.94999694824219,107.94999694824219,107.94999694824219,0
2024-04-19 00:00:00-04:00,108.25,108.25,108.25,108.25,0
2024-04-22 00:00:00-04:00,108.62000274658203,108.62000274658203,108.62000274658203,108.62000274658203,0
2024-04-23 00:00:00-04:00,108.76000213623047,108.76000213623047,108.76000213623047,108.76000213623047,0
2024-04-24 00:00:00-04:00,109.2300033569336,109.2300033569336,109.2300033569336,109.2300033569336,0
2024-04-25 00:00:00-04:00,109.68000030517578,109.68000030517578,109.68000030517578,109.68000030517578,0
2024-04-26 00:00:00-04:00,110.16000366210938,110.16000366210938,110.16000366210938,110.16000366210938,0
2024-04-29 00:00:00-04:00,110.54000091552734,110.54000091552734,110.54000091552734,110.54000091552734,0
2024-04-30 00:00:00-04:00,110.91000366210938,110.91000366210938,110.91000366210938,110.91000366210938,0
2024-05-01 00:00:00-04:00,117.20999908447266,117.20999908447266,117.20999908447266,117.20999908447266,0
2024-05-02 00:00:00-04:00,118.08000183105469,118.08000183105469,118.08000183105469,118.08000183105469,0
2024-05-03 00:00:00-04:00,118.02999877929688,118.02999877929688,118.02999877929688,118.02999877929688,0
2024-05-06 00:00:00-04:00,119.55999755859375,119.55999755859375,119.55999755859375,119.55999755859375,0
2024-05-07 00:00:00-04:00,118.69000244140625,118.69000244140625,118.69000244140625,118.69000244140625,0
2024-05-08 00:00:00-04:00,116.58999633789062,116.58999633789062,116.58999633789062,116.58999633789062,0
2024-05-09 00:00:00-04:00,116.95999908447266,116.95999908447266,116.95999908447266,116.95999908447266,0
2024-05-10 00:00:00-04:00,116.93000030517578,116.93000030517578,116.93000030517578,116.93000030517578,0
2024-05-13 00:00:00-04:00,117.30999755859375,117.30999755859375,117.30999755859375,117.30999755859375,0
2024-05-14 00:00:00-04:00,116.6500015258789,116.6500015258789,116.6500015258789,116.6500015258789,0
2024-05-15 00:00:00-04:00,116.30000305175781,116.30000305175781,116.30000305175781,116.30000305175781,0
2024-05-16 00:00:00-04:00,116.8499984741211,116.8499984741211,116.8499984741211,116.8499984741211,0
2024-05-17 00:00:00-04:00,117.0199966430664,117.0199966430664,117.0199966430664,117.0199966430664,0
2024-05-20 00:00:00-04:00,117.23999786376953,117.23999786376953,117.23999786376953,117.23999786376953,0
2024-05-21 00:00:00-04:00,117.56999969482422,117.56999969482422,117.56999969482422,117.56999969482422,0
2024-05-22 00:00:00-04:00,117.63999938964844,117.63999938964844,117.63999938964844,117.63999938964844,0
2024-05-23 00:00:00-04:00,117.52999877929688,117.52999877929688,117.52999877929688,117.52999877929688,0
2024-05-24 00:00:00-04:00,117.66000366210938,117.66000366210938,117.66000366210938,117.66000366210938,0
2024-05-28 00:00:00-04:00,117.68000030517578,117.68000030517578,117.68000030517578,117.68000030517578,0
2024-05-29 00:00:00-04:00,117.73999786376953,117.73999786376953,117.73999786376953,117.73999786376953,0
2024-05-30 00:00:00-04:00,117.62000274658203,117.62000274658203,117.62000274658203,117.62000274658203,0
2024-05-31 00:00:00-04:00,117.5199966430664,117.5199966430664,117.5199966430664,117.5199966430664,0
2024-06-03 00:00:00-04:00,110.0999984741211,110.0999984741211,110.0999984741211,110.0999984741211,0
2024-06-04 00:00:00-04:00,107.69000244140625,107.69000244140625,107.69000244140625,107.69000244140625,0
2024-06-05 00:00:00-04:00,107.0199966430664,107.0199966430664,107.0199966430664,107.0199966430664,0
2024-06-06 00:00:00-04:00,108.5,108.5,108.5,108.5,0
2024-06-07 00:00:00-04:00,108.4800033569336,108.4800033569336,108.4800033569336,108.4800033569336,0
2024-06-10 00:00:00-04:00,107.37999725341797,107.37999725341797,107.37999725341797,107.37999725341797,0
2024-06-11 00:00:00-04:00,106.2699966430664,106.2699966430664,106.2699966430664,106.2699966430664,0
2024-06-12 00:00:00-04:00,106.41999816894531,106.41999816894531,106.41999816894531,106.41999816894531,0
2024-06-13 00:00:00-04:00,107.12000274658203,107.12000274658203,107.12000274658203,107.12000274658203,0
2024-06-14 00:00:00-04:00,107.33000183105469,107.33000183105469,107.33000183105469,107.33000183105469,0
2024-06-17 00:00:00-04:00,107.05000305175781,107.05000305175781,107.05000305175781,107.05000305175781,0
2024-06-18 00:00:00-04:00,107.11000061035156,107.11000061035156,107.11000061035156,107.11000061035156,0
2024-06-20 00:00:00-04:00,107.1500015258789,107.1500015258789,107.1500015258789,107.1500015258789,0
2024-06-21 00:00:00-04:00,106.95999908447266,106.95999908447266,106.95999908447266,106.95999908447266,0
2024-06-24 00:00:00-04:00,106.55000305175781,106.55000305175781,106.55000305175781,106.55000305175781,0
2024-06-25 00:00:00-04:00,106.45999908447266,106.45999908447266,106.45999908447266,106.45999908447266,0
2024-06-26 00:00:00-04:00,106.55999755859375,106.55999755859375,106.55999755859375,106.55999755859375,0
2024-06-27 00:00:00-04:00,106.51000213623047,106.51000213623047,106.51000213623047,106.51000213623047,0
2024-06-28 00:00:00-04:00,106.51000213623047,106.51000213623047,106.51000213623047,106.51000213623047,0
2024-07-01 00:00:00-04:00,106.55000305175781,108.0,106.55000305175781,108.0,0
2024-07-02 00:00:00-04:00,110.31999969482422,110.31999969482422,110.31999969482422,110.31999969482422,0
2024-07-03 00:00:00-04:00,113.05999755859375,113.05999755859375,113.05999755859375,113.05999755859375,0
2024-07-05 00:00:00-04:00,111.30999755859375,111.30999755859375,111.30999755859375,111.30999755859375,0
2024-07-08 00:00:00-04:00,110.0199966430664,110.0199966430664,110.0199966430664,110.0199966430664,0
2024-07-09 00:00:00-04:00,110.51000213623047,110.51000213623047,110.51000213623047,110.51000213623047,0
2024-07-10 00:00:00-04:00,108.73999786376953,108.73999786376953,108.73999786376953,108.73999786376953,0
2024-07-11 00:00:00-04:00,109.58000183105469,109.58000183105469,109.58000183105469,109.58000183105469,0
2024-07-12 00:00:00-04:00,109.58000183105469,109.58000183105469,109.58000183105469,109.58000183105469,0
2024-07-15 00:00:00-04:00,109.66999816894531,109.66999816894531,109.66999816894531,109.66999816894531,0
2024-07-16 00:00:00-04:00,109.38999938964844,109.38999938964844,109.38999938964844,109.38999938964844,0
2024-07-17 00:00:00-04:00,108.94000244140625,108.94000244140625,108.94000244140625,108.94000244140625,0
2024-07-18 00:00:00-04:00,108.7300033569336,108.7300033569336,108.7300033569336,108.7300033569336,0
2024-07-19 00:00:00-04:00,108.44999694824219,108.44999694824219,108.44999694824219,108.44999694824219,0
2024-07-22 00:00:00-04:00,108.16000366210938,108.16000366210938,108.16000366210938,108.16000366210938,0
2024-07-23 00:00:00-04:00,107.79000091552734,107.79000091552734,107.79000091552734,107.79000091552734,0
2024-07-24 00:00:00-04:00,107.47000122070312,107.47000122070312,107.47000122070312,107.47000122070312,0
2024-07-25 00:00:00-04:00,107.13999938964844,107.13999938964844,107.13999938964844,107.13999938964844,0
2024-07-26 00:00:00-04:00,106.86000061035156,106.86000061035156,106.86000061035156,106.86000061035156,0
2024-07-29 00:00:00-04:00,106.58999633789062,106.58999633789062,106.58999633789062,106.58999633789062,0
2024-07-30 00:00:00-04:00,106.25,106.25,106.25,106.25,0
2024-07-31 00:00:00-04:00,105.94000244140625,105.94000244140625,105.94000244140625,105.94000244140625,0
2024-08-01 00:00:00-04:00,102.83000183105469,102.83000183105469,102.83000183105469,102.83000183105469,0
2024-08-02 00:00:00-04:00,104.0,104.0,104.0,104.0,0
2024-08-05 00:00:00-04:00,104.18000030517578,104.18000030517578,104.18000030517578,104.18000030517578,0
2024-08-06 00:00:00-04:00,102.86000061035156,102.86000061035156,102.86000061035156,102.86000061035156,0
2024-08-07 00:00:00-04:00,101.70999908447266,101.70999908447266,101.70999908447266,101.70999908447266,0
2024-08-08 00:00:00-04:00,100.75,100.75,100.75,100.75,0
2024-08-09 00:00:00-04:00,101.26000213623047,101.26000213623047,101.26000213623047,101.26000213623047,0
2024-08-12 00:00:00-04:00,100.66999816894531,100.66999816894531,100.66999816894531,100.66999816894531,0
2024-08-13 00:00:00-04:00,100.44000244140625,100.44000244140625,100.44000244140625,100.44000244140625,0
2024-08-14 00:00:00-04:00,99.19999694824219,99.19999694824219,99.19999694824219,99.19999694824219,0
2024-08-15 00:00:00-04:00,98.55000305175781,98.55000305175781,98.55000305175781,98.55000305175781,0
2024-08-16 00:00:00-04:00,97.80999755859375,97.80999755859375,97.80999755859375,97.80999755859375,0
2024-08-19 00:00:00-04:00,98.0999984741211,98.0999984741211,98.0999984741211,98.0999984741211,0
2024-08-20 00:00:00-04:00,97.98999786376953,97.98999786376953,97.98999786376953,97.98999786376953,0
2024-08-21 00:00:00-04:00,98.37999725341797,98.37999725341797,98.37999725341797,98.37999725341797,0
2024-08-22 00:00:00-04:00,98.19000244140625,98.19000244140625,98.19000244140625,98.19000244140625,0
2024-08-23 00:00:00-04:00,98.05000305175781,98.05000305175781,98.05000305175781,98.05000305175781,0
2024-08-26 00:00:00-04:00,98.30000305175781,98.30000305175781,98.30000305175781,98.30000305175781,0
2024-08-27 00:00:00-04:00,98.44999694824219,98.44999694824219,98.44999694824219,98.44999694824219,0
2024-08-28 00:00:00-04:00,98.51000213623047,98.51000213623047,98.51000213623047,98.51000213623047,0
2024-08-29 00:00:00-04:00,98.62999725341797,98.62999725341797,98.62999725341797,98.62999725341797,0
2024-08-30 00:00:00-04:00,98.69999694824219,98.69999694824219,98.69999694824219,98.69999694824219,0
2024-09-03 00:00:00-04:00,100.55000305175781,100.55000305175781,100.55000305175781,100.55000305175781,0
2024-09-04 00:00:00-04:00,100.55000305175781,100.55000305175781,92.93000030517578,92.93000030517578,0
2024-09-05 00:00:00-04:00,91.30000305175781,91.30000305175781,91.30000305175781,91.30000305175781,0
2024-09-06 00:00:00-04:00,91.61000061035156,91.61000061035156,91.61000061035156,91.61000061035156,0
2024-09-09 00:00:00-04:00,91.76000213623047,91.76000213623047,91.76000213623047,91.76000213623047,0
2024-09-10 00:00:00-04:00,91.27999877929688,91.27999877929688,91.27999877929688,91.27999877929688,0
2024-09-11 00:00:00-04:00,92.30000305175781,92.30000305175781,92.30000305175781,92.30000305175781,0
2024-09-12 00:00:00-04:00,93.05999755859375,93.05999755859375,93.05999755859375,93.05999755859375,0
2024-09-13 00:00:00-04:00,92.26000213623047,92.26000213623047,92.26000213623047,92.26000213623047,0
2024-09-16 00:00:00-04:00,91.94000244140625,91.94000244140625,91.94000244140625,91.94000244140625,0
2024-09-17 00:00:00-04:00,91.9800033569336,91.9800033569336,91.9800033569336,91.9800033569336,0
2024-09-18 00:00:00-04:00,91.56999969482422,91.56999969482422,91.56999969482422,91.56999969482422,0
2024-09-19 00:00:00-04:00,92.02999877929688,92.02999877929688,92.02999877929688,92.02999877929688,0
2024-09-20 00:00:00-04:00,91.93000030517578,91.93000030517578,91.93000030517578,91.93000030517578,0
2024-09-23 00:00:00-04:00,91.5999984741211,91.5999984741211,91.5999984741211,91.5999984741211,0
2024-09-24 00:00:00-04:00,91.87999725341797,91.87999725341797,91.87999725341797,91.87999725341797,0
2024-09-25 00:00:00-04:00,92.25,92.25,92.25,92.25,0
2024-09-26 00:00:00-04:00,92.54000091552734,92.54000091552734,92.54000091552734,92.54000091552734,0
2024-09-27 00:00:00-04:00,92.9800033569336,92.9800033569336,92.9800033569336,92.9800033569336,0
2024-09-30 00:00:00-04:00,93.83000183105469,93.83000183105469,93.83000183105469,93.83000183105469,0
2024-10-01 00:00:00-04:00,108.73999786376953,108.73999786376953,108.73999786376953,108.73999786376953,0
2024-10-02 00:00:00-04:00,109.29000091552734,109.29000091552734,109.29000091552734,109.29000091552734,0
2024-10-03 00:00:00-04:00,108.30999755859375,108.30999755859375,108.30999755859375,108.30999755859375,0
2024-10-04 00:00:00-04:00,108.83999633789062,108.83999633789062,108.83999633789062,108.83999633789062,0
2024-10-07 00:00:00-04:00,112.38999938964844,112.38999938964844,112.38999938964844,112.38999938964844,0
2024-10-08 00:00:00-04:00,106.30000305175781,106.30000305175781,106.30000305175781,106.30000305175781,0
2024-10-09 00:00:00-04:00,106.52999877929688,106.52999877929688,106.52999877929688,106.52999877929688,0
2024-10-10 00:00:00-04:00,105.80999755859375,105.80999755859375,105.80999755859375,105.80999755859375,0
2024-10-11 00:00:00-04:00,106.79000091552734,106.79000091552734,106.44000244140625,106.44000244140625,0
2024-10-14 00:00:00-04:00,106.5,107.11000061035156,106.5,107.11000061035156,0
2024-10-15 00:00:00-04:00,106.62999725341797,106.62999725341797,106.62999725341797,106.62999725341797,0
2024-10-16 00:00:00-04:00,106.19999694824219,106.19999694824219,106.19999694824219,106.19999694824219,0
2024-10-17 00:00:00-04:00,105.36000061035156,105.36000061035156,105.36000061035156,105.36000061035156,0
2024-10-18 00:00:00-04:00,105.37000274658203,105.37000274658203,105.37000274658203,105.37000274658203,0
2024-10-21 00:00:00-04:00,105.2300033569336,105.2300033569336,105.2300033569336,105.2300033569336,0
2024-10-22 00:00:00-04:00,104.94000244140625,104.94000244140625,104.94000244140625,104.94000244140625,0
2024-10-23 00:00:00-04:00,104.62000274658203,104.62000274658203,104.62000274658203,104.62000274658203,0
2024-10-24 00:00:00-04:00,104.4000015258789,104.4000015258789,104.4000015258789,104.4000015258789,0
2024-10-25 00:00:00-04:00,104.2300033569336,104.2300033569336,104.2300033569336,104.2300033569336,0
2024-10-28 00:00:00-04:00,104.1500015258789,104.1500015258789,104.1500015258789,104.1500015258789,0
2024-10-29 00:00:00-04:00,104.12999725341797,104.12999725341797,104.08999633789062,104.08999633789062,0
2024-10-30 00:00:00-04:00,104.08000183105469,104.08000183105469,104.08000183105469,104.08000183105469,0
2024-10-31 00:00:00-04:00,104.08000183105469,104.08000183105469,104.08000183105469,104.08000183105469,0
2024-11-01 00:00:00-04:00,102.48999786376953,102.48999786376953,102.48999786376953,102.48999786376953,0
2024-11-04 00:00:00-05:00,103.91000366210938,103.91000366210938,103.91000366210938,103.91000366210938,0
2024-11-05 00:00:00-05:00,105.08999633789062,105.08999633789062,105.08999633789062,105.08999633789062,0
2024-11-06 00:00:00-05:00,104.01000213623047,104.01000213623047,104.01000213623047,104.01000213623047,0
2024-11-07 00:00:00-05:00,105.22000122070312,105.22000122070312,105.22000122070312,105.22000122070312,0
2024-11-08 00:00:00-05:00,103.81999969482422,103.81999969482422,103.81999969482422,103.81999969482422,0
2024-11-11 00:00:00-05:00,103.0999984741211,103.0999984741211,103.0999984741211,103.0999984741211,0
2024-11-12 00:00:00-05:00,102.95999908447266,102.95999908447266,102.95999908447266,102.95999908447266,0
2024-11-13 00:00:00-05:00,102.87999725341797,102.87999725341797,102.87999725341797,102.87999725341797,0
2024-11-14 00:00:00-05:00,102.22000122070312,102.22000122070312,102.22000122070312,102.22000122070312,0
2024-11-15 00:00:00-05:00,101.62999725341797,101.62999725341797,101.62999725341797,101.62999725341797,0
2024-11-18 00:00:00-05:00,101.76000213623047,101.76000213623047,101.76000213623047,101.76000213623047,0
2024-11-19 00:00:00-05:00,101.88999938964844,101.88999938964844,101.88999938964844,101.88999938964844,0
2024-11-20 00:00:00-05:00,101.94999694824219,101.94999694824219,101.94999694824219,101.94999694824219,0
2024-11-21 00:00:00-05:00,102.0199966430664,102.0199966430664,102.0199966430664,102.0199966430664,0
2024-11-22 00:00:00-05:00,101.94999694824219,101.94999694824219,101.94999694824219,101.94999694824219,0
2024-11-25 00:00:00-05:00,102.01000213623047,102.01000213623047,102.01000213623047,102.01000213623047,0
2024-11-26 00:00:00-05:00,102.05999755859375,102.05999755859375,102.05999755859375,102.05999755859375,0
2024-11-27 00:00:00-05:00,102.16999816894531,102.16999816894531,102.16999816894531,102.16999816894531,0
2024-11-29 00:00:00-05:00,102.44000244140625,102.44000244140625,102.44000244140625,102.44000244140625,0
2024-12-02 00:00:00-05:00,105.31999969482422,105.31999969482422,105.31999969482422,105.31999969482422,0
2024-12-03 00:00:00-05:00,106.08000183105469,106.08000183105469,106.08000183105469,106.08000183105469,0
2024-12-04 00:00:00-05:00,106.29000091552734,106.29000091552734,106.29000091552734,106.29000091552734,0
2024-12-05 00:00:00-05:00,106.29000091552734,106.29000091552734,106.29000091552734,106.29000091552734,0
2024-12-06 00:00:00-05:00,104.11000061035156,104.11000061035156,104.11000061035156,104.11000061035156,0
2024-12-09 00:00:00-05:00,106.33999633789062,106.33999633789062,106.33999633789062,106.33999633789062,0
2024-12-10 00:00:00-05:00,105.62999725341797,105.62999725341797,105.62999725341797,105.62999725341797,0
2024-12-11 00:00:00-05:00,105.5199966430664,105.5199966430664,105.5199966430664,105.5199966430664,0
2024-12-12 00:00:00-05:00,105.48999786376953,105.48999786376953,105.48999786376953,105.48999786376953,0
2024-12-13 00:00:00-05:00,105.30999755859375,105.30999755859375,105.30999755859375,105.30999755859375,0
2024-12-16 00:00:00-05:00,105.41000366210938,105.41000366210938,105.41000366210938,105.41000366210938,0
2024-12-17 00:00:00-05:00,105.58000183105469,105.58000183105469,105.58000183105469,105.58000183105469,0
2024-12-18 00:00:00-05:00,104.7300033569336,104.7300033569336,104.7300033569336,104.7300033569336,0
2024-12-19 00:00:00-05:00,104.08000183105469,104.08000183105469,104.08000183105469,104.08000183105469,0
2024-12-20 00:00:00-05:00,103.83999633789062,103.83999633789062,103.83999633789062,103.83999633789062,0
2024-12-23 00:00:00-05:00,104.08000183105469,104.08000183105469,103.83999633789062,103.83999633789062,0
2024-12-24 00:00:00-05:00,104.08000183105469,104.08000183105469,104.08000183105469,104.08000183105469,0
2024-12-26 00:00:00-05:00,104.08000183105469,104.08000183105469,104.08000183105469,104.08000183105469,0
2024-12-27 00:00:00-05:00,103.9000015258789,103.9000015258789,103.9000015258789,103.9000015258789,0
2024-12-30 00:00:00-05:00,103.77999877929688,103.77999877929688,103.77999877929688,103.77999877929688,0
2024-12-31 00:00:00-05:00,103.61000061035156,103.61000061035156,103.61000061035156,103.61000061035156,0
2025-01-02 00:00:00-05:00,100.61000061035156,100.61000061035156,100.61000061035156,100.61000061035156,0
2025-01-03 00:00:00-05:00,99.44000244140625,99.44000244140625,99.44000244140625,99.44000244140625,0
2025-01-06 00:00:00-05:00,99.44000244140625,99.44000244140625,99.44000244140625,99.44000244140625,0
2025-01-07 00:00:00-05:00,97.83999633789062,97.83999633789062,97.83999633789062,97.83999633789062,0
2025-01-08 00:00:00-05:00,97.73999786376953,97.73999786376953,97.73999786376953,97.73999786376953,0
2025-01-09 00:00:00-05:00,98.08999633789062,98.08999633789062,98.08999633789062,98.08999633789062,0
2025-01-10 00:00:00-05:00,98.08999633789062,98.08999633789062,98.08999633789062,98.08999633789062,0
2025-01-13 00:00:00-05:00,98.72000122070312,98.72000122070312,98.72000122070312,98.72000122070312,0
2025-01-14 00:00:00-05:00,99.98999786376953,99.98999786376953,99.98999786376953,99.98999786376953,0
2025-01-15 00:00:00-05:00,100.19999694824219,100.19999694824219,100.19999694824219,100.19999694824219,0
2025-01-16 00:00:00-05:00,100.19999694824219,100.48999786376953,100.19999694824219,100.48999786376953,0
2025-01-17 00:00:00-05:00,101.20999908447266,101.20999908447266,101.20999908447266,101.20999908447266,0
2025-01-21 00:00:00-05:00,101.20999908447266,101.20999908447266,101.20999908447266,101.20999908447266,0
2025-01-22 00:00:00-05:00,101.4000015258789,101.4000015258789,101.4000015258789,101.4000015258789,0
2025-01-23 00:00:00-05:00,101.33999633789062,101.33999633789062,101.33999633789062,101.33999633789062,0
2025-01-24 00:00:00-05:00,101.33999633789062,101.33999633789062,101.33999633789062,101.33999633789062,0
2025-01-27 00:00:00-05:00,101.33999633789062,101.33999633789062,101.33999633789062,101.33999633789062,0
2025-01-28 00:00:00-05:00,101.30000305175781,101.30000305175781,101.30000305175781,101.30000305175781,0
2025-01-29 00:00:00-05:00,101.33000183105469,101.33000183105469,101.33000183105469,101.33000183105469,0
2025-01-30 00:00:00-05:00,101.33000183105469,101.33000183105469,101.33000183105469,101.33000183105469,0
2025-01-31 00:00:00-05:00,101.58999633789062,101.58999633789062,101.58999633789062,101.58999633789062,0
2025-02-03 00:00:00-05:00,105.0199966430664,105.0199966430664,105.0199966430664,105.0199966430664,0
2025-02-04 00:00:00-05:00,105.4000015258789,105.4000015258789,105.4000015258789,105.4000015258789,0
2025-02-05 00:00:00-05:00,104.80999755859375,104.80999755859375,104.80999755859375,104.80999755859375,0
2025-02-06 00:00:00-05:00,106.2300033569336,106.2300033569336,106.2300033569336,106.2300033569336,0
2025-02-07 00:00:00-05:00,106.37000274658203,106.37000274658203,106.37000274658203,106.37000274658203,0
2025-02-10 00:00:00-05:00,106.97000122070312,106.97000122070312,106.97000122070312,106.97000122070312,0
2025-02-11 00:00:00-05:00,106.31999969482422,106.31999969482422,106.31999969482422,106.31999969482422,0
2025-02-12 00:00:00-05:00,107.26000213623047,107.26000213623047,107.26000213623047,107.26000213623047,0
2025-02-13 00:00:00-05:00,106.7699966430664,106.7699966430664,106.7699966430664,106.7699966430664,0
2025-02-14 00:00:00-05:00,106.83000183105469,106.83000183105469,106.83000183105469,106.83000183105469,0
2025-02-18 00:00:00-05:00,106.73999786376953,106.73999786376953,106.73999786376953,106.73999786376953,0
2025-02-19 00:00:00-05:00,106.76000213623047,106.76000213623047,106.76000213623047,106.76000213623047,0
2025-02-20 00:00:00-05:00,107.0,107.0,107.0,107.0,0
2025-02-21 00:00:00-05:00,107.12999725341797,107.12999725341797,107.12999725341797,107.12999725341797,0
2025-02-24 00:00:00-05:00,107.19000244140625,107.19000244140625,107.19000244140625,107.19000244140625,0
2025-02-25 00:00:00-05:00,107.16999816894531,107.16999816894531,107.16999816894531,107.16999816894531,0
2025-02-26 00:00:00-05:00,107.1500015258789,107.1500015258789,107.1500015258789,107.1500015258789,0
2025-02-27 00:00:00-05:00,107.06999969482422,107.06999969482422,107.06999969482422,107.06999969482422,0
2025-02-28 00:00:00-05:00,106.9000015258789,106.9000015258789,106.9000015258789,106.9000015258789,0
2025-03-03 00:00:00-05:00,100.80999755859375,100.80999755859375,100.80999755859375,100.80999755859375,0
2025-03-04 00:00:00-05:00,106.9000015258789,106.9000015258789,101.61000061035156,101.61000061035156,0
2025-03-05 00:00:00-05:00,100.72000122070312,100.72000122070312,100.72000122070312,100.72000122070312,0
2025-03-06 00:00:00-05:00,101.23999786376953,101.23999786376953,101.23999786376953,101.23999786376953,0
2025-03-07 00:00:00-05:00,101.29000091552734,101.29000091552734,101.29000091552734,101.29000091552734,0
2025-03-10 00:00:00-04:00,100.98999786376953,100.98999786376953,100.98999786376953,100.98999786376953,0
2025-03-11 00:00:00-04:00,101.05000305175781,101.05000305175781,101.05000305175781,101.05000305175781,0
2025-03-12 00:00:00-04:00,101.44000244140625,101.44000244140625,101.44000244140625,101.44000244140625,0
2025-03-13 00:00:00-04:00,102.16000366210938,102.16000366210938,102.16000366210938,102.16000366210938,0
2025-03-14 00:00:00-04:00,102.8499984741211,102.8499984741211,102.8499984741211,102.8499984741211,0
2025-03-17 00:00:00-04:00,102.31999969482422,102.31999969482422,102.31999969482422,102.31999969482422,0
2025-03-18 00:00:00-04:00,102.41999816894531,102.41999816894531,102.41999816894531,102.41999816894531,0
2025-03-19 00:00:00-04:00,102.11000061035156,102.11000061035156,102.11000061035156,102.11000061035156,0
2025-03-20 00:00:00-04:00,102.1500015258789,102.1500015258789,102.1500015258789,102.1500015258789,0
2025-03-21 00:00:00-04:00,102.0,102.0,102.0,102.0,0
2025-03-24 00:00:00-04:00,102.20999908447266,102.20999908447266,102.20999908447266,102.20999908447266,0
2025-03-25 00:00:00-04:00,102.18000030517578,102.18000030517578,102.18000030517578,102.18000030517578,0
2025-03-26 00:00:00-04:00,102.25,102.25,102.25,102.25,0
2025-03-27 00:00:00-04:00,102.36000061035156,102.36000061035156,102.36000061035156,102.36000061035156,0
2025-03-28 00:00:00-04:00,102.43000030517578,102.43000030517578,102.43000030517578,102.43000030517578,0
2025-03-31 00:00:00-04:00,102.51000213623047,102.51000213623047,102.51000213623047,102.51000213623047,0
2025-04-01 00:00:00-04:00,102.20999908447266,102.20999908447266,102.20999908447266,102.20999908447266,0
2025-04-02 00:00:00-04:00,104.25,104.25,104.25,104.25,0
2025-04-03 00:00:00-04:00,104.18000030517578,104.18000030517578,104.18000030517578,104.18000030517578,0
2025-04-04 00:00:00-04:00,102.63999938964844,102.63999938964844,102.63999938964844,102.63999938964844,0
2025-04-07 00:00:00-04:00,100.8499984741211,100.8499984741211,100.8499984741211,100.8499984741211,0
2025-04-08 00:00:00-04:00,99.25,99.25,99.25,99.25,0
2025-04-09 00:00:00-04:00,99.05000305175781,99.05000305175781,99.05000305175781,99.05000305175781,0
2025-04-10 00:00:00-04:00,99.88999938964844,99.88999938964844,99.88999938964844,99.88999938964844,0
2025-04-11 00:00:00-04:00,99.94999694824219,99.94999694824219,99.94999694824219,99.94999694824219,0
2025-04-14 00:00:00-04:00,100.08000183105469,100.08000183105469,100.08000183105469,100.08000183105469,0
2025-04-15 00:00:00-04:00,100.19000244140625,100.19000244140625,100.19000244140625,100.19000244140625,0
2025-04-16 00:00:00-04:00,100.08000183105469,100.08000183105469,100.08000183105469,100.08000183105469,0
2025-04-17 00:00:00-04:00,100.05000305175781,100.05000305175781,100.05000305175781,100.05000305175781,0
2025-04-21 00:00:00-04:00,99.91999816894531,99.91999816894531,99.91999816894531,99.91999816894531,0
2025-04-22 00:00:00-04:00,99.87999725341797,99.87999725341797,99.87999725341797,99.87999725341797,0
2025-04-23 00:00:00-04:00,100.08999633789062,100.08999633789062,100.08999633789062,100.08999633789062,0
2025-04-24 00:00:00-04:00,99.9800033569336,99.9800033569336,99.9800033569336,99.9800033569336,0
2025-04-25 00:00:00-04:00,99.91999816894531,99.91999816894531,99.91999816894531,99.91999816894531,0
2025-04-28 00:00:00-04:00,99.91000366210938,99.91000366210938,99.91000366210938,99.91000366210938,0
2025-04-29 00:00:00-04:00,99.86000061035156,99.86000061035156,99.86000061035156,99.86000061035156,0
2025-04-30 00:00:00-04:00,99.76000213623047,99.76000213623047,99.76000213623047,99.76000213623047,0
2025-05-01 00:00:00-04:00,99.25,99.25,99.25,99.25,0
2025-05-02 00:00:00-04:00,98.19000244140625,98.19000244140625,98.19000244140625,98.19000244140625,0
2025-05-05 00:00:00-04:00,97.41000366210938,97.41000366210938,97.41000366210938,97.41000366210938,0
2025-05-06 00:00:00-04:00,98.62999725341797,98.62999725341797,98.62999725341797,98.62999725341797,0
2025-05-07 00:00:00-04:00,99.33000183105469,99.33000183105469,99.33000183105469,99.33000183105469,0
2025-05-08 00:00:00-04:00,98.2300033569336,98.2300033569336,98.2300033569336,98.2300033569336,0
2025-05-09 00:00:00-04:00,98.55000305175781,98.55000305175781,98.55000305175781,98.55000305175781,0
2025-05-12 00:00:00-04:00,99.75,99.75,99.75,99.75,0
2025-05-13 00:00:00-04:00,99.51000213623047,99.51000213623047,99.51000213623047,99.51000213623047,0
2025-05-14 00:00:00-04:00,100.75,100.75,100.75,100.75,0
2025-05-15 00:00:00-04:00,100.41999816894531,100.41999816894531,100.41999816894531,100.41999816894531,0
2025-05-16 00:00:00-04:00,100.08000183105469,100.08000183105469,100.08000183105469,100.08000183105469,0
2025-05-19 00:00:00-04:00,100.0,100.0,100.0,100.0,0
2025-05-20 00:00:00-04:00,100.05000305175781,100.05000305175781,100.05000305175781,100.05000305175781,0
2025-05-21 00:00:00-04:00,100.05000305175781,100.05000305175781,100.05000305175781,100.05000305175781,0
2025-05-22 00:00:00-04:00,99.88999938964844,99.88999938964844,99.88999938964844,99.88999938964844,0
2025-05-23 00:00:00-04:00,99.80999755859375,99.80999755859375,99.80999755859375,99.80999755859375,0
2025-05-27 00:00:00-04:00,99.4800033569336,99.4800033569336,99.4800033569336,99.4800033569336,0
2025-05-28 00:00:00-04:00,99.38999938964844,99.38999938964844,99.38999938964844,99.38999938964844,0
2025-05-29 00:00:00-04:00,99.2699966430664,99.2699966430664,99.2699966430664,99.2699966430664,0
2025-05-30 00:00:00-04:00,99.12000274658203,99.12000274658203,99.12000274658203,99.12000274658203,0
2025-06-02 00:00:00-04:00,95.94999694824219,95.94999694824219,95.94999694824219,95.94999694824219,0
2025-06-03 00:00:00-04:00,95.30000305175781,95.30000305175781,95.30000305175781,95.30000305175781,0
2025-06-04 00:00:00-04:00,96.23999786376953,96.26000213623047,96.23999786376953,96.26000213623047,0
2025-06-05 00:00:00-04:00,95.69999694824219,95.69999694824219,95.69999694824219,95.69999694824219,0
2025-06-06 00:00:00-04:00,96.18000030517578,96.18000030517578,96.18000030517578,96.18000030517578,0
2025-06-09 00:00:00-04:00,95.62000274658203,95.62000274658203,95.62000274658203,95.62000274658203,0
2025-06-10 00:00:00-04:00,95.47000122070312,95.47000122070312,95.47000122070312,95.47000122070312,0
2025-06-11 00:00:00-04:00,95.77999877929688,95.77999877929688,95.77999877929688,95.77999877929688,0
2025-06-12 00:00:00-04:00,95.45999908447266,95.45999908447266,95.45999908447266,95.45999908447266,0
2025-06-13 00:00:00-04:00,95.37999725341797,95.37999725341797,95.37999725341797,95.37999725341797,0
2025-06-16 00:00:00-04:00,95.2300033569336,95.2300033569336,95.2300033569336,95.2300033569336,0
2025-06-17 00:00:00-04:00,94.86000061035156,94.86000061035156,94.86000061035156,94.86000061035156,0
2025-06-18 00:00:00-04:00,94.70999908447266,94.70999908447266,94.70999908447266,94.70999908447266,0
2025-06-20 00:00:00-04:00,94.7699966430664,94.7699966430664,94.7699966430664,94.7699966430664,0
2025-06-23 00:00:00-04:00,94.75,94.75,94.75,94.75,0
2025-06-24 00:00:00-04:00,94.62999725341797,94.62999725341797,94.62999725341797,94.62999725341797,0
2025-06-25 00:00:00-04:00,94.5199966430664,94.5199966430664,94.5199966430664,94.5199966430664,0
2025-06-26 00:00:00-04:00,94.4800033569336,94.4800033569336,94.4800033569336,94.4800033569336,0
2025-06-27 00:00:00-04:00,94.48999786376953,94.48999786376953,94.48999786376953,94.48999786376953,0
2025-06-30 00:00:00-04:00,94.47000122070312,94.47000122070312,94.47000122070312,94.47000122070312,0
2025-07-01 00:00:00-04:00,93.41000366210938,93.41000366210938,93.41000366210938,93.41000366210938,0
2025-07-02 00:00:00-04:00,95.12999725341797,95.12999725341797,95.12999725341797,95.12999725341797,0
2025-07-03 00:00:00-04:00,96.23999786376953,96.23999786376953,96.23999786376953,96.23999786376953,0
2025-07-07 00:00:00-04:00,95.22000122070312,95.22000122070312,95.22000122070312,95.22000122070312,0
2025-07-08 00:00:00-04:00,95.55000305175781,95.55000305175781,95.55000305175781,95.55000305175781,0
2025-07-09 00:00:00-04:00,95.31999969482422,95.31999969482422,95.31999969482422,95.31999969482422,0
2025-07-10 00:00:00-04:00,96.76000213623047,96.76000213623047,96.76000213623047,96.76000213623047,0
2025-07-11 00:00:00-04:00,96.70999908447266,96.70999908447266,96.70999908447266,96.70999908447266,0
2025-07-14 00:00:00-04:00,96.76000213623047,96.76000213623047,96.76000213623047,96.76000213623047,0
2025-07-15 00:00:00-04:00,96.5,96.5,96.5,96.5,0
2025-07-16 00:00:00-04:00,97.05999755859375,97.05999755859375,97.05999755859375,97.05999755859375,0
2025-07-17 00:00:00-04:00,97.18000030517578,97.18000030517578,97.18000030517578,97.18000030517578,0
2025-07-18 00:00:00-04:00,97.22000122070312,97.22000122070312,97.22000122070312,97.22000122070312,0
2025-07-21 00:00:00-04:00,97.83999633789062,97.83999633789062,97.83999633789062,97.83999633789062,0
2025-07-22 00:00:00-04:00,98.11000061035156,98.11000061035156,98.11000061035156,98.11000061035156,0
2025-07-23 00:00:00-04:00,98.2699966430664,98.2699966430664,98.2699966430664,98.2699966430664,0
2025-07-24 00:00:00-04:00,98.58000183105469,98.58000183105469,98.58000183105469,98.58000183105469,0
2025-07-25 00:00:00-04:00,98.55000305175781,98.55000305175781,98.55000305175781,98.55000305175781,0
2025-07-28 00:00:00-04:00,98.66999816894531,98.66999816894531,98.66999816894531,98.66999816894531,0
2025-07-29 00:00:00-04:00,98.9800033569336,98.9800033569336,98.9800033569336,98.9800033569336,0
2025-07-30 00:00:00-04:00,99.06999969482422,99.06999969482422,99.06999969482422,99.06999969482422,0
2025-07-31 00:00:00-04:00,99.12000274658203,99.12000274658203,99.12000274658203,99.12000274658203,0
2025-08-01 00:00:00-04:00,99.56999969482422,99.56999969482422,99.56999969482422,99.56999969482422,0
2025-08-04 00:00:00-04:00,100.7699966430664,100.7699966430664,100.7699966430664,100.7699966430664,0
2025-08-05 00:00:00-04:00,101.36000061035156,101.36000061035156,101.36000061035156,101.36000061035156,0
2025-08-06 00:00:00-04:00,100.91999816894531,100.91999816894531,100.91999816894531,100.91999816894531,0
2025-08-07 00:00:00-04:00,101.20999908447266,101.20999908447266,101.20999908447266,101.20999908447266,0
2025-08-08 00:00:00-04:00,101.22000122070312,101.22000122070312,101.22000122070312,101.22000122070312,0
2025-08-11 00:00:00-04:00,101.95999908447266,101.95999908447266,101.95999908447266,101.95999908447266,0
2025-08-12 00:00:00-04:00,102.41000366210938,102.41000366210938,102.41000366210938,102.41000366210938,0
2025-08-13 00:00:00-04:00,102.02999877929688,102.02999877929688,102.02999877929688,102.02999877929688,0
2025-08-14 00:00:00-04:00,101.83000183105469,101.83000183105469,101.83000183105469,101.83000183105469,0
2025-08-15 00:00:00-04:00,101.58999633789062,101.58999633789062,101.58999633789062,101.58999633789062,0
2025-08-18 00:00:00-04:00,101.7300033569336,101.7300033569336,101.62000274658203,101.62000274658203,0
2025-08-19 00:00:00-04:00,101.56999969482422,101.56999969482422,101.56999969482422,101.56999969482422,0
2025-08-20 00:00:00-04:00,101.5199966430664,101.5199966430664,101.5199966430664,101.5199966430664,0
2025-08-21 00:00:00-04:00,101.56999969482422,101.56999969482422,101.56999969482422,101.56999969482422,0
2025-08-22 00:00:00-04:00,101.41999816894531,101.41999816894531,101.41999816894531,101.41999816894531,0
2025-08-25 00:00:00-04:00,101.5999984741211,101.5999984741211,101.5999984741211,101.5999984741211,0
2025-08-26 00:00:00-04:00,101.52999877929688,101.52999877929688,101.52999877929688,101.52999877929688,0
2025-08-27 00:00:00-04:00,101.58999633789062,101.58999633789062,101.58999633789062,101.58999633789062,0
2025-08-28 00:00:00-04:00,101.70999908447266,101.70999908447266,101.70999908447266,101.70999908447266,0
2025-08-29 00:00:00-04:00,101.80999755859375,101.80999755859375,101.80999755859375,101.80999755859375,0
2025-09-02 00:00:00-04:00,102.52999877929688,102.52999877929688,102.52999877929688,102.52999877929688,0
2025-09-03 00:00:00-04:00,103.23999786376953,103.23999786376953,103.23999786376953,103.23999786376953,0
2025-09-04 00:00:00-04:00,104.52999877929688,104.52999877929688,104.52999877929688,104.52999877929688,0
2025-09-05 00:00:00-04:00,104.48999786376953,104.48999786376953,104.48999786376953,104.48999786376953,0
2025-09-08 00:00:00-04:00,104.93000030517578,104.93000030517578,104.93000030517578,104.93000030517578,0
2025-09-09 00:00:00-04:00,106.08000183105469,106.08000183105469,106.08000183105469,106.08000183105469,0
2025-09-10 00:00:00-04:00,105.80000305175781,105.80000305175781,105.80000305175781,105.80000305175781,0
2025-09-11 00:00:00-04:00,105.18000030517578,105.18000030517578,105.18000030517578,105.18000030517578,0
2025-09-12 00:00:00-04:00,105.43000030517578,105.43000030517578,105.43000030517578,105.43000030517578,0
2025-09-15 00:00:00-04:00,105.30999755859375,105.30999755859375,105.30999755859375,105.30999755859375,0
2025-09-16 00:00:00-04:00,105.41999816894531,105.41999816894531,105.41999816894531,105.41999816894531,0
2025-09-17 00:00:00-04:00,105.30000305175781,105.30000305175781,105.30000305175781,105.30000305175781,0
2025-09-18 00:00:00-04:00,105.23999786376953,105.23999786376953,105.23999786376953,105.23999786376953,0
2025-09-19 00:00:00-04:00,105.44000244140625,105.44000244140625,105.44000244140625,105.44000244140625,0
2025-09-22 00:00:00-04:00,105.48999786376953,105.48999786376953,105.48999786376953,105.48999786376953,0
2025-09-23 00:00:00-04:00,105.48999786376953,105.48999786376953,105.48999786376953,105.48999786376953,0
2025-09-24 00:00:00-04:00,105.54000091552734,105.54000091552734,105.54000091552734,105.54000091552734,0
2025-09-25 00:00:00-04:00,105.54000091552734,105.54000091552734,105.54000091552734,105.54000091552734,0
2025-09-26 00:00:00-04:00,105.44000244140625,105.44000244140625,105.44000244140625,105.44000244140625,0
2025-09-29 00:00:00-04:00,105.3499984741211,105.3499984741211,105.3499984741211,105.3499984741211,0
2025-09-30 00:00:00-04:00,105.29000091552734,105.29000091552734,105.29000091552734,105.29000091552734,0
2025-10-01 00:00:00-04:00,104.0199966430664,104.0199966430664,104.0199966430664,104.0199966430664,0
2025-10-02 00:00:00-04:00,104.0999984741211,104.0999984741211,104.0999984741211,104.0999984741211,0
2025-10-03 00:00:00-04:00,104.08000183105469,104.36000061035156,104.08000183105469,104.36000061035156,0
2025-10-06 00:00:00-04:00,104.4800033569336,104.4800033569336,104.4800033569336,104.4800033569336,0
2025-10-07 00:00:00-04:00,104.22000122070312,104.22000122070312,104.22000122070312,104.22000122070312,0
2025-10-08 00:00:00-04:00,104.29000091552734,104.29000091552734,104.29000091552734,104.29000091552734,0
2025-10-09 00:00:00-04:00,104.86000061035156,104.86000061035156,104.86000061035156,104.86000061035156,0
2025-10-10 00:00:00-04:00,105.73999786376953,105.73999786376953,105.73999786376953,105.73999786376953,0
2025-10-13 00:00:00-04:00,106.52999877929688,106.52999877929688,106.52999877929688,106.52999877929688,0
2025-10-14 00:00:00-04:00,105.25,105.25,105.25,105.25,0
2025-10-15 00:00:00-04:00,105.55000305175781,105.55000305175781,105.55000305175781,105.55000305175781,0
2025-10-16 00:00:00-04:00,105.55999755859375,105.55999755859375,105.55999755859375,105.55999755859375,0
2025-10-17 00:00:00-04:00,105.3499984741211,105.3499984741211,105.3499984741211,105.3499984741211,0
2025-10-20 00:00:00-04:00,105.5,105.5,105.5,105.5,0
2025-10-21 00:00:00-04:00,105.52999877929688,105.52999877929688,105.52999877929688,105.52999877929688,0
2025-10-22 00:00:00-04:00,105.55000305175781,105.55000305175781,105.55000305175781,105.55000305175781,0
2025-10-23 00:00:00-04:00,105.55000305175781,105.55000305175781,105.55000305175781,105.55000305175781,0
2025-10-24 00:00:00-04:00,105.41000366210938,105.41000366210938,105.41000366210938,105.41000366210938,0
2025-10-27 00:00:00-04:00,105.56999969482422,105.56999969482422,105.56999969482422,105.56999969482422,0
2025-10-28 00:00:00-04:00,105.55999755859375,105.55999755859375,105.55999755859375,105.55999755859375,0
2025-10-29 00:00:00-04:00,105.66000366210938,105.66000366210938,105.66000366210938,105.66000366210938,0
2025-10-30 00:00:00-04:00,105.7300033569336,105.7300033569336,105.7300033569336,105.7300033569336,0
2025-10-31 00:00:00-04:00,105.83000183105469,105.83000183105469,105.83000183105469,105.83000183105469,0
2025-11-03 00:00:00-05:00,105.83999633789062,105.83999633789062,105.83999633789062,105.83999633789062,0
2025-11-04 00:00:00-05:00,104.5199966430664,104.5199966430664,104.5199966430664,104.5199966430664,0
2025-11-05 00:00:00-05:00,104.7300033569336,104.7300033569336,104.7300033569336,104.7300033569336,0
2025-11-06 00:00:00-05:00,105.08000183105469,105.08000183105469,105.08000183105469,105.08000183105469,0
2025-11-07 00:00:00-05:00,103.33999633789062,103.33999633789062,103.33999633789062,103.33999633789062,0
2025-11-10 00:00:00-05:00,103.97000122070312,103.97000122070312,103.97000122070312,103.97000122070312,0
2025-11-11 00:00:00-05:00,103.55999755859375,103.55999755859375,103.55999755859375,103.55999755859375,0
2025-11-12 00:00:00-05:00,104.16999816894531,104.16999816894531,104.16999816894531,104.16999816894531,0
2025-11-13 00:00:00-05:00,104.05000305175781,104.05000305175781,104.05000305175781,104.05000305175781,0
2025-11-14 00:00:00-05:00,103.94999694824219,103.94999694824219,103.94999694824219,103.94999694824219,0
2025-11-17 00:00:00-05:00,104.41999816894531,104.41999816894531,104.41999816894531,104.41999816894531,0
2025-11-18 00:00:00-05:00,104.30999755859375,104.30999755859375,104.30999755859375,104.30999755859375,0
2025-11-19 00:00:00-05:00,104.26000213623047,104.26000213623047,104.26000213623047,104.26000213623047,0
2025-11-20 00:00:00-05:00,104.23999786376953,104.23999786376953,104.23999786376953,104.23999786376953,0
2025-11-21 00:00:00-05:00,104.26000213623047,104.26000213623047,104.26000213623047,104.26000213623047,0
2025-11-24 00:00:00-05:00,104.37999725341797,104.41999816894531,104.37999725341797,104.41999816894531,0
2025-11-25 00:00:00-05:00,104.51000213623047,104.51000213623047,104.51000213623047,104.51000213623047,0
2025-11-26 00:00:00-05:00,104.62999725341797,104.62999725341797,104.62999725341797,104.62999725341797,0
2025-11-28 00:00:00-05:00,104.83999633789062,104.83999633789062,104.83999633789062,104.83999633789062,0
2025-12-01 00:00:00-05:00,106.94000244140625,106.94000244140625,106.94000244140625,106.94000244140625,0
2025-12-02 00:00:00-05:00,107.3499984741211,107.3499984741211,107.3499984741211,107.3499984741211,0
2025-12-03 00:00:00-05:00,107.7699966430664,107.7699966430664,107.7699966430664,107.7699966430664,0
2025-12-04 00:00:00-05:00,107.87999725341797,107.87999725341797,107.87999725341797,107.87999725341797,0
2025-12-05 00:00:00-05:00,107.23999786376953,107.23999786376953,107.23999786376953,107.23999786376953,0
2025-12-08 00:00:00-05:00,106.41999816894531,106.41999816894531,106.41999816894531,106.41999816894531,0
2025-12-09 00:00:00-05:00,106.29000091552734,106.29000091552734,106.29000091552734,106.29000091552734,0
2025-12-10 00:00:00-05:00,106.66000366210938,106.66000366210938,106.66000366210938,106.66000366210938,0
2025-12-11 00:00:00-05:00,106.20999908447266,106.20999908447266,106.20999908447266,106.20999908447266,0
2025-12-12 00:00:00-05:00,106.05000305175781,106.05000305175781,106.05000305175781,106.05000305175781,0
2025-12-15 00:00:00-05:00,106.0999984741211,106.0999984741211,106.0999984741211,106.0999984741211,0
2025-12-16 00:00:00-05:00,106.36000061035156,106.36000061035156,106.36000061035156,106.36000061035156,0
2025-12-17 00:00:00-05:00,106.61000061035156,106.61000061035156,106.61000061035156,106.61000061035156,0
2025-12-18 00:00:00-05:00,106.9000015258789,106.9000015258789,106.9000015258789,106.9000015258789,0
2025-12-19 00:00:00-05:00,106.91999816894531,106.91999816894531,106.91999816894531,106.91999816894531,0
2025-12-22 00:00:00-05:00,106.94000244140625,106.94000244140625,106.94000244140625,106.94000244140625,0
2025-12-23 00:00:00-05:00,106.94999694824219,106.94999694824219,106.94999694824219,106.94999694824219,0
2025-12-24 00:00:00-05:00,106.94000244140625,106.94000244140625,106.94000244140625,106.94000244140625,0
2025-12-26 00:00:00-05:00,106.98999786376953,106.98999786376953,106.98999786376953,106.98999786376953,0
2025-12-29 00:00:00-05:00,107.08000183105469,107.08000183105469,107.08000183105469,107.08000183105469,0
2025-12-30 00:00:00-05:00,107.12999725341797,107.12999725341797,107.12999725341797,107.12999725341797,0
2025-12-31 00:00:00-05:00,107.12999725341797,107.12999725341797,107.12999725341797,107.12999725341797,0
2026-01-02 00:00:00-05:00,107.16999816894531,107.16999816894531,107.16999816894531,107.16999816894531,0
2026-01-05 00:00:00-05:00,106.30000305175781,106.30000305175781,106.12999725341797,106.12999725341797,0
2026-01-06 00:00:00-05:00,106.86000061035156,106.86000061035156,106.79000091552734,106.79000091552734,0
2026-01-07 00:00:00-05:00,108.4800033569336,108.4800033569336,108.4800033569336,108.4800033569336,0
2026-01-08 00:00:00-05:00,107.6500015258789,107.6500015258789,107.6500015258789,107.6500015258789,0
2026-01-09 00:00:00-05:00,108.02999877929688,108.02999877929688,108.02999877929688,108.02999877929688,0
2026-01-12 00:00:00-05:00,108.41000366210938,108.41000366210938,108.25,108.25,0
2026-01-13 00:00:00-05:00,107.9000015258789,107.9000015258789,107.9000015258789,107.9000015258789,0
2026-01-14 00:00:00-05:00,107.68000030517578,107.68000030517578,107.68000030517578,107.68000030517578,0
2026-01-15 00:00:00-05:00,107.38999938964844,107.38999938964844,107.38999938964844,107.38999938964844,0
2026-01-16 00:00:00-05:00,107.1500015258789,107.1500015258789,107.1500015258789,107.1500015258789,0
2026-01-20 00:00:00-05:00,106.54000091552734,106.54000091552734,106.54000091552734,106.54000091552734,0
2026-01-21 00:00:00-05:00,106.45999908447266,106.45999908447266,106.45999908447266,106.45999908447266,0
2026-01-22 00:00:00-05:00,106.41999816894531,106.41999816894531,106.41999816894531,106.41999816894531,0
2026-01-23 00:00:00-05:00,106.36000061035156,106.36000061035156,106.36000061035156,106.36000061035156,0
2026-01-26 00:00:00-05:00,106.1500015258789,106.1500015258789,106.1500015258789,106.1500015258789,0
2026-01-27 00:00:00-05:00,106.02999877929688,106.02999877929688,106.02999877929688,106.02999877929688,0
2026-01-28 00:00:00-05:00,105.8499984741211,105.8499984741211,105.8499984741211,105.8499984741211,0
2026-01-29 00:00:00-05:00,105.7699966430664,105.7699966430664,105.7699966430664,105.7699966430664,0
2026-01-30 00:00:00-05:00,105.62000274658203,105.62000274658203,105.62000274658203,105.62000274658203,0
2026-02-02 00:00:00-05:00,102.66000366210938,102.66000366210938,102.66000366210938,102.66000366210938,0
2026-02-03 00:00:00-05:00,102.16000366210938,102.16000366210938,102.16000366210938,102.16000366210938,0
2026-02-04 00:00:00-05:00,102.16999816894531,102.16999816894531,102.16999816894531,102.16999816894531,0
2026-02-05 00:00:00-05:00,101.02999877929688,101.02999877929688,101.02999877929688,101.02999877929688,0
2026-02-06 00:00:00-05:00,100.11000061035156,100.11000061035156,100.11000061035156,100.11000061035156,0
2026-02-09 00:00:00-05:00,100.62999725341797,100.62999725341797,100.62999725341797,100.62999725341797,0
2026-02-10 00:00:00-05:00,100.83999633789062,100.83999633789062,100.83999633789062,100.83999633789062,0
2026-02-11 00:00:00-05:00,100.58999633789062,100.58999633789062,100.58999633789062,100.58999633789062,0
2026-02-12 00:00:00-05:00,100.37000274658203,100.37000274658203,100.37000274658203,100.37000274658203,0
2026-02-13 00:00:00-05:00,99.66000366210938,99.66000366210938,99.66000366210938,99.66000366210938,0
2026-02-17 00:00:00-05:00,99.73999786376953,99.73999786376953,99.73999786376953,99.73999786376953,0
2026-02-18 00:00:00-05:00,99.73999786376953,99.73999786376953,99.73999786376953,99.73999786376953,0
2026-02-19 00:00:00-05:00,99.61000061035156,99.61000061035156,99.61000061035156,99.61000061035156,0
2026-02-20 00:00:00-05:00,99.33000183105469,99.33000183105469,99.33000183105469,99.33000183105469,0
2026-02-23 00:00:00-05:00,99.2699966430664,99.2699966430664,99.2699966430664,99.2699966430664,0
2026-02-24 00:00:00-05:00,99.1500015258789,99.1500015258789,99.1500015258789,99.1500015258789,0
2026-02-25 00:00:00-05:00,99.06999969482422,99.06999969482422,99.06999969482422,99.06999969482422,0
2026-02-26 00:00:00-05:00,99.02999877929688,99.02999877929688,99.02999877929688,99.02999877929688,0
2026-02-27 00:00:00-05:00,99.05999755859375,99.05999755859375,99.05999755859375,99.05999755859375,0
2026-03-02 00:00:00-05:00,99.80999755859375,99.80999755859375,99.80999755859375,99.80999755859375,0
2026-03-03 00:00:00-05:00,99.56999969482422,99.56999969482422,99.56999969482422,99.56999969482422,0
2026-03-04 00:00:00-05:00,100.05999755859375,100.05999755859375,100.05999755859375,100.05999755859375,0
2026-03-05 00:00:00-05:00,100.88999938964844,100.88999938964844,100.88999938964844,100.88999938964844,0
2026-03-06 00:00:00-05:00,101.91000366210938,101.91000366210938,101.91000366210938,101.91000366210938,0
2026-03-09 00:00:00-04:00,102.9000015258789,102.9000015258789,102.9000015258789,102.9000015258789,0
2026-03-10 00:00:00-04:00,103.22000122070312,103.22000122070312,103.22000122070312,103.22000122070312,0
2026-03-11 00:00:00-04:00,103.52999877929688,103.52999877929688,103.52999877929688,103.52999877929688,0
2026-03-12 00:00:00-04:00,104.72000122070312,104.72000122070312,104.72000122070312,104.72000122070312,0
2026-03-13 00:00:00-04:00,105.13999938964844,105.13999938964844,105.13999938964844,105.13999938964844,0
2026-03-16 00:00:00-04:00,105.33999633789062,105.33999633789062,105.33999633789062,105.33999633789062,0
2026-03-17 00:00:00-04:00,105.7699966430664,105.7699966430664,105.7699966430664,105.7699966430664,0
2026-03-18 00:00:00-04:00,105.54000091552734,105.54000091552734,105.54000091552734,105.54000091552734,0
2026-03-19 00:00:00-04:00,105.63999938964844,105.63999938964844,105.63999938964844,105.63999938964844,0
2026-03-20 00:00:00-04:00,105.88999938964844,105.88999938964844,105.88999938964844,105.88999938964844,0
2026-03-23 00:00:00-04:00,106.0,106.0,106.0,106.0,0
2026-03-24 00:00:00-04:00,106.0999984741211,106.0999984741211,106.0999984741211,106.0999984741211,0
2026-03-25 00:00:00-04:00,106.0199966430664,106.0199966430664,106.0199966430664,106.0199966430664,0
2026-03-26 00:00:00-04:00,106.13999938964844,106.13999938964844,106.13999938964844,106.13999938964844,0
2026-03-27 00:00:00-04:00,106.22000122070312,106.22000122070312,106.22000122070312,106.22000122070312,0
2026-03-30 00:00:00-04:00,106.31999969482422,106.31999969482422,106.31999969482422,106.31999969482422,0
2026-03-31 00:00:00-04:00,106.37999725341797,106.37999725341797,106.37999725341797,106.37999725341797,0
2026-04-01 00:00:00-04:00,107.51000213623047,107.51000213623047,107.51000213623047,107.51000213623047,0
2026-04-02 00:00:00-04:00,107.44999694824219,107.44999694824219,107.44999694824219,107.44999694824219,0
2026-04-06 00:00:00-04:00,107.97000122070312,107.97000122070312,107.97000122070312,107.97000122070312,0
2026-04-07 00:00:00-04:00,108.31999969482422,108.31999969482422,108.31999969482422,108.31999969482422,0
2026-04-08 00:00:00-04:00,107.83000183105469,107.83000183105469,107.83000183105469,107.83000183105469,0
2026-04-09 00:00:00-04:00,106.2699966430664,106.2699966430664,106.2699966430664,106.2699966430664,0
2026-04-10 00:00:00-04:00,106.62999725341797,106.62999725341797,106.62999725341797,106.62999725341797,0
2026-04-13 00:00:00-04:00,107.05000305175781,107.05000305175781,107.05000305175781,107.05000305175781,0
2026-04-14 00:00:00-04:00,106.37999725341797,106.37999725341797,106.37999725341797,106.37999725341797,0
2026-04-15 00:00:00-04:00,106.75,106.75,106.75,106.75,0
2026-04-16 00:00:00-04:00,107.11000061035156,107.11000061035156,107.11000061035156,107.11000061035156,0
2026-04-17 00:00:00-04:00,106.8499984741211,106.8499984741211,106.8499984741211,106.8499984741211,0
2026-04-20 00:00:00-04:00,107.08999633789062,107.08999633789062,107.08999633789062,107.08999633789062,0
2026-04-21 00:00:00-04:00,107.05000305175781,107.05000305175781,107.05000305175781,107.05000305175781,0
2026-04-22 00:00:00-04:00,107.11000061035156,107.11000061035156,107.11000061035156,107.11000061035156,0
2026-04-23 00:00:00-04:00,107.05999755859375,107.05999755859375,107.05999755859375,107.05999755859375,0
2026-04-24 00:00:00-04:00,107.0999984741211,107.0999984741211,107.0999984741211,107.0999984741211,0
2026-04-27 00:00:00-04:00,107.12999725341797,107.12999725341797,107.12999725341797,107.12999725341797,0
2026-04-28 00:00:00-04:00,107.12000274658203,107.12000274658203,107.12000274658203,107.12000274658203,0
2026-04-29 00:00:00-04:00,107.1500015258789,107.1500015258789,107.1500015258789,107.1500015258789,0
2026-04-30 00:00:00-04:00,107.18000030517578,107.18000030517578,107.18000030517578,107.18000030517578,0
2026-05-01 00:00:00-04:00,107.86000061035156,107.86000061035156,107.86000061035156,107.86000061035156,0
2026-05-04 00:00:00-04:00,108.16999816894531,108.16999816894531,108.16999816894531,108.16999816894531,0
2026-05-05 00:00:00-04:00,108.58000183105469,108.58000183105469,108.58000183105469,108.58000183105469,0
2026-05-06 00:00:00-04:00,110.86000061035156,110.86000061035156,110.86000061035156,110.86000061035156,0
2026-05-07 00:00:00-04:00,110.94999694824219,110.94999694824219,110.94999694824219,110.94999694824219,0
2026-05-08 00:00:00-04:00,110.93000030517578,110.93000030517578,110.93000030517578,110.93000030517578,0
2026-05-11 00:00:00-04:00,111.41999816894531,111.41999816894531,111.41999816894531,111.41999816894531,0
2026-05-12 00:00:00-04:00,111.11000061035156,111.11000061035156,111.11000061035156,111.11000061035156,0
2026-05-13 00:00:00-04:00,111.27999877929688,111.27999877929688,111.27999877929688,111.27999877929688,0
2026-05-14 00:00:00-04:00,111.12000274658203,111.12000274658203,111.12000274658203,111.12000274658203,0
2026-05-15 00:00:00-04:00,110.7699966430664,110.7699966430664,110.7699966430664,110.7699966430664,0
2026-05-18 00:00:00-04:00,110.54000091552734,110.54000091552734,110.54000091552734,110.54000091552734,0
2026-05-19 00:00:00-04:00,110.33000183105469,110.33000183105469,110.33000183105469,110.33000183105469,0
2026-05-20 00:00:00-04:00,110.08999633789062,110.08999633789062,110.08999633789062,110.08999633789062,0
2026-05-21 00:00:00-04:00,109.79000091552734,109.79000091552734,109.79000091552734,109.79000091552734,0
2026-05-22 00:00:00-04:00,109.66999816894531,109.66999816894531,109.66999816894531,109.66999816894531,0
2026-05-26 00:00:00-04:00,109.26000213623047,109.26000213623047,109.26000213623047,109.26000213623047,0
2026-05-27 00:00:00-04:00,109.2699966430664,109.2699966430664,109.2699966430664,109.2699966430664,0
2026-05-28 00:00:00-04:00,109.04000091552734,109.04000091552734,109.04000091552734,109.04000091552734,0
2026-05-29 00:00:00-04:00,108.81999969482422,108.81999969482422,108.81999969482422,108.81999969482422,0
2026-06-01 00:00:00-04:00,105.02999877929688,105.02999877929688,105.02999877929688,105.02999877929688,0
2026-06-02 00:00:00-04:00,105.12999725341797,105.12999725341797,105.12999725341797,105.12999725341797,0
2026-06-03 00:00:00-04:00,103.70999908447266,103.70999908447266,103.70999908447266,103.70999908447266,0
2026-06-04 00:00:00-04:00,101.95999908447266,101.95999908447266,101.95999908447266,101.95999908447266,0
2026-06-05 00:00:00-04:00,102.0,102.0,102.0,102.0,0
2026-06-08 00:00:00-04:00,101.05000305175781,101.05000305175781,101.05000305175781,101.05000305175781,0
2026-06-09 00:00:00-04:00,101.37000274658203,101.37000274658203,101.37000274658203,101.37000274658203,0
2026-06-10 00:00:00-04:00,101.69999694824219,101.69999694824219,101.69999694824219,101.69999694824219,0
2026-06-11 00:00:00-04:00,101.5999984741211,101.5999984741211,101.5999984741211,101.5999984741211,0
2026-06-12 00:00:00-04:00,101.62000274658203,101.62000274658203,101.62000274658203,101.62000274658203,0
2026-06-15 00:00:00-04:00,101.94000244140625,101.94000244140625,101.94000244140625,101.94000244140625,0
2026-06-16 00:00:00-04:00,101.66000366210938,101.66000366210938,101.66000366210938,101.66000366210938,0
2026-06-17 00:00:00-04:00,101.27999877929688,101.27999877929688,101.27999877929688,101.27999877929688,0
2026-06-18 00:00:00-04:00,101.13999938964844,101.13999938964844,101.13999938964844,101.13999938964844,0
2026-06-22 00:00:00-04:00,100.77999877929688,100.77999877929688,100.77999877929688,100.77999877929688,0
2026-06-23 00:00:00-04:00,100.52999877929688,100.52999877929688,100.52999877929688,100.52999877929688,0
2026-06-24 00:00:00-04:00,100.5199966430664,100.5199966430664,100.5199966430664,100.5199966430664,0
2026-06-25 00:00:00-04:00,100.37000274658203,100.37000274658203,100.37000274658203,100.37000274658203,0
2026-06-26 00:00:00-04:00,100.33000183105469,100.33000183105469,100.33000183105469,100.33000183105469,0
2026-06-29 00:00:00-04:00,100.26000213623047,100.26000213623047,100.26000213623047,100.26000213623047,0
2026-06-30 00:00:00-04:00,100.19999694824219,100.19999694824219,100.19999694824219,100.19999694824219,0
2026-07-01 00:00:00-04:00,98.36000061035156,98.36000061035156,98.36000061035156,98.36000061035156,0
2026-07-02 00:00:00-04:00,98.25,98.25,98.25,98.25,0
2026-07-06 00:00:00-04:00,98.30000305175781,98.30000305175781,98.30000305175781,98.30000305175781,0
2026-07-07 00:00:00-04:00,98.0199966430664,98.0199966430664,98.0199966430664,98.0199966430664,0
2026-07-08 00:00:00-04:00,98.86000061035156,98.86000061035156,98.86000061035156,98.86000061035156,0
2026-07-09 00:00:00-04:00,98.56999969482422,98.56999969482422,98.56999969482422,98.56999969482422,0
2026-07-10 00:00:00-04:00,98.72000122070312,98.72000122070312,98.72000122070312,98.72000122070312,0
2026-07-13 00:00:00-04:00,98.30999755859375,98.30999755859375,98.30999755859375,98.30999755859375,0
2026-07-14 00:00:00-04:00,98.91999816894531,98.91999816894531,98.91999816894531,98.91999816894531,0
2026-07-15 00:00:00-04:00,98.87999725341797,98.87999725341797,98.87999725341797,98.87999725341797,0
2026-07-16 00:00:00-04:00,98.80999755859375,98.80999755859375,98.80999755859375,98.80999755859375,0
2026-07-17 00:00:00-04:00,98.87999725341797,98.87999725341797,98.87999725341797,98.87999725341797,0
2026-07-20 00:00:00-04:00,98.69999694824219,98.69999694824219,98.69999694824219,98.69999694824219,0
2026-07-21 00:00:00-04:00,98.6500015258789,98.6500015258789,98.6500015258789,98.6500015258789,0
2026-07-22 00:00:00-04:00,98.37999725341797,98.37999725341797,98.37999725341797,98.37999725341797,0
2026-07-23 00:00:00-04:00,98.47000122070312,98.47000122070312,98.47000122070312,98.47000122070312,0
2026-07-24 00:00:00-04:00,98.41999816894531,98.41999816894531,98.41999816894531,98.41999816894531,0
2026-07-27 00:00:00-04:00,98.3499984741211,98.3499984741211,98.3499984741211,98.3499984741211,0
2026-07-28 00:00:00-04:00,98.30000305175781,98.30000305175781,98.30000305175781,98.30000305175781,0
2026-07-29 00:00:00-04:00,98.2699966430664,98.2699966430664,98.2699966430664,98.2699966430664,0
2026-07-30 00:00:00-04:00,98.25,98.25,98.25,98.25,0
2026-07-31 00:00:00-04:00,98.0,98.0,98.0,98.0,0
2026-08-03 00:00:00-04:00,93.66000366210938,93.66000366210938,93.66000366210938,93.66000366210938,0
2026-08-04 00:00:00-04:00,93.69999694824219,93.69999694824219,93.69999694824219,93.69999694824219,0
2026-08-05 00:00:00-04:00,93.91000366210938,93.91000366210938,93.91000366210938,93.91000366210938,0
2026-08-06 00:00:00-04:00,95.27999877929688,95.27999877929688,95.27999877929688,95.27999877929688,0
2026-08-07 00:00:00-04:00,94.44999694824219,94.44999694824219,94.44999694824219,94.44999694824219,0
2026-08-10 00:00:00-04:00,94.55000305175781,94.55000305175781,94.55000305175781,94.55000305175781,0
2026-08-11 00:00:00-04:00,95.08000183105469,95.08000183105469,95.08000183105469,95.08000183105469,0
2026-08-12 00:00:00-04:00,95.08999633789062,95.08999633789062,95.08999633789062,95.08999633789062,0
2026-08-13 00:00:00-04:00,95.05000305175781,95.05000305175781,95.05000305175781,95.05000305175781,0
2026-08-14 00:00:00-04:00,95.16999816894531,95.16999816894531,95.16999816894531,95.16999816894531,0
2026-08-17 00:00:00-04:00,94.94999694824219,94.94999694824219,94.94999694824219,94.94999694824219,0
2026-08-18 00:00:00-04:00,95.27999877929688,95.27999877929688,95.27999877929688,95.27999877929688,0
2026-08-19 00:00:00-04:00,95.16999816894531,95.16999816894531,95.16999816894531,95.16999816894531,0
2026-08-20 00:00:00-04:00,95.16000366210938,95.16000366210938,95.16000366210938,95.16000366210938,0
2026-08-21 00:00:00-04:00,95.20999908447266,95.20999908447266,95.20999908447266,95.20999908447266,0
2026-08-24 00:00:00-04:00,95.33999633789062,95.33999633789062,95.33999633789062,95.33999633789062,0
2026-08-25 00:00:00-04:00,95.4000015258789,95.4000015258789,95.4000015258789,95.4000015258789,0
2026-08-26 00:00:00-04:00,95.58000183105469,95.58000183105469,95.58000183105469,95.58000183105469,0
2026-08-27 00:00:00-04:00,95.68000030517578,95.68000030517578,95.68000030517578,95.68000030517578,0
2026-08-28 00:00:00-04:00,95.83999633789062,95.83999633789062,95.83999633789062,95.83999633789062,0
2026-08-31 00:00:00-04:00,96.05000305175781,96.05000305175781,96.05000305175781,96.05000305175781,0
2026-09-01 00:00:00-04:00,99.33000183105469,99.33000183105469,99.33000183105469,99.33000183105469,0
2026-09-02 00:00:00-04:00,97.72000122070312,97.72000122070312,97.72000122070312,97.72000122070312,0
2026-09-03 00:00:00-04:00,99.41999816894531,99.41999816894531,99.41999816894531,99.41999816894531,0
2026-09-04 00:00:00-04:00,99.56999969482422,99.56999969482422,99.56999969482422,99.56999969482422,0
2026-09-08 00:00:00-04:00,100.0199966430664,100.0199966430664,100.0199966430664,100.0199966430664,0
2026-09-09 00:00:00-04:00,99.37000274658203,99.37000274658203,99.37000274658203,99.37000274658203,0
2026-09-10 00:00:00-04:00,98.68000030517578,98.68000030517578,98.68000030517578,98.68000030517578,0
2026-09-11 00:00:00-04:00,98.0199966430664,98.0199966430664,98.0199966430664,98.0199966430664,0
2026-09-14 00:00:00-04:00,97.55000305175781,97.55000305175781,97.55000305175781,97.55000305175781,0
2026-09-15 00:00:00-04:00,97.41000366210938,97.41000366210938,97.41000366210938,97.41000366210938,0
2026-09-16 00:00:00-04:00,97.41000366210938,97.41000366210938,97.41000366210938,97.41000366210938,0
2026-09-17 00:00:00-04:00,97.41999816894531,97.41999816894531,97.41999816894531,97.41999816894531,0
2026-09-18 00:00:00-04:00,97.56999969482422,97.56999969482422,97.56999969482422,97.56999969482422,0
2026-09-21 00:00:00-04:00,97.51000213623047,97.51000213623047,97.51000213623047,97.51000213623047,0
2026-09-22 00:00:00-04:00,97.31999969482422,97.31999969482422,97.31999969482422,97.31999969482422,0
