Date,Open,High,Low,Close,Volume
2021-09-23 00:00:00-04:00,286.8144515647207,288.7818804171432,285.54760475520084,287.495849609375,18604600
2021-09-24 00:00:00-04:00,286.2194826708354,287.72623226962907,284.9718196101101,287.29437255859375,14999000
2021-09-27 00:00:00-04:00,284.21366203503686,284.53035916304015,281.142522901756,282.322998046875,23571700
2021-09-28 00:00:00-04:00,278.12892262453175,279.0694657966121,271.36285777992146,272.1018371582031,43186200
2021-09-29 00:00:00-04:00,273.61826695321446,275.2209951886973,271.6124403531808,272.56256103515625,26353700
2021-09-30 00:00:00-04:00,274.20362889854306,276.2382457189751,270.27834846883263,270.5662841796875,32343600
2021-10-01 00:00:00-04:00,270.7582763645691,278.301748595393,269.96171554788884,277.4571838378906,30086300
2021-10-04 00:00:00-04:00,275.8256741827499,276.1615846612485,268.9636285015287,271.70843505859375,31350700
2021-10-05 00:00:00-04:00,272.6104927683687,278.70476619683035,272.6104927683687,277.1308288574219,24993000
2021-10-06 00:00:00-04:00,274.270845855537,281.80471044780717,274.0117300480355,281.3056335449219,28002600
2021-10-07 00:00:00-04:00,283.2922830435044,284.6935059183277,282.08304662293614,282.9755859375,20430500
2021-10-08 00:00:00-04:00,284.2904075857707,284.6935059183277,281.92948674808355,282.9755859375,17685700
2021-10-11 00:00:00-04:00,281.1232834858587,285.9698937714107,280.96011698698385,282.3805236816406,19298600
2021-10-12 00:00:00-04:00,283.44582055374815,283.541799129027,280.5762456707699,281.08489990234375,17974100
2021-10-13 00:00:00-04:00,283.0331881435553,285.30773721131357,281.6703624588803,284.3768005371094,23416300
2021-10-14 00:00:00-04:00,287.1599913093113,291.05648172385895,285.83556297646015,290.55743408203125,27262900
2021-10-15 00:00:00-04:00,290.16390256494424,292.1889420783388,288.4171921254101,291.9585876464844,25384800
2021-10-18 00:00:00-04:00,291.3444250695116,295.7975445356027,290.49986035476513,294.91461181640625,22729300
2021-10-19 00:00:00-04:00,295.93190452763184,296.8436278454899,294.8474080448137,295.8167419433594,17682100
2021-10-20 00:00:00-04:00,296.75728265313415,297.22756896603414,293.7821220408967,295.02978515625,16537100
2021-10-21 00:00:00-04:00,294.7994554629315,298.49438223529035,294.0220493838015,298.244873046875,16918100
2021-10-22 00:00:00-04:00,297.8993420062516,298.56155617287357,295.40404521926826,296.70928955078125,17449300
2021-10-25 00:00:00-04:00,296.90124058009036,296.939637875098,294.11803710740327,295.7207946777344,17554500
2021-10-26 00:00:00-04:00,298.4751122943795,299.8187243055198,296.1717732340612,297.6209411621094,28107300
2021-10-27 00:00:00-04:00,303.2738027325777,312.9670535510442,303.2738027325777,310.1550598144531,52588700
2021-10-28 00:00:00-04:00,311.2683843629812,311.786645375774,308.4179927254557,311.28759765625,26297900
2021-10-29 00:00:00-04:00,311.07636256657173,318.6294104720148,310.8556147805,318.26470947265625,34766000
2021-11-01 00:00:00-04:00,318.0152251584686,318.1399943940643,313.2261952874065,316.1053771972656,27073200
2021-11-02 00:00:00-04:00,317.0075812552724,320.02113959793417,316.7100680798578,319.7140197753906,26487100
2021-11-03 00:00:00-04:00,320.4529410895813,321.41266839400566,317.33382735020217,320.5489196777344,21500100
2021-11-04 00:00:00-04:00,319.48363531417436,322.98663410539643,316.2397523503642,322.8906555175781,23992200
2021-11-05 00:00:00-04:00,324.8773141787061,325.14603666479826,320.9520328371746,322.5259704589844,22570100
2021-11-08 00:00:00-05:00,323.71603120896236,324.0519416472353,320.97122498059144,323.41851806640625,20897000
2021-11-09 00:00:00-05:00,323.5336374688277,325.078813563159,321.0575540639552,322.4203796386719,21307400
2021-11-10 00:00:00-05:00,321.0959739152807,321.1535552109362,316.63324777065986,317.477783203125,25500900
2021-11-11 00:00:00-05:00,317.9096735712425,320.3281758647958,317.19948472941286,319.0421447753906,16849800
2021-11-12 00:00:00-05:00,320.47216845555636,323.6488636296379,320.34739921433277,323.1593933105469,23831000
2021-11-15 00:00:00-05:00,323.9463532471072,324.27265700662844,320.57770113283607,322.5355529785156,16723000
2021-11-16 00:00:00-05:00,322.161233873272,326.95029273164477,321.9980966435647,325.8370056152344,20886800
2021-11-17 00:00:00-05:00,325.8851065761686,329.0099268651389,324.9813100529108,326.05816650390625,19053400
2021-11-18 00:00:00-05:00,325.15429587394624,329.2598468353323,324.1351262978114,328.1252746582031,22463500
2021-11-19 00:00:00-05:00,329.44260130183307,331.8078416400719,329.01954636756113,329.89447021484375,21963400
2021-11-22 00:00:00-05:00,331.34626493417426,336.20177166262135,326.4715391090011,326.7407531738281,31031100
2021-11-23 00:00:00-05:00,324.06784497801704,326.3754277340728,320.7122785777508,324.673583984375,30427600
2021-11-24 00:00:00-05:00,323.3275227878649,325.13511563845185,321.04881262656716,324.8947448730469,21661300
2021-11-26 00:00:00-05:00,321.4718896050423,324.9139862915625,315.4818391564863,316.98175048828125,24217200
2021-11-29 00:00:00-05:00,322.03915370433015,325.9716160847785,321.84684534637535,323.6640625,28563500
2021-11-30 00:00:00-05:00,322.40448405275345,324.7697239982536,316.31828027928486,317.8566589355469,42885600
2021-12-01 00:00:00-05:00,322.2218403334276,326.2119893836903,316.7029366546509,317.3663330078125,33337600
2021-12-02 00:00:00-05:00,317.577871266218,320.64500484816296,315.17416340213174,316.799072265625,30766000
2021-12-03 00:00:00-05:00,319.2027012508651,319.88537524190724,305.78040807041685,310.568603515625,41779300
2021-12-06 00:00:00-05:00,311.47244701692887,314.83763770524575,306.9342458292847,313.62615966796875,30032600
2021-12-07 00:00:00-05:00,318.8662344123449,322.8659778487916,317.3855423848686,322.0198974609375,31021900
2021-12-08 00:00:00-05:00,322.394924443513,322.5776085960502,318.05862588929494,322.0680236816406,24761000
2021-12-09 00:00:00-05:00,321.5295600175577,323.5294319116375,319.3277555505204,320.27001953125,22214200
2021-12-10 00:00:00-05:00,322.0776255201496,329.7887095654795,321.894941380308,329.346435546875,38095700
2021-12-13 00:00:00-05:00,327.5580286364802,330.5482560904691,326.01964993405755,326.32733154296875,28899400
2021-12-14 00:00:00-05:00,320.38543259627,321.75075164875943,311.6263053995195,315.6933898925781,44438700
2021-12-15 00:00:00-05:00,315.9529787432078,322.2795546002779,312.0012968945024,321.7603454589844,35381100
2021-12-16 00:00:00-05:00,322.77946305235776,323.7890378493558,310.57824093079836,312.3858337402344,35034800
2021-12-17 00:00:00-05:00,308.52067208536005,312.4050716507524,305.0304840740271,311.32818603515625,47750300
2021-12-20 00:00:00-05:00,307.722635580741,310.3667139438823,305.3381764176737,307.5880432128906,28326500
2021-12-21 00:00:00-05:00,310.83793531898675,315.10692339538815,307.48233874598975,314.6838684082031,24740600
2021-12-22 00:00:00-05:00,315.65485969090975,320.7603321144237,313.203089758129,320.36614990234375,24831500
2021-12-23 00:00:00-05:00,319.93345726891704,323.43326935301656,319.91423817274443,321.7987365722656,19617800
2021-12-27 00:00:00-05:00,322.539101111183,329.28873101360773,322.51025779288784,329.2598876953125,19947000
2021-12-28 00:00:00-05:00,329.93289096293216,330.5674732743384,327.21190693909,328.1060791015625,15661500
2021-12-29 00:00:00-05:00,328.1541872836197,331.0386367329647,326.5965892757154,328.7791748046875,15042000
2021-12-30 00:00:00-05:00,328.7406647610165,329.91367522578065,325.76968573335654,326.25042724609375,15994500
2021-12-31 00:00:00-05:00,325.47164761227714,326.288884758608,322.9140990920403,323.3659973144531,18000800
2022-01-03 00:00:00-05:00,322.4333715730328,324.9812959837682,317.0779035290574,321.8564758300781,28865100
2022-01-04 00:00:00-05:00,321.93336411107276,322.28913749513237,313.55885476913005,316.3375549316406,32674300
2022-01-05 00:00:00-05:00,313.308871857317,313.5108044365724,303.8094433864934,304.19403076171875,40054300
2022-01-06 00:00:00-05:00,301.0884509560254,306.4247001927171,299.49238536143025,301.79034423828125,39646100
2022-01-07 00:00:00-05:00,302.0498713577004,304.30936222208857,298.1462528184306,301.9441223144531,32720000
2022-01-10 00:00:00-05:00,297.56936510647546,302.59793177360086,292.9542584305184,302.1652526855469,44289500
2022-01-11 00:00:00-05:00,301.309612939468,304.4151849277161,297.9540459272227,302.8479919433594,29386800
2022-01-12 00:00:00-05:00,307.3572996957186,310.95323691547827,304.8670327735876,306.0111999511719,34372200
2022-01-13 00:00:00-05:00,308.1264486110597,308.52066014986855,292.2908229193429,293.05999755859375,45366000
2022-01-14 00:00:00-05:00,292.53120896925554,298.84815945566663,292.0504674590349,298.2520446777344,39846400
2022-01-18 00:00:00-05:00,292.3581471597959,297.8674260520063,290.1178753051929,290.9928283691406,42333200
2022-01-19 00:00:00-05:00,294.4926786966677,301.8191755170397,291.04095775062984,291.64666748046875,45933900
2022-01-20 00:00:00-05:00,297.16558676731063,299.6462002381442,289.541032877528,289.9833068847656,35380700
2022-01-21 00:00:00-05:00,291.0313502433303,292.39663994676283,284.22403280045586,284.62786865234375,57984400
2022-01-24 00:00:00-05:00,280.94540441346044,285.666261131879,265.4174271692936,284.95477294921875,85731500
2022-01-25 00:00:00-05:00,280.29152732225515,283.627874669316,274.18613344698997,277.37823486328125,72848600
2022-01-26 00:00:00-05:00,296.1272067657119,296.6175725961171,281.74342604783857,285.28167724609375,90428900
2022-01-27 00:00:00-05:00,291.0024659264915,295.46373205879246,286.4546404978711,288.29107666015625,53481300
2022-01-28 00:00:00-05:00,288.66604220399256,296.5982766943393,283.1086718195925,296.3867492675781,49743700
2022-01-31 00:00:00-05:00,297.05020471160907,300.34808458292423,294.56956197195456,299.00201416015625,46444500
2022-02-01 00:00:00-05:00,298.4540257576921,298.6655532510583,293.37739525904294,296.8675842285156,40950400
2022-02-02 00:00:00-05:00,297.7040073654435,302.9825400250582,296.98289506365415,301.386474609375,36636000
2022-02-03 00:00:00-05:00,297.5693697082304,299.2423701113963,288.40643772478234,289.6467590332031,43730000
2022-02-04 00:00:00-05:00,288.64687935833757,296.906016986016,288.4161327669498,294.15618896484375,35096500
2022-02-07 00:00:00-05:00,294.37731117460294,295.98297161566165,288.3487929994967,289.3583679199219,28533300
2022-02-08 00:00:00-05:00,289.646747832777,293.79073713074837,288.3968316951647,292.8292541503906,32421200
2022-02-09 00:00:00-05:00,297.9347607103794,299.9154135304483,295.5503014236904,299.22314453125,31284700
2022-02-10 00:00:00-05:00,292.3293112144285,297.21363213902004,289.1179613871902,290.7332458496094,45386200
2022-02-11 00:00:00-05:00,291.51201390296524,292.56965100167986,282.88751078774607,283.6759338378906,39175600
2022-02-14 00:00:00-05:00,282.4548166597546,285.3296704395343,280.1280445088522,283.637451171875,36359500
2022-02-15 00:00:00-05:00,288.4546070123702,289.2141576740427,285.5797520645728,288.8968811035156,27058300
2022-02-16 00:00:00-05:00,287.47084335612135,289.8795209046397,282.95216192287677,288.5595703125,29982100
2022-02-17 00:00:00-05:00,285.5342722610437,285.9582018841707,279.4066103677046,280.1099548339844,32461600
2022-02-18 00:00:00-05:00,282.34522991631013,283.12563925409984,275.85144328731116,277.4122619628906,34264000
2022-02-22 00:00:00-05:00,274.58928762159644,280.8903974019096,274.1075520292779,277.2099304199219,41736100
2022-02-23 00:00:00-05:00,279.58010909240227,281.04460436118626,269.8683308283759,270.0321044921875,37811200
2022-02-24 00:00:00-05:00,262.55554816759064,284.3781651371424,261.6016916782459,283.8289794921875,56989700
2022-02-25 00:00:00-05:00,284.35889947396316,286.7579333141939,280.99636504653614,286.4496154785156,32546700
2022-02-28 00:00:00-05:00,283.5591579767434,288.2127395416602,282.29701327303695,287.8755187988281,34627500
2022-03-01 00:00:00-05:00,285.5728272162815,289.0124260885947,281.4780750548052,284.1758117675781,31217800
2022-03-02 00:00:00-05:00,284.57084383733564,290.4576682481348,282.9715074955346,289.22442626953125,31873000
2022-03-03 00:00:00-05:00,291.82571437942323,292.05693798602465,283.3086057674911,285.1103210449219,27314500
2022-03-04 00:00:00-05:00,283.53992798121607,284.8598787290603,276.68001821827283,279.271728515625,32356500
2022-03-07 00:00:00-05:00,277.9903600081898,279.1079901922431,268.35564745891236,268.7217712402344,43157200
2022-03-08 00:00:00-05:00,267.6522801991081,273.58726615536074,260.1372168079997,265.7735290527344,48159500
2022-03-09 00:00:00-05:00,273.0862941142346,279.0212805569592,270.52345705468474,277.9614562988281,35204500
2022-03-10 00:00:00-05:00,272.681647483681,276.130891339143,270.3307750668401,275.15777587890625,30628000
2022-03-11 00:00:00-05:00,277.44115846333716,278.93455646472097,269.2227503051047,269.8393859863281,27209300
2022-03-14 00:00:00-04:00,270.0994808190958,274.97464216380376,265.7446020938021,266.3419494628906,30660700
2022-03-15 00:00:00-04:00,270.1091142008014,277.3062441058317,268.5482958074122,276.66070556640625,34245100
2022-03-16 00:00:00-04:00,278.54910553558244,283.8096787213844,272.8550174149433,283.6362609863281,37826300
2022-03-17 00:00:00-04:00,282.576451409173,284.81168204871824,278.7996317030362,284.4359436035156,30816600
2022-03-18 00:00:00-04:00,284.58046582678224,290.00481304770483,282.0369173074508,289.45562744140625,43390600
2022-03-21 00:00:00-04:00,287.9719595079404,289.1762986686458,284.12768891305694,288.2320861816406,28351200
2022-03-22 00:00:00-04:00,288.84863696836237,293.8586986740922,287.85626286698505,292.9530334472656,27599700
2022-03-23 00:00:00-04:00,289.53274726035676,292.1533901687108,286.84465430957243,288.54998779296875,25715400
2022-03-24 00:00:00-04:00,288.2127985858923,293.0879606698215,287.4227451186162,292.9916076660156,24484500
2022-03-25 00:00:00-04:00,294.0802506516708,294.34037722493025,288.35723081756106,292.58685302734375,22566500
2022-03-28 00:00:00-04:00,293.2132183201872,299.446879031132,293.2132183201872,299.3505554199219,29578200
2022-03-29 00:00:00-04:00,302.4432514351578,304.2834849768808,297.7607660592807,303.8884582519531,30393400
2022-03-30 00:00:00-04:00,302.298756961056,304.40876140768165,300.1983672332794,302.39508056640625,28163600
2022-03-31 00:00:00-04:00,302.43355970417105,303.6282838118876,296.6431186303352,297.0477600097656,33422100
2022-04-01 00:00:00-04:00,298.06902682456194,298.8012742137478,294.37894572954843,298.1172180175781,27110500
2022-04-04 00:00:00-04:00,298.76276415932574,303.5993787276326,298.39664041936675,303.4645080566406,24289600
2022-04-05 00:00:00-04:00,301.82660661689823,303.3681663887453,298.5508104784777,299.52392578125,23156700
2022-04-06 00:00:00-04:00,294.041722765152,295.7856029580551,285.8714779355689,288.5595703125,40110400
2022-04-07 00:00:00-04:00,285.82338673563873,292.55804141565983,285.52471299808303,290.361328125,31411200
2022-04-08 00:00:00-04:00,289.4652859924413,290.1204393434208,285.4572423231668,286.1220397949219,24361900
2022-04-11 00:00:00-04:00,281.13127920546333,281.9213032700954,274.58930130303617,274.8398132324219,34569300
2022-04-12 00:00:00-04:00,278.6743681898196,280.11957482236716,270.24399616662504,271.75665283203125,30966700
2022-04-13 00:00:00-04:00,272.40228746673256,278.0385717991764,271.0245009783346,277.1136474609375,21907200
2022-04-14 00:00:00-04:00,277.56646786602556,277.7784327469066,269.1168344018573,269.6081848144531,28221600
2022-04-18 00:00:00-04:00,268.7217442498862,272.14205510022083,268.17255863306326,270.2729187011719,20778000
2022-04-19 00:00:00-04:00,269.17459327763214,275.71657107306396,268.2400250211419,274.8783264160156,22297700
2022-04-20 00:00:00-04:00,278.8285886738467,279.11764770587973,274.94580050630236,275.8996276855469,22906700
2022-04-21 00:00:00-04:00,278.03846671115735,282.5860513093376,269.82970383090816,270.55230712890625,29454600
2022-04-22 00:00:00-04:00,271.39053717811265,272.8550320937384,263.393738668187,264.0199890136719,29405800
2022-04-25 00:00:00-04:00,263.30702351755633,270.8413451266627,260.8790575428307,270.4656066894531,35678900
2022-04-26 00:00:00-04:00,267.36328244773966,268.19185364215673,260.13724778699,260.3492126464844,46518400
2022-04-27 00:00:00-04:00,271.7952455176826,280.34123080111425,268.9626376903315,272.87432861328125,63477700
2022-04-28 00:00:00-04:00,274.7723263295594,280.3508322510041,271.17856852888485,279.0501403808594,33646600
2022-04-29 00:00:00-04:00,278.0674307607547,279.29105809866707,266.3998077256145,267.3825378417969,37073900
2022-05-02 00:00:00-04:00,267.56559909941353,274.53150699101036,266.1300363109666,274.07867431640625,35151100
2022-05-03 00:00:00-04:00,273.5872373213016,273.7510403407447,269.91641488989063,271.48687744140625,25978600
2022-05-04 00:00:00-04:00,272.2672940906547,280.2544777268917,266.6213675689915,279.3873596191406,33599300
2022-05-05 00:00:00-04:00,275.1095502622621,275.8899595127689,264.3186620189304,267.2187194824219,43260400
2022-05-06 00:00:00-04:00,264.7714311885404,269.0492442642496,261.3607360275728,264.6943664550781,37780300
2022-05-09 00:00:00-04:00,260.19503987214216,262.41101195577926,253.70125314465557,254.9152069091797,47726000
2022-05-10 00:00:00-04:00,261.76549132988686,263.7502396394238,255.3873167232384,259.6554870605469,39336400
2022-05-11 00:00:00-04:00,255.97502163371615,261.4475309989085,249.82807066667775,251.03240966796875,48975900
2022-05-12 00:00:00-04:00,248.27688839647124,250.3868926130945,240.88706627938942,246.02236938476562,51033800
2022-05-13 00:00:00-04:00,247.94937315095052,253.43152782401694,246.02243033167414,251.58164978027344,34925100
2022-05-16 00:00:00-04:00,250.4639088051504,256.10986406168763,246.43660714810298,251.94766235351562,32550900
2022-05-17 00:00:00-04:00,256.38924817495007,258.52815492499775,252.87258498124666,257.0733337402344,28828800
2022-05-18 00:00:00-04:00,253.98310507106706,254.56254010236933,244.10384241044304,245.36892700195312,31356000
2022-05-19 00:00:00-04:00,245.1951046927819,248.83587017478328,243.24437042893047,244.46116638183594,32692300
2022-05-20 00:00:00-04:00,248.42057161150723,249.6760190694131,237.99085911430905,243.90103149414062,39199300
2022-05-23 00:00:00-04:00,246.73052960830947,252.5344714288608,244.7411443388087,251.71360778808594,33175400
2022-05-24 00:00:00-04:00,249.04828011075938,252.37031292551026,244.80877669553468,250.7189483642578,29043900
2022-05-25 00:00:00-04:00,249.2897536459207,255.50893286369595,248.31437179357388,253.51956176757812,28547900
2022-05-26 00:00:00-04:00,253.2781100641193,257.9521680064266,252.46691284814418,256.7836608886719,25002100
2022-05-27 00:00:00-04:00,259.27522501006564,263.96858669067194,258.38675406725025,263.87200927734375,26910800
2022-05-31 00:00:00-04:00,263.1863868585538,265.3495796777819,259.709805919586,262.54901123046875,37827700
2022-06-01 00:00:00-04:00,265.76485697863757,268.1694785962378,260.7817625947678,263.0801696777344,25292200
2022-06-02 00:00:00-04:00,255.38343546239255,265.2337143251771,252.63114082746247,265.1661071777344,44008200
2022-06-03 00:00:00-04:00,261.0424863281772,264.074846353105,259.20763325124227,260.7624206542969,28059000
2022-06-06 00:00:00-04:00,262.73246453455715,264.7797759619563,258.0584066884809,259.53594970703125,22400300
2022-06-07 00:00:00-04:00,257.49827263962237,263.76575382395623,256.82226032251066,263.1573486328125,22860700
2022-06-08 00:00:00-04:00,262.39448666074105,263.6402676057848,260.3664787079768,261.1390686035156,17372300
2022-06-09 00:00:00-04:00,258.5991636233261,263.36013153892054,255.557167242854,255.71168518066406,26439700
2022-06-10 00:00:00-04:00,251.6460439882833,251.6460439882833,243.87204872141055,244.3162841796875,31422800
2022-06-13 00:00:00-04:00,236.70645685368288,240.4824068795414,233.24919461693813,233.95416259765625,46135800
2022-06-14 00:00:00-04:00,235.49930650770008,237.3148557778769,233.2298699199791,236.1077117919922,28651500
2022-06-15 00:00:00-04:00,239.796764160818,246.54711942322163,237.97156283038558,243.12847900390625,33111700
2022-06-16 00:00:00-04:00,237.5465949685709,238.93722706322862,234.68808653901266,236.57122802734375,33169200
2022-06-17 00:00:00-04:00,236.31050590715876,241.91165700040483,235.6634784930398,239.15936279296875,43084800
2022-06-21 00:00:00-04:00,241.67987371090587,246.0159401392919,240.95558733169304,245.0405731201172,29928300
2022-06-22 00:00:00-04:00,243.253984977507,248.35297445153836,241.78609384504884,244.45147705078125,25939900
2022-06-23 00:00:00-04:00,246.8078492299289,250.47755532769025,244.93435931975776,249.9850311279297,25861400
2022-06-24 00:00:00-04:00,252.83392578793828,258.7924022848079,252.747014945619,258.5220031738281,33923200
2022-06-27 00:00:00-04:00,259.01439397785555,259.10130478528856,254.25342643035603,255.80824279785156,24615100
2022-06-28 00:00:00-04:00,254.92949381458487,257.7590321077553,247.53211228973697,247.68663024902344,27295500
2022-06-29 00:00:00-04:00,248.75856369685934,252.9884007989355,246.99130319168566,251.3370361328125,20069800
2022-06-30 00:00:00-04:00,248.23707094153858,250.6320551562228,244.22935890804,248.0246124267578,31730900
2022-07-01 00:00:00-04:00,247.599724121051,250.86381660731956,245.88073757874744,250.68032836914062,22837700
2022-07-05 00:00:00-04:00,247.3775897790424,253.96377399992517,246.00627607080364,253.83822631835938,22941000
2022-07-06 00:00:00-04:00,254.70738716056056,258.8020102285566,253.4036657301254,257.0830383300781,23824400
2022-07-07 00:00:00-04:00,256.0304226841945,259.8353431316474,255.9338452648158,259.1979675292969,20859900
2022-07-08 00:00:00-04:00,255.71167907622672,258.9081933182006,254.26310659903194,258.4832763671875,19658800
2022-07-11 00:00:00-04:00,256.5422452532518,257.3920793720454,253.1912122224075,255.44134521484375,19455200
2022-07-12 00:00:00-04:00,256.76434994360125,256.8222904951569,243.3988410088484,244.97296142578125,35868500
2022-07-13 00:00:00-04:00,241.61228376039588,244.8570873615849,239.603594413408,244.0555419921875,29497400
2022-07-14 00:00:00-04:00,241.9792718550764,246.39258278636146,237.50800563214514,245.36892700195312,25102800
2022-07-15 00:00:00-04:00,246.9526808402148,251.44325042079436,246.03525438925857,247.91839599609375,29774100
2022-07-18 00:00:00-04:00,250.8444832920911,251.89710915606972,244.61562419019552,245.53305053710938,20975000
2022-07-19 00:00:00-04:00,248.748908389752,250.81555306514318,244.98262500187312,250.63206481933594,25012600
2022-07-20 00:00:00-04:00,250.98939669680948,255.78900284248536,250.0333479953983,253.27813720703125,22788300
2022-07-21 00:00:00-04:00,250.8831747670427,255.80832847001912,248.21779122798213,255.76002502441406,22404700
2022-07-22 00:00:00-04:00,256.14627306708184,256.23318389270804,250.18782718594753,251.43357849121094,21881300
2022-07-25 00:00:00-04:00,252.05171581946772,252.53457351260846,248.0053659932447,249.9561004638672,21056000
2022-07-26 00:00:00-04:00,250.95072573000826,250.9700588947091,241.01353801634696,243.26364135742188,39348000
2022-07-27 00:00:00-04:00,252.2062272013175,260.79142143505817,249.97542707523482,259.5263366699219,45994000
2022-07-28 00:00:00-04:00,260.5017422212526,268.3143766627134,258.68619246274613,266.93341064453125,33459300
2022-07-29 00:00:00-04:00,268.17905488402175,272.3316174034338,267.1457328087097,271.11480712890625,32152800
2022-08-01 00:00:00-04:00,268.2950273632756,271.63639399506593,266.38290049065427,268.478515625,21539600
2022-08-02 00:00:00-04:00,266.53736387741355,268.362579537139,263.04147997964446,265.3978271484375,22754200
2022-08-03 00:00:00-04:00,267.2713876591738,273.7802996377368,267.12650678074345,272.7856140136719,23518900
2022-08-04 00:00:00-04:00,272.13850053519735,274.0699307149256,270.5644096945988,273.9250793457031,18098700
2022-08-05 00:00:00-04:00,269.57935118815436,273.9250689272582,269.1254639343299,273.21044921875,16774600
2022-08-08 00:00:00-04:00,274.31141927705306,276.11733164460054,269.74360476800535,270.7093200683594,18739200
2022-08-09 00:00:00-04:00,270.0526525666318,273.37468623177955,268.0922221285978,272.6214294433594,23405200
2022-08-10 00:00:00-04:00,278.29016718582943,279.8739248174104,277.1023268586765,279.2462158203125,24687800
2022-08-11 00:00:00-04:00,280.8783329903544,281.22597639185335,276.68713164605356,277.17962646484375,20065900
2022-08-12 00:00:00-04:00,278.58949041203584,281.9018859863281,277.1022809714472,281.9018859863281,22619700
2022-08-15 00:00:00-04:00,281.02312948938925,284.09409682100915,280.1636287959346,283.408447265625,18085700
2022-08-16 00:00:00-04:00,281.97918336040345,283.9589172842201,280.46303283251734,282.67449951171875,18102900
2022-08-17 00:00:00-04:00,280.4002056199427,283.8938524278254,280.1389197170631,281.9292907714844,18253400
2022-08-18 00:00:00-04:00,280.8357509194147,282.5003080383182,279.76151632304703,280.81640625,17186200
2022-08-19 00:00:00-04:00,279.5873490654093,279.9260727784797,276.3550169722019,276.9259948730469,20570000
2022-08-22 00:00:00-04:00,272.98719375507784,273.3549492553272,268.2838690742468,268.7967834472656,25061100
2022-08-23 00:00:00-04:00,267.5290222167969,269.87099753157673,266.5225381093492,267.5290222167969,17527400
2022-08-24 00:00:00-04:00,266.5321774149117,268.29351690361904,266.24183017802443,266.8999328613281,18137000
2022-08-25 00:00:00-04:00,268.39033649128544,270.02586220390765,265.6709183727757,269.8613586425781,16583400
2022-08-26 00:00:00-04:00,270.08381644498274,271.3032096749944,259.34164963640063,259.4480895996094,27549300
2022-08-29 00:00:00-04:00,257.2803379595906,258.7803619357156,255.34480790841272,256.6803283691406,20338500
2022-08-30 00:00:00-04:00,258.0739373346952,258.4416632715631,252.25765951741022,254.49319458007812,22767100
2022-08-31 00:00:00-04:00,256.835171011409,258.4996984815058,252.90601788695525,253.04151916503906,24791800
2022-09-01 00:00:00-04:00,250.52536296277327,252.48026749324697,247.17690376904113,252.00604248046875,23263400
2022-09-02 00:00:00-04:00,253.26411708214042,256.20610147316614,246.26716536821394,247.805908203125,22855400
2022-09-06 00:00:00-04:00,247.9414053865417,249.51883753175827,243.8187170261839,245.08648681640625,21328200
2022-09-07 00:00:00-04:00,246.48975437812405,250.48661397846638,245.0574662441124,249.77047729492188,24126700
2022-09-08 00:00:00-04:00,249.20917715444372,252.03503444444726,246.57684037919475,250.1865997314453,20319900
2022-09-09 00:00:00-04:00,252.10273346738484,256.6802716592623,251.89951112638678,255.93507385253906,22084700
2022-09-12 00:00:00-04:00,257.2125840758803,258.82876464312335,256.6125744929972,258.0545349121094,18747700
2022-09-13 00:00:00-04:00,250.49629269213037,252.00600375133774,243.47999634028216,243.8671112060547,33353300
2022-09-14 00:00:00-04:00,245.3574916342139,246.03492427019088,241.8057953877336,244.0897216796875,23913000
2022-09-15 00:00:00-04:00,241.71871875061655,243.2961659891006,236.1540688365304,237.47023010253906,31530900
2022-09-16 00:00:00-04:00,236.386307438201,237.39279145182186,234.2572270866671,236.85084533691406,39791800
2022-09-19 00:00:00-04:00,234.65397254260654,237.23790323040416,233.0861980227324,236.6378936767578,26826900
2022-09-20 00:00:00-04:00,234.26687239156138,235.66044153829108,231.91519584554464,234.63461303710938,26660300
2022-09-21 00:00:00-04:00,236.39595324962926,239.67667590576733,231.19904532157508,231.2474365234375,28625600
2022-09-22 00:00:00-04:00,230.2022859976419,235.99920442354707,229.91196827312697,233.2120361328125,31061200
2022-09-23 00:00:00-04:00,231.81844612716222,233.35720386281167,227.61834912688556,230.25067138671875,34176000
2022-09-26 00:00:00-04:00,229.40867630752822,233.6668360314633,229.26350270996545,229.7957763671875,27694200
2022-09-27 00:00:00-04:00,232.24421970145121,234.0055589313427,226.94087211261905,228.789306640625,27018700
2022-09-28 00:00:00-04:00,229.1764446378298,234.51851197700628,227.16349151340208,233.29913330078125,29029700
2022-09-29 00:00:00-04:00,231.18938529349765,232.21521385312766,226.853802133828,229.8441925048828,27484200
2022-09-30 00:00:00-04:00,230.608739886535,232.78621136819163,225.2279682767935,225.39248657226562,35694800
2022-10-03 00:00:00-04:00,227.8215623611014,233.82170241211634,227.0957386105692,232.97975158691406,28880400
2022-10-04 00:00:00-04:00,237.18950814956145,242.28963357290925,237.08305341434055,240.8573455810547,34888400
2022-10-05 00:00:00-04:00,238.06052054576585,242.5025584054372,236.23144526431753,241.1670379638672,20347100
2022-10-06 00:00:00-04:00,239.93798363059574,242.2703009633561,238.1476271342794,238.83473205566406,20239900
2022-10-07 00:00:00-04:00,233.1346048289845,233.5410791626443,225.65378480022213,226.68930053710938,37769600
2022-10-10 00:00:00-04:00,225.5376480865996,226.99896799750226,219.42136587622,221.86013793945312,29743600
2022-10-11 00:00:00-04:00,220.28270418108383,221.6762883943557,216.88585373642715,218.14395141601562,30474000
2022-10-12 00:00:00-04:00,218.1342072790965,220.51491548211942,216.7406381971181,218.47293090820312,21903900
2022-10-13 00:00:00-04:00,212.76316144954848,228.4893441994696,212.06636940173655,226.68930053710938,42551800
2022-10-14 00:00:00-04:00,227.94737889006004,229.5925913283704,220.9794733149992,221.1923828125,30198600
2022-10-17 00:00:00-04:00,228.21836002283007,231.25714167375685,227.5602721133645,229.87322998046875,28142300
2022-10-18 00:00:00-04:00,235.39917762563184,236.06692311030656,227.78285659055385,230.8119659423828,26329600
2022-10-19 00:00:00-04:00,229.39900168382854,231.88616474151667,226.73764801989628,228.8570556640625,19985700
2022-10-20 00:00:00-04:00,228.16994856599382,233.5313599425322,227.29895124255845,228.53768920898438,21811000
2022-10-21 00:00:00-04:00,227.17315124335872,235.16688446931025,226.94088233766772,234.31524658203125,26299700
2022-10-24 00:00:00-04:00,235.90240190553322,239.85088505869388,233.52170816579923,239.2799072265625,24911200
2022-10-25 00:00:00-04:00,239.2896067054904,242.9477578069221,237.90570962314226,242.58001708984375,34775500
2022-10-26 00:00:00-04:00,223.718229712473,230.61839877791698,222.64400998891642,223.8634033203125,82543200
2022-10-27 00:00:00-04:00,223.5923939728555,226.15697979477318,218.50195596106514,219.44068908691406,40424600
2022-10-28 00:00:00-04:00,218.94715681380413,228.97320270821285,218.76327910286216,228.2667236328125,40647700
2022-10-31 00:00:00-04:00,226.22475535763192,227.3473663725247,223.69888795758465,224.64730834960938,28357300
2022-11-01 00:00:00-04:00,227.03767812320683,228.1409296481597,220.0020223387947,220.81494140625,30592300
2022-11-02 00:00:00-04:00,222.0633939304996,223.84407823127708,212.94703338213586,213.00511169433594,38407000
2022-11-03 00:00:00-04:00,212.9954183740974,213.3051102957607,207.08237299301675,207.3436737060547,36633900
2022-11-04 00:00:00-04:00,210.5372801806807,214.447044310669,206.5500783111964,214.2534942626953,36789100
2022-11-07 00:00:00-05:00,214.8341789629505,221.04722910682952,214.1470592473895,220.52462768554688,33498000
2022-11-08 00:00:00-05:00,221.32783708020688,224.18274067732156,218.56002878294467,221.4923553466797,28192500
2022-11-09 00:00:00-05:00,220.04072724111327,221.26012061364744,217.098728086194,217.27291870117188,27852900
2022-11-10 00:00:00-05:00,227.84090847628838,235.4862608906142,227.42477661146236,235.1475372314453,46268000
2022-11-11 00:00:00-05:00,235.15722211445575,239.99604710310476,234.1313788126477,239.1444091796875,34620200
2022-11-14 00:00:00-05:00,234.18946032496393,236.0475673740293,231.49907477577239,233.76364135742188,31123300
2022-11-15 00:00:00-05:00,237.74114480461608,239.03794631342942,232.29262332719875,234.1700897216797,31390100
2022-11-16 00:00:00-05:00,235.62582643468144,236.60603316606853,233.32576434985185,234.59710693359375,24093300
2022-11-17 00:00:00-05:00,230.76366974368625,236.07226408161256,230.61810181463593,234.548583984375,23123500
2022-11-18 00:00:00-05:00,236.32457848011174,236.547802374884,231.97677705188883,234.10215759277344,27613500
2022-11-21 00:00:00-05:00,234.30595375905,237.45035420758848,234.0730450796648,234.9076690673828,26394700
2022-11-22 00:00:00-05:00,236.40223227361014,238.07148033059326,233.6072243246812,237.79974365234375,19665700
2022-11-23 00:00:00-05:00,237.87735803486538,240.95381671678922,237.0621480919058,240.27447509765625,19508500
2022-11-25 00:00:00-05:00,240.01248322560096,241.36146712631268,239.44959583276983,240.1871795654297,9200800
2022-11-28 00:00:00-05:00,238.81877021422886,239.37194317865058,233.69457155598104,234.62623596191406,24778200
2022-11-29 00:00:00-05:00,234.27683765009397,235.62582136830417,231.1809796211648,233.23841857910156,17956300
2022-11-30 00:00:00-05:00,233.47135371926146,247.7958155951577,232.78229762918565,247.61141967773438,47594200
2022-12-01 00:00:00-05:00,246.37888704446783,248.5624948221186,243.51593758658888,247.17469787597656,26041500
2022-12-02 00:00:00-05:00,242.44837741835488,248.504239491352,242.32220868898867,247.49493408203125,21528500
2022-12-05 00:00:00-05:00,244.57378861196725,246.3303923254423,240.74034652754588,242.81719970703125,23435300
2022-12-06 00:00:00-05:00,243.41888770234414,244.42819318650004,236.58661356400265,237.88706970214844,22463700
2022-12-07 00:00:00-05:00,237.60564320065706,238.89639979977625,235.0629579890975,237.15921020507812,20481500
2022-12-08 00:00:00-05:00,237.61534962771674,241.40027877672188,235.88787438426903,240.0998077392578,22611800
2022-12-09 00:00:00-05:00,237.47946700334126,240.9829448599812,236.95540766792848,238.17822265625,20609700
2022-12-12 00:00:00-05:00,240.14831706074776,245.08811932166867,239.8765804009923,245.0590057373047,30665100
2022-12-13 00:00:00-05:00,253.96811982675712,256.13232821113195,245.60248135221084,249.33888244628906,42196900
2022-12-14 00:00:00-05:00,249.54270989920707,254.84158999041878,246.8059142850901,249.6300506591797,35410900
2022-12-15 00:00:00-05:00,246.2333334693487,246.69916567601095,240.04158720461845,241.6623077392578,35560400
2022-12-16 00:00:00-05:00,241.21590435148062,242.46783311149383,236.3246140510361,237.4698028564453,86102000
2022-12-19 00:00:00-05:00,237.63471723354715,237.97439542202883,231.66619621363287,233.35484313964844,29696400
2022-12-20 00:00:00-05:00,232.33587889229094,235.74231675615167,231.38480046926088,234.66506958007812,25150800
2022-12-21 00:00:00-05:00,234.55829818550004,238.37232600874938,233.02491849714485,237.21743774414062,23690600
2022-12-22 00:00:00-05:00,234.14096367729437,234.84943370848737,226.9690262734001,231.16156005859375,28651700
2022-12-23 00:00:00-05:00,229.1429380757911,231.82149149891836,227.03697155694044,231.6856231689453,21207000
2022-12-27 00:00:00-05:00,231.65651213728756,231.87972122287346,228.87120393787913,229.96786499023438,16688600
2022-12-28 00:00:00-05:00,229.8999205275325,232.6464155156222,227.26018028486453,227.60955810546875,17457100
2022-12-29 00:00:00-05:00,228.6964916617764,234.78148218567202,228.6964916617764,233.89833068847656,19770700
2022-12-30 00:00:00-05:00,231.18100636407286,232.87936810259998,229.67674014824095,232.74349975585938,21938500
2023-01-03 00:00:00-05:00,235.9073132717817,238.4985264103855,230.3949082976441,232.51058959960938,25740000
2023-01-04 00:00:00-05:00,225.4259409938991,225.9985278733158,219.2924376104367,222.33978271484375,50623400
2023-01-05 00:00:00-05:00,220.49584400645332,220.83552222933494,215.21636361108918,215.75013732910156,39585600
2023-01-06 00:00:00-05:00,216.41981859861454,219.0983724573706,212.87752704272575,218.29286193847656,43613600
2023-01-09 00:00:00-05:00,219.76796959383623,224.41663581790868,219.72915641914315,220.41819763183594,27369800
2023-01-10 00:00:00-05:00,221.0393352972296,224.48458614807703,220.62203068917864,222.09718322753906,27033900
2023-01-11 00:00:00-05:00,224.46515686951886,228.98765452783252,224.29047536414728,228.81297302246094,28669300
2023-01-12 00:00:00-05:00,228.31800704319014,232.82109060207105,226.6681731391479,231.47210693359375,27269500
2023-01-13 00:00:00-05:00,230.00670447846073,232.3067667845128,227.98807845959973,232.1708984375,21333300
2023-01-17 00:00:00-05:00,230.94806647820474,233.80131636600996,230.09402846864725,233.25784301757812,29831300
2023-01-18 00:00:00-05:00,234.44180535391547,235.22790165813967,228.5703246450245,228.8517608642578,30028700
2023-01-19 00:00:00-05:00,226.88168988104673,228.57035182284125,223.87315781209423,225.08627319335938,28623000
2023-01-20 00:00:00-05:00,227.92982862321074,233.63632824749806,227.59015038517927,233.1316680908203,35389800
2023-01-23 00:00:00-05:00,233.98571827354252,237.93561455180438,232.57849247852556,235.4220428466797,31934000
2023-01-24 00:00:00-05:00,235.34439747923588,236.75160844059997,233.3451855854794,234.89796447753906,40234400
2023-01-25 00:00:00-05:00,227.56105444486033,236.12080454500452,224.0866898660757,233.5101776123047,66526600
2023-01-26 00:00:00-05:00,236.46043582898827,240.98293336442927,234.85912950577273,240.6820831298828,33454500
2023-01-27 00:00:00-05:00,241.6429128288479,242.45812290706542,239.54664564896942,240.83740234375,26498900
2023-01-30 00:00:00-05:00,237.2950615090347,238.35290934630353,235.0532267167277,235.54818725585938,25867400
2023-01-31 00:00:00-05:00,236.26636386768823,240.63357952072695,235.78111768401726,240.49771118164062,26541100
2023-02-01 00:00:00-05:00,240.6821076556318,247.65023576111176,238.2267631452796,245.2919464111328,31259900
2023-02-02 00:00:00-05:00,251.18288227448434,256.879668654006,249.65920190306966,256.7923278808594,39940400
2023-02-03 00:00:00-05:00,251.88163406046186,256.40413270612515,249.5136299693063,250.72674560546875,29077300
2023-02-06 00:00:00-05:00,249.84354121530777,250.67815038089995,247.26202813154237,249.19329833984375,22518000
2023-02-07 00:00:00-05:00,252.84235731907512,260.83920438047807,252.40562393796253,259.6649169921875,50841400
2023-02-08 00:00:00-05:00,265.13852274513965,268.59347315321855,258.35476105655573,258.85943603515625,54686000
2023-02-09 00:00:00-05:00,265.72082315542565,265.8955343068472,255.045406117351,255.84121704101562,42375100
2023-02-10 00:00:00-05:00,253.81285255852234,256.2973105018647,252.96852898785733,255.33653259277344,25818500
2023-02-13 00:00:00-05:00,259.7426206728503,266.49724001770915,259.26705921966635,263.31402587890625,44630900
2023-02-14 00:00:00-05:00,264.624192764422,266.85631358119707,261.3342091005598,264.1389465332031,37047900
2023-02-15 00:00:00-05:00,261.0547258535999,263.3994740205076,258.972656227329,262.02764892578125,28922400
2023-02-16 00:00:00-05:00,256.87118053744996,259.51753291113,254.80858804011677,255.05181884765625,29603600
2023-02-17 00:00:00-05:00,252.36656000925092,253.047588426155,249.06833614983722,251.0725555419922,30000100
2023-02-21 00:00:00-05:00,247.58946437392655,248.57212619836037,244.77771723097973,245.82847595214844,28397400
2023-02-22 00:00:00-05:00,247.21003358389876,247.45326436545926,243.56157186049097,244.69989013671875,22491100
2023-02-23 00:00:00-05:00,248.64024584758673,249.88558633204974,243.69779430491118,247.87164306640625,29219100
2023-02-24 00:00:00-05:00,243.1918464363868,244.20367985270448,241.3822090117807,242.4718780517578,24990900
2023-02-27 00:00:00-05:00,245.62417017099744,245.97442307770388,242.63728915469153,243.38644409179688,21190000
2023-02-28 00:00:00-05:00,242.32595921726772,244.68043129479227,241.99515408663171,242.66647338867188,22491000
2023-03-01 00:00:00-05:00,243.97016026922756,244.13555539377535,239.13473188784695,239.60174560546875,27565300
2023-03-02 00:00:00-05:00,239.8742028427946,244.592871158647,238.95965271701235,244.31072998046875,24808200
2023-03-03 00:00:00-05:00,245.36148024067188,248.69859936512998,244.58313878749726,248.37753295898438,30760100
2023-03-06 00:00:00-05:00,249.48669107630843,253.07678008876618,249.0488786018787,249.91477966308594,24109800
2023-03-07 00:00:00-05:00,249.36018084473946,250.71255821742662,246.528985881538,247.26840209960938,21473200
2023-03-08 00:00:00-05:00,247.16140250674363,247.6478641053872,244.01886473628258,246.8306121826172,17340200
2023-03-09 00:00:00-05:00,248.8932070956166,252.53193017156482,244.76800759955387,245.48797607421875,26653400
2023-03-10 00:00:00-05:00,244.28153159617614,245.94522176909533,240.89576339451983,241.85894775390625,28333900
2023-03-13 00:00:00-04:00,240.70116918441778,250.92660047438005,239.07638938766013,247.0446319580078,33339700
2023-03-14 00:00:00-04:00,249.79801983882402,254.00105499083594,248.93211882541823,253.7286376953125,33620300
2023-03-15 00:00:00-04:00,252.9405641280701,259.26456442561187,252.19139432118732,258.2527160644531,46028000
2023-03-16 00:00:00-04:00,258.0289000532813,269.0715820217102,256.1511657925528,268.7213439941406,54768800
2023-03-17 00:00:00-04:00,270.7256489942692,275.65834759698896,268.8381754027799,271.86395263671875,69527400
2023-03-20 00:00:00-04:00,269.4802407516752,269.96670228330714,262.543294560003,264.8588562011719,43466600
2023-03-21 00:00:00-04:00,267.43710366119547,267.5538496813645,262.2222204606799,266.36688232421875,34558700
2023-03-22 00:00:00-04:00,265.9972279895284,273.4303763569465,264.8102603593326,264.91729736328125,34873300
2023-03-23 00:00:00-04:00,270.4141713527302,273.44968580487057,267.7483723233181,270.1417541503906,36610900
2023-03-24 00:00:00-04:00,269.7332022897182,273.03142599171395,267.8262812456373,272.9730529785156,28172000
2023-03-27 00:00:00-04:00,272.90495366822654,273.83895161321755,268.05978551317787,268.8965148925781,26840200
2023-03-28 00:00:00-04:00,268.3225140934646,268.6630431725957,264.6837609123016,267.7776794433594,21878600
2023-03-29 00:00:00-04:00,271.4066242065595,273.527619165426,270.8715283691032,272.9146728515625,25087000
2023-03-30 00:00:00-04:00,276.53397442659906,276.757727762298,273.8584356014265,276.35882568359375,25053400
2023-03-31 00:00:00-04:00,276.04750748202,281.4374805787577,275.33726286422353,280.4937438964844,32766000
2023-04-03 00:00:00-04:00,278.7619618964318,280.4645776022263,276.2615716824238,279.4527587890625,24883300
2023-04-04 00:00:00-04:00,279.45268618193273,282.5854994542806,277.9349286652677,279.4040222167969,25824300
2023-04-05 00:00:00-04:00,278.1100534490355,279.37484150873803,275.25939610333745,276.64093017578125,22064800
2023-04-06 00:00:00-04:00,275.5415669627722,284.17139086476425,274.39352473015583,283.70440673828125,29770300
2023-04-10 00:00:00-04:00,281.3791420104247,281.75859635291374,277.0009871179317,281.5542907714844,23103000
2023-04-11 00:00:00-04:00,278.0127931758795,278.2365761916983,274.0140932371224,275.1718444824219,27276600
2023-04-12 00:00:00-04:00,277.07884402522524,279.23873500984865,274.325454368643,275.81402587890625,27403400
2023-04-13 00:00:00-04:00,275.9112355229667,282.0503774003979,275.50262448189994,281.99200439453125,24222700
2023-04-14 00:00:00-04:00,279.2289726922403,280.6689097907965,276.00859911070734,278.39227294921875,20987900
2023-04-17 00:00:00-04:00,282.07960200286976,283.7043967289592,278.4116924129814,280.9801940917969,23836200
2023-04-18 00:00:00-04:00,283.6751943988744,283.86005216252715,279.23866745372095,280.56182861328125,20161800
2023-04-19 00:00:00-04:00,278.2462970182061,281.2234396408052,276.8355761901663,280.63970947265625,17150300
2023-04-20 00:00:00-04:00,277.52630699953454,281.2039550334732,277.3608970127179,278.3630065917969,23244400
2023-04-21 00:00:00-04:00,277.2928296281938,278.51869257683563,275.3956176560884,278.02252197265625,21676400
2023-04-24 00:00:00-04:00,274.4519370721957,277.2345132199959,271.173190218911,274.1405944824219,26611000
2023-04-25 00:00:00-04:00,271.94171485112884,273.97512034038175,267.91379941457996,267.96246337890625,45772200
2023-04-26 00:00:00-04:00,288.66631890750085,291.45860367890464,284.80381270160626,287.372314453125,64599200
2023-04-27 00:00:00-04:00,287.9559975120853,296.93608674293165,287.2554918227844,296.5760803222656,46462600
2023-04-28 00:00:00-04:00,295.7783383038111,300.5651029592613,295.097280309873,298.9403381347656,36469600
2023-05-01 00:00:00-04:00,298.6582327311371,300.24410228095644,296.8875053999733,297.2864074707031,21294100
2023-05-02 00:00:00-04:00,299.4269093315851,300.8084439059294,295.68114837530834,297.1405334472656,26404400
2023-05-03 00:00:00-04:00,298.3176355367741,300.25374274084976,295.8561416167109,296.1577453613281,22360800
2023-05-04 00:00:00-04:00,297.94804678959196,299.4269093315851,295.184947949638,297.1405334472656,22519900
2023-05-05 00:00:00-04:00,297.442082171176,303.5228521768905,296.03133165334634,302.23858642578125,28197100
2023-05-08 00:00:00-04:00,301.7326615616671,301.8007733081372,297.8020437181864,300.292724609375,21318600
2023-05-09 00:00:00-04:00,299.66030098483304,301.6450723308815,298.0160586463366,298.6873779296875,21340800
2023-05-10 00:00:00-04:00,300.2635789224399,304.5249876536261,299.3393196181208,303.8536682128906,30078000
2023-05-11 00:00:00-04:00,301.7034562423544,302.6958271056149,297.9674351385275,301.7131652832031,31680200
2023-05-12 00:00:00-04:00,302.1412397708911,302.2385380136494,298.2982115576061,300.6040344238281,19774700
2023-05-15 00:00:00-04:00,300.73054195833356,301.50886857686805,299.26141854774806,301.0807800292969,16336500
2023-05-16 00:00:00-04:00,301.4407853698495,305.21573217875385,301.4407853698495,303.299072265625,26730300
2023-05-17 00:00:00-04:00,304.49838322404014,306.5849748220485,302.98703781876026,306.16571044921875,24315000
2023-05-18 00:00:00-04:00,306.6824666262682,311.07995152372933,305.8926785291236,310.5729064941406,27276000
2023-05-19 00:00:00-04:00,308.83731401909836,310.7971739556616,308.47655029580653,310.39739990234375,27546700
2023-05-22 00:00:00-04:00,310.6509792014614,314.54141972113337,310.0757031921086,313.1665954589844,24115700
2023-05-23 00:00:00-04:00,312.04526511786804,314.66815212283035,307.3845270869392,307.394287109375,30797200
2023-05-24 00:00:00-04:00,306.87751903685313,308.60334694737196,304.81038789466385,306.01947021484375,23384900
2023-05-25 00:00:00-04:00,315.1751430242443,318.7438294879401,312.0159906409768,317.7882995605469,43301700
2023-05-26 00:00:00-04:00,315.935693050292,325.0816668912498,315.7992015223041,324.58441162109375,36630600
2023-05-30 00:00:00-04:00,326.86597805939425,327.36323325803346,322.27347175530826,322.9462585449219,29503100
2023-05-31 00:00:00-04:00,323.9993748636306,327.5583014347169,319.16310540886235,320.1966857910156,45950600
2023-06-01 00:00:00-04:00,317.7980879864151,325.2084750715489,316.61828563761367,324.28216552734375,26773900
2023-06-02 00:00:00-04:00,325.9104672337744,329.0793797798021,324.25287030723234,327.0317687988281,25873800
2023-06-05 00:00:00-04:00,326.8562818593042,330.11294548453895,326.31025620693947,327.5583190917969,21307100
2023-06-06 00:00:00-04:00,326.96353250247705,327.0025428376745,323.88240041372416,325.3547058105469,20396200
2023-06-07 00:00:00-04:00,323.37532887108034,326.1444673202271,314.45362725824225,315.3116760253906,40717100
2023-06-08 00:00:00-04:00,315.8576718437754,318.49031851672504,315.2823959646681,317.1447448730469,23277700
2023-06-09 00:00:00-04:00,316.88142813337083,321.75667718188527,316.315912336453,318.63653564453125,22529000
2023-06-12 00:00:00-04:00,320.3819105271756,323.81410551348466,317.0472562466259,323.5703430175781,24260300
2023-06-13 00:00:00-04:00,326.1249342097831,328.57231892797256,322.1467437962909,325.9494323730469,22951300
2023-06-14 00:00:00-04:00,325.99819005349843,330.5809366273575,324.5063648507166,328.92333984375,26003800
2023-06-15 00:00:00-04:00,329.0599201554074,341.11152517053205,328.78690731624766,339.4149475097656,38899100
2023-06-16 00:00:00-04:00,342.5545998111812,342.70085137133475,333.41838536086453,333.78887939453125,46552000
2023-06-20 00:00:00-04:00,330.84423422142726,333.54511218147553,327.48029960440283,329.61566162109375,26375400
2023-06-21 00:00:00-04:00,327.97762052750534,329.30370423031894,323.78491670401513,325.23773193359375,25117800
2023-06-22 00:00:00-04:00,325.7836965611128,331.63399647710884,325.0231587622799,331.2342224121094,23556800
2023-06-23 00:00:00-04:00,326.01771828331994,329.5279043913859,325.13044892910204,326.6612548828125,23146900
2023-06-26 00:00:00-04:00,325.39367934124914,327.7240333118318,320.29415725203825,320.40142822265625,21520600
2023-06-27 00:00:00-04:00,323.5800965917035,327.7630696544983,321.08397083431,326.2225036621094,24354100
2023-06-28 00:00:00-04:00,326.3102994681185,329.54747323357384,325.48150085713195,327.4706115722656,20259500
2023-06-29 00:00:00-04:00,326.35897729326905,327.72404134255896,324.3211263632283,326.69049072265625,16997000
2023-06-30 00:00:00-04:00,329.3231809112348,334.17894126353815,328.7869152430103,332.0435791015625,26832800
2023-07-03 00:00:00-04:00,330.727231395335,332.394558661991,328.1726050055835,329.5571594238281,12508700
2023-07-05 00:00:00-04:00,326.7295145394102,333.12584042536054,326.3785108077479,329.7131652832031,18172400
2023-07-06 00:00:00-04:00,328.8843301211992,334.43236661409844,327.1292521462773,332.7552795410156,28161200
2023-07-07 00:00:00-04:00,330.8539462339244,333.2623207283037,328.5918232764179,328.80633544921875,21214800
2023-07-10 00:00:00-04:00,326.25178071727987,326.8660670625544,319.4166697574399,323.5508728027344,32791400
2023-07-11 00:00:00-04:00,322.80007207810127,324.55515029230673,318.84137119543414,324.1748962402344,26698200
2023-07-12 00:00:00-04:00,328.201859758283,333.12585071299276,327.2950703339859,328.7868957519531,29995300
2023-07-13 00:00:00-04:00,331.0879956045949,335.16369770913235,330.56146024108614,334.11065673828125,20567200
2023-07-14 00:00:00-04:00,338.91765538868515,342.661844143398,335.7194923009407,336.62628173828125,28352700
2023-07-17 00:00:00-04:00,337.0552945851425,338.33260777182664,333.66213945063294,337.10406494140625,20363900
2023-07-18 00:00:00-04:00,337.20153461943244,357.62884439822335,333.63287773911316,350.5207214355469,64738600
2023-07-19 00:00:00-04:00,352.72433009882633,353.4166072525743,343.64661716979606,346.2207336425781,39732900
2023-07-20 00:00:00-04:00,344.74845393864297,349.0386682151087,336.7530316118285,338.2156066894531,33778400
2023-07-21 00:00:00-04:00,340.4386749626526,341.55997642385313,331.35120253084744,335.1929016113281,69405400
2023-07-24 00:00:00-04:00,337.2210689969038,338.2643797019485,333.7693834548789,336.49951171875,26678100
2023-07-25 00:00:00-04:00,338.4496147386664,343.11038262849917,336.4605340248674,342.22308349609375,41637700
2023-07-26 00:00:00-04:00,332.92106736693563,336.07048951280683,324.7988843745913,329.3426208496094,58383700
2023-07-27 00:00:00-04:00,331.9850652931189,332.81383406452954,320.84022015182325,322.46856689453125,39635300
2023-07-28 00:00:00-04:00,325.3449560601863,331.52676966933615,324.8574310459994,329.92767333984375,28484900
2023-07-31 00:00:00-04:00,328.51383777853505,329.2743755389443,325.04263262807757,327.5387878417969,25446000
2023-08-01 00:00:00-04:00,326.827001708787,330.0934250583603,325.37418677597503,327.94830322265625,18311900
2023-08-02 00:00:00-04:00,325.30588726504845,325.30588726504845,318.21725578875714,319.3288269042969,27761300
2023-08-03 00:00:00-04:00,317.8663510212776,321.6495503895118,317.81761041591994,318.5098876953125,18253700
2023-08-04 00:00:00-04:00,323.5996401737791,326.7783131025437,319.07539331182784,319.6019287109375,23741500
2023-08-07 00:00:00-04:00,320.1771409046875,322.84876819218033,319.3483425125627,321.87371826171875,17741500
2023-08-08 00:00:00-04:00,318.802429937213,320.5477782631346,314.9412391756425,317.9151306152344,22327600
2023-08-09 00:00:00-04:00,318.32454016439254,318.94855662350545,313.039756644874,314.1903381347656,22373300
2023-08-10 00:00:00-04:00,317.88576445394,320.0698965106326,313.1665264082013,314.87286376953125,20113700
2023-08-11 00:00:00-04:00,312.26959733456596,314.3659493855707,311.24577673558343,313.0008850097656,24355500
2023-08-14 00:00:00-04:00,313.37138426545255,315.9747515213893,312.0940411840079,315.95526123046875,18836100
2023-08-15 00:00:00-04:00,314.9410999147791,316.9789505199591,312.8934892891786,313.82952880859375,16966300
2023-08-16 00:00:00-04:00,313.45825308321696,316.99543186990195,312.48113879078903,313.0674133300781,20698900
2023-08-17 00:00:00-04:00,313.20426358487214,314.50381263909213,308.9733414603899,309.6280212402344,21257200
2023-08-18 00:00:00-04:00,307.29264399147314,311.0936326512173,304.4199257759019,309.23712158203125,24755000
2023-08-21 00:00:00-04:00,310.65399674996837,315.383227213463,309.7843803763491,314.51361083984375,24040000
2023-08-22 00:00:00-04:00,318.0507585907704,318.61747186045255,314.1032077999083,315.080322265625,16084600
2023-08-23 00:00:00-04:00,316.40920172771865,321.66608212966844,316.05742502712076,319.51641845703125,21166400
2023-08-24 00:00:00-04:00,325.2325153533981,325.35954498918005,312.63749714645934,312.64727783203125,23281400
2023-08-25 00:00:00-04:00,314.1128964356885,317.9138550874858,311.5039884563339,315.5883483886719,21684100
2023-08-28 00:00:00-04:00,318.2071590610658,318.68593569526956,314.35732497190827,316.2920227050781,14808500
2023-08-29 00:00:00-04:00,314.51363868595456,321.45115801127633,314.51363868595456,320.8941955566406,19284600
2023-08-30 00:00:00-04:00,321.1481929412585,322.26208781651366,318.97899784822044,321.26544189453125,15222100
2023-08-31 00:00:00-04:00,321.66608035944125,323.3369376753796,319.30145033255354,320.259033203125,26411000
2023-09-01 00:00:00-04:00,323.7277749745022,324.3922056211829,319.3014478601216,321.138427734375,14942000
2023-09-05 00:00:00-04:00,321.47061510740485,327.1867399112931,321.13839981294905,325.9164733886719,18553900
2023-09-06 00:00:00-04:00,325.7504285755841,326.8056990885685,322.6236503266788,325.2618713378906,17535800
2023-09-07 00:00:00-04:00,323.70825547986243,325.4572688809115,321.4999672739755,322.3598327636719,18381000
2023-09-08 00:00:00-04:00,322.5356945258159,328.4667861972207,321.92010767166425,326.6200256347656,19530100
2023-09-11 00:00:00-04:00,329.5220626550476,330.67508035139593,327.7534879124914,330.2060546875,16583300
2023-09-12 00:00:00-04:00,328.13454656577954,329.08234867340195,323.89387388585794,324.1772155761719,17565500
2023-09-13 00:00:00-04:00,323.7277859536388,329.141008354495,323.59100543664357,328.36907958984375,16544400
2023-09-14 00:00:00-04:00,331.3882613613132,333.05911822535313,328.86731994923815,330.9485778808594,20267000
2023-09-15 00:00:00-04:00,329.2094292987057,329.6784251727831,322.10578782450574,322.6627502441406,37679800
2023-09-18 00:00:00-04:00,320.2981230556272,322.8386267343985,318.8910757818205,321.529296875,16834200
2023-09-19 00:00:00-04:00,318.7054070395551,321.8517165023023,317.0833936077872,321.1286315917969,16505900
2023-09-20 00:00:00-04:00,321.9689546587249,322.0471106852366,313.1749256275898,313.428955078125,21436500
2023-09-21 00:00:00-04:00,311.95356654433346,317.9041899225686,307.79104947595397,312.2173767089844,35560400
2023-09-22 00:00:00-04:00,313.96639594173394,314.0934255806642,308.9147015377864,309.7550354003906,21447900
2023-09-25 00:00:00-04:00,309.34464808220946,310.39994834578414,307.7910397456029,310.2729187011719,17836000
2023-09-26 00:00:00-04:00,307.918083681108,308.650919524038,302.92501329864484,304.99652099609375,26297600
2023-09-27 00:00:00-04:00,305.1527550406469,307.10698345542954,302.60250127255193,305.6315612792969,19410100
2023-09-28 00:00:00-04:00,303.87278132742597,308.26004502387354,302.36804670236813,306.462158203125,19683600
2023-09-29 00:00:00-04:00,310.4780935014134,312.1587314237549,307.77149741019485,308.52386474609375,24147300
2023-10-02 00:00:00-04:00,309.04173366618016,314.523360821819,307.96690188868587,314.4353942871094,20570000
2023-10-03 00:00:00-04:00,313.4875679533543,314.03477939534076,304.0877331522798,306.2178649902344,21033500
2023-10-04 00:00:00-04:00,306.84323355961436,312.71570064039577,306.8139213204077,311.660400390625,20720100
2023-10-05 00:00:00-04:00,311.7873983700248,312.6570444101147,307.6932870679997,312.05120849609375,16965600
2023-10-06 00:00:00-04:00,309.3055602997531,321.65630098463043,309.06128169271835,319.7704772949219,25673600
2023-10-09 00:00:00-04:00,317.3179339483483,322.7409074969346,315.7838570263933,322.27191162109375,19891200
2023-10-10 00:00:00-04:00,323.38576454759857,323.52257487302114,320.1710797301385,320.8746032714844,20557100
2023-10-11 00:00:00-04:00,323.63001764409694,325.2031871666955,321.6074137138443,324.8123474121094,20063200
2023-10-12 00:00:00-04:00,323.00465243306866,325.9946195382519,321.19698517583004,323.5811462402344,19313100
2023-10-13 00:00:00-04:00,324.7733126546174,326.19011074612195,318.8910644547027,320.229736328125,21072400
2023-10-16 00:00:00-04:00,323.47370563502346,328.4472441018182,323.03402205271703,325.02734375,22158000
2023-10-17 00:00:00-04:00,322.0471583622745,325.828586634413,319.9170559493173,324.46063232421875,18338500
2023-10-18 00:00:00-04:00,324.88074324116036,327.909803713785,320.78663169696983,322.5552062988281,23153600
2023-10-19 00:00:00-04:00,324.54860184439923,329.17036454357265,323.3369893071052,323.73760986328125,25052100
2023-10-20 00:00:00-04:00,324.12835446088064,324.32378924714186,318.0018585787794,319.1939392089844,25027700
2023-10-23 00:00:00-04:00,318.0213985858915,325.1152580837002,316.96612824184217,321.7832946777344,24374700
2023-10-24 00:00:00-04:00,323.71803518553446,324.2456853865201,320.10272927891094,322.9656677246094,31153600
2023-10-25 00:00:00-04:00,337.1240202368528,338.2770379621599,329.89337919706037,332.87359619140625,55053800
2023-10-26 00:00:00-04:00,332.7465382675552,333.8115893601042,319.45777677753637,320.38604736328125,37828500
2023-10-27 00:00:00-04:00,322.867891093588,329.0139487725961,320.8843501338627,322.2620849609375,29856500
2023-10-30 00:00:00-04:00,325.77971392594014,331.6814932194884,324.23585648353105,329.5904541015625,22828100
2023-10-31 00:00:00-04:00,331.0952162716641,331.241777466002,327.0304168400943,330.37213134765625,20265300
2023-11-01 00:00:00-04:00,332.01374650613616,339.4691349616439,331.8769361620282,338.1500244140625,28158800
2023-11-02 00:00:00-04:00,339.29321044253436,340.84681883225545,336.879736569886,340.3485107421875,24348100
2023-11-03 00:00:00-04:00,341.62851616542054,346.27959030223104,339.38113512943426,344.7259521484375,23637700
2023-11-06 00:00:00-05:00,345.361075900052,349.3574699781312,345.26335850207806,348.3705749511719,23828300
2023-11-07 00:00:00-05:00,351.1749086935178,354.16487636600215,349.4454269438777,352.279052734375,25833900
2023-11-08 00:00:00-05:00,353.4027369651116,355.54261993465985,352.2985928972702,354.8879699707031,26767800
2023-11-09 00:00:00-05:00,354.00859546088725,356.4416310081341,352.1129908166349,352.4354553222656,24847300
2023-11-10 00:00:00-05:00,353.21708130319655,361.6300519453443,352.8067099465058,361.20989990234375,28042100
2023-11-13 00:00:00-05:00,359.7930027882229,360.03728134560396,357.526090619128,358.2882385253906,19986500
2023-11-14 00:00:00-05:00,362.5192580985715,363.43774810881337,358.94301547087497,361.7961730957031,27683900
2023-11-15 00:00:00-05:00,363.51938712911283,365.3307238214912,359.4365366374243,361.94305419921875,26860100
2023-11-16 00:00:00-05:00,363.20606948048294,368.48342035388106,362.4423744800686,368.30718994140625,27182300
2023-11-17 00:00:00-05:00,365.80068027610133,366.544804095545,359.3288587696676,362.1192932128906,40157000
2023-11-20 00:00:00-05:00,363.4606399313925,370.95073116555085,363.24523724780994,369.5506286621094,52465100
2023-11-21 00:00:00-05:00,367.8176632886869,368.35615509696635,363.3627506177611,365.2720031738281,28423100
2023-11-22 00:00:00-05:00,370.09894608755127,371.8515394102055,367.13228112759265,369.95208740234375,23345300
2023-11-24 00:00:00-05:00,369.44285575599235,370.06949251389324,367.2986596667437,369.540771484375,10176600
2023-11-27 00:00:00-05:00,368.9044009726802,372.683733332582,368.336537498751,370.6961364746094,22179200
2023-11-28 00:00:00-05:00,370.4415726583984,374.994370396148,370.25554172918464,374.7006530761719,20453100
2023-11-29 00:00:00-05:00,375.7385254123956,376.26721663239306,369.55062106548934,370.93115234375,28963400
2023-11-30 00:00:00-05:00,370.578664516551,372.1452267516367,367.6218003340975,370.9898986816406,30554400
2023-12-01 00:00:00-05:00,368.8848238631299,370.25555453657734,363.54872995472044,366.6818542480469,33040500
2023-12-04 00:00:00-05:00,361.3849305128498,361.79613477265366,355.3145134346435,361.4241027832031,32063300
2023-12-05 00:00:00-05:00,358.7903592232799,365.2817517868028,357.9776914107373,364.73345947265625,23065000
2023-12-06 00:00:00-05:00,365.73212951183393,366.35873644463544,360.3372921206186,361.0911865234375,21182100
2023-12-07 00:00:00-05:00,360.5331422311326,363.68583789268007,358.66306211428184,363.1962890625,23118900
2023-12-08 00:00:00-05:00,361.4828850941495,366.6329187107603,360.53315912391304,366.4077453613281,20154400
2023-12-11 00:00:00-05:00,360.7778775179064,363.8326571061726,358.44762055822775,363.5389099121094,27708800
2023-12-12 00:00:00-05:00,363.09838231575895,366.5937682209635,362.7165198765075,366.5545959472656,24838300
2023-12-13 00:00:00-05:00,368.16027437565873,369.7464376106383,363.0200118977458,366.5447692871094,30955500
2023-12-14 00:00:00-05:00,365.50693426286074,365.9475401487158,356.5188251808004,358.28118896484375,43277500
2023-12-15 00:00:00-05:00,359.1819619943408,364.6159417445296,358.6238691889497,362.9808654785156,78502300
2023-12-18 00:00:00-05:00,361.72762335454945,365.2034079122954,360.97369907312446,364.8607177734375,21802900
2023-12-19 00:00:00-05:00,363.7249250586426,365.45794677734375,362.1094201402803,365.45794677734375,20603700
2023-12-20 00:00:00-05:00,367.1615597082987,368.17002893044344,362.7849927213884,362.87310791015625,26316700
2023-12-21 00:00:00-05:00,364.7725598810794,366.58389622045354,362.3052449535161,365.7320861816406,17708000
2023-12-22 00:00:00-05:00,365.8691843460341,367.33783074743565,364.9194584779402,366.7503662109375,17107500
2023-12-26 00:00:00-05:00,367.1616249726416,369.0610768362086,365.69297847275107,366.8287353515625,12673100
2023-12-27 00:00:00-05:00,365.8789757378514,367.2203346368523,365.0173650898164,366.25103759765625,14905400
2023-12-28 00:00:00-05:00,367.5239062248259,368.59111915362496,366.33920635042557,367.435791015625,14327000
2023-12-29 00:00:00-05:00,368.140698335078,369.2764551389083,365.67338313483896,368.17987060546875,18730800
2024-01-02 00:00:00-05:00,366.0454121665628,368.0427796247224,359.1036138103624,363.117919921875,25258600
2024-01-03 00:00:00-05:00,361.2968758344811,365.45804133585006,360.80732695196707,362.8536376953125,23083500
2024-01-04 00:00:00-05:00,362.9221232500447,365.30132326469203,359.49528162444665,360.2491760253906,20901500
2024-01-05 00:00:00-05:00,361.25767175006894,364.28307999206555,358.8392992881915,360.06317138671875,21004600
2024-01-08 00:00:00-05:00,361.58071261682426,367.35741205524755,361.2967958412056,366.8580627441406,23134000
2024-01-09 00:00:00-05:00,364.2341014424794,368.1308907001316,363.4312342532303,367.9350891113281,20830000
2024-01-10 00:00:00-05:00,368.5029465849431,376.1399255368866,368.4540036584579,374.7691650390625,25514200
2024-01-11 00:00:00-05:00,377.9316910243427,382.5138608324762,372.4291670394017,376.59033203125,27850800
2024-01-12 00:00:00-05:00,377.43234537080764,380.55566927985785,376.6099069263744,380.3500671386719,21661200
2024-01-16 00:00:00-05:00,385.43158211314164,385.7938434606626,379.51782397721394,382.1124267578125,27202300
2024-01-17 00:00:00-05:00,379.87028626114164,381.9557389879291,376.7665338147622,381.3291320800781,22234100
2024-01-18 00:00:00-05:00,383.5321225973024,385.75466344784127,381.96556042243856,385.6371765136719,23392100
2024-01-19 00:00:00-05:00,387.48764513323476,390.3368225097656,385.2748751705021,390.3368225097656,29331100
2024-01-22 00:00:00-05:00,391.6586277842315,392.2460923450514,385.36303712070327,388.2220153808594,27016900
2024-01-23 00:00:00-05:00,387.4778603727062,391.0319893054533,385.69589563777015,390.56201171875,20525900
2024-01-24 00:00:00-05:00,393.14686950723774,397.1513752160577,392.079656679383,394.1455383300781,24867000
2024-01-25 00:00:00-05:00,395.8687348533506,398.5025096949156,394.11614184479663,396.4072265625,21021200
2024-01-26 00:00:00-05:00,395.9177133168471,397.680107020746,394.0182614789132,395.4869079589844,17803300
2024-01-29 00:00:00-05:00,397.57238286313674,401.41045873539736,395.8785331996652,401.1558837890625,24510200
2024-01-30 00:00:00-05:00,403.64280098293807,404.41626660201007,397.9542461080957,400.04949951171875,33477600
2024-01-31 00:00:00-05:00,398.45362583308616,406.6388988452341,388.90742243854083,389.2696838378906,47871100
2024-02-01 00:00:00-05:00,393.430744217634,399.4717890769623,393.401372487154,395.3399963378906,30657700
2024-02-02 00:00:00-05:00,395.36933506381877,404.02455285240575,395.1245607036901,402.62445068359375,28256700
2024-02-05 00:00:00-05:00,401.33206284957225,402.5657352720622,395.5455929874579,397.1708984375,25352300
2024-02-06 00:00:00-05:00,397.39614463854895,399.4424550677267,394.4882235276778,397.0142822265625,18382600
2024-02-07 00:00:00-05:00,398.9235343367266,405.64012962816963,398.88436206584436,405.3953552246094,22340500
2024-02-08 00:00:00-05:00,405.39538860876115,406.87383568951475,403.9071708692484,405.4541320800781,21225300
2024-02-09 00:00:00-05:00,406.5702855474464,412.0238664464446,406.41362634312986,411.7594909667969,22032800
2024-02-12 00:00:00-05:00,411.769283442755,411.94551383927785,406.0807287884979,406.580078125,21202900
2024-02-13 00:00:00-05:00,396.4758057908408,401.4985815288795,394.9582163813525,397.82696533203125,27824900
2024-02-14 00:00:00-05:00,400.27921574475005,402.01541247950905,396.8460370500132,401.6720886230469,20401200
2024-02-15 00:00:00-05:00,400.34788638470263,401.3189759217452,396.5713838346197,398.79803466796875,21825500
2024-02-16 00:00:00-05:00,400.17130014605374,400.4950166150196,395.737605866878,396.34576416015625,22296500
2024-02-20 00:00:00-05:00,395.5413968145009,396.7675320143623,390.41126629664336,395.1000061035156,24307900
2024-02-21 00:00:00-05:00,392.53001248162076,394.60953289016544,389.6363215762775,394.5016174316406,18518900
2024-02-22 00:00:00-05:00,402.3587150074255,404.9482969480148,400.76964859968683,403.79083251953125,27009900
2024-02-23 00:00:00-05:00,407.73411674298126,407.92046175721333,401.162019956702,402.505859375,16295900
2024-02-26 00:00:00-05:00,403.6045434024342,404.2911912249742,399.5828131595868,399.7593994140625,16193500
2024-02-27 00:00:00-05:00,400.2007433350152,400.5244598178457,396.13979878680874,399.70050048828125,14835800
2024-02-28 00:00:00-05:00,400.38709194736896,401.48570431449235,397.5817089338175,399.9358825683594,13183100
2024-02-29 00:00:00-05:00,400.83834831741547,406.29219561123216,398.17027676875426,405.7428894042969,31947300
2024-03-01 00:00:00-05:00,403.4180998812608,407.93028353505224,403.03556125394095,407.5673522949219,17823400
2024-03-04 00:00:00-05:00,405.54668869062186,409.38204334564557,404.4480762959748,406.9984436035156,17596000
2024-03-05 00:00:00-05:00,406.0567462440755,406.3412180011649,392.991071894389,394.9626770019531,26919200
2024-03-06 00:00:00-05:00,395.2765339863949,397.4247250969949,390.7839881082766,394.413330078125,22344100
2024-03-07 00:00:00-05:00,398.3664041641416,401.95653150490796,394.5604758378121,401.3287658691406,18718500
2024-03-08 00:00:00-05:00,400.17133994719717,402.5843959078717,396.61063804407956,398.4645690917969,18002200
2024-03-11 00:00:00-04:00,396.05149669102667,397.9348236347475,393.5992262388283,396.7969665527344,16120800
2024-03-12 00:00:00-04:00,399.8378019777306,407.63603426425436,399.02366133031137,407.3515625,22457000
2024-03-13 00:00:00-04:00,410.1177430442753,410.19620253246603,403.5947092048327,407.1750183105469,17115900
2024-03-14 00:00:00-04:00,412.2168124659908,419.6521126654565,410.0097692297409,417.10174560546875,34157300
2024-03-15 00:00:00-04:00,411.28505067232237,414.53185475986993,404.9091467039747,408.4698486328125,45079900
2024-03-18 00:00:00-04:00,406.34123515822085,412.69753127897746,405.8802070917239,409.3526306152344,20106000
2024-03-19 00:00:00-04:00,409.8528945727863,413.6196087209555,407.6164248857175,413.36456298828125,19837900
2024-03-20 00:00:00-04:00,413.94325853489937,417.8276466076136,412.62884514501485,417.1116027832031,17860100
2024-03-21 00:00:00-04:00,421.6236946735433,422.5948140004444,419.0046869391771,421.1724853515625,21296200
2024-03-22 00:00:00-04:00,421.4962894258474,421.65320840400005,417.93558766825475,420.5545959472656,17648500
2024-03-25 00:00:00-04:00,417.1213703760103,419.24995422394994,413.5606690168653,414.78680419921875,18060500
2024-03-26 00:00:00-04:00,417.48433323864253,417.8570831519167,413.30568457627095,413.5999450683594,16725600
2024-03-27 00:00:00-04:00,416.3367601466432,416.3465788097432,411.01043476437235,413.38421630859375,16705000
2024-03-28 00:00:00-04:00,412.92315255513495,413.81578270674646,411.1182848623514,412.687744140625,21871200
2024-04-01 00:00:00-04:00,415.856044584665,419.720825298805,414.15906261710444,416.4642028808594,16316000
2024-04-02 00:00:00-04:00,412.08932675524255,414.31600751259526,409.8626759328322,413.3939514160156,17912000
2024-04-03 00:00:00-04:00,411.7166269488562,415.17923184367993,411.0888313055727,412.4228820800781,16502300
2024-04-04 00:00:00-04:00,416.8761903565226,420.4859554910503,409.59786785676073,409.9019470214844,19370900
2024-04-05 00:00:00-04:00,411.9912731648726,418.36717662742586,410.33353586981326,417.39605712890625,16554800
2024-04-08 00:00:00-04:00,417.0527386666228,419.12244053087517,415.21841524840187,416.4837951660156,14272400
2024-04-09 00:00:00-04:00,418.2985199584035,419.5736887198931,413.5705349702072,418.1415710449219,12496900
2024-04-10 00:00:00-04:00,414.1296507389469,415.93451830181,411.68719880938414,415.1792297363281,16216600
2024-04-11 00:00:00-04:00,417.6903079757618,421.17251987057847,414.29634428569665,419.760009765625,17966400
2024-04-12 00:00:00-04:00,415.9541310748391,417.06256218596104,411.75584496590756,413.8451843261719,19253800
2024-04-15 00:00:00-04:00,418.4554515197094,418.6712525249299,405.5368771254888,405.7428894042969,20273500
2024-04-16 00:00:00-04:00,406.6550977488978,410.4119627811132,405.8311384974836,406.6648864746094,16765600
2024-04-17 00:00:00-04:00,409.2839508985917,410.8828360715611,402.4960529094379,403.97723388671875,15855500
2024-04-18 00:00:00-04:00,402.7903496970384,404.02630364117994,396.23788993068626,396.5517578125,21029900
2024-04-19 00:00:00-04:00,396.31635459832717,397.738683518828,390.1758594431205,391.5000915527344,30565800
2024-04-22 00:00:00-04:00,392.441727661041,395.1588624515417,388.1944084543801,393.304931640625,20286900
2024-04-23 00:00:00-04:00,396.52234656320184,400.40676483693346,395.3648819975192,399.7887878417969,15734500
2024-04-24 00:00:00-04:00,401.74082038465986,404.5952672679176,399.0138963761614,401.2503662109375,15065300
2024-04-25 00:00:00-04:00,386.5072107491817,392.25534768176107,380.6217622511499,391.42156982421875,40586500
2024-04-26 00:00:00-04:00,404.3010028701169,405.1151436193312,398.01337683095016,398.56268310546875,29694700
2024-04-29 00:00:00-04:00,397.5130062731547,398.56258512123486,391.5687056006696,394.5702819824219,19582100
2024-04-30 00:00:00-04:00,393.8248513162942,394.4820730278576,381.74008419354954,381.8970031738281,28781400
2024-05-01 00:00:00-04:00,385.11436938308555,394.05045900742965,382.85829240714,387.39990234375,23562500
2024-05-02 00:00:00-04:00,390.0679505478797,392.29460134045365,387.11540734616494,390.2445068359375,17709400
2024-05-03 00:00:00-04:00,394.59976579857647,399.37678414031285,394.1877711661832,398.8961486816406,17446700
2024-05-06 00:00:00-04:00,400.95609583749865,406.02737510572115,398.61171057588416,405.64483642578125,16996600
2024-05-07 00:00:00-04:00,406.74337133005633,406.7531899905989,401.2797058272895,401.5249328613281,20018200
2024-05-08 00:00:00-04:00,400.37736994582315,404.3598554078132,398.9452222175611,402.7021179199219,11792300
2024-05-09 00:00:00-04:00,402.7315305808264,404.84047745279514,401.28959417288524,404.4481201171875,14689700
2024-05-10 00:00:00-04:00,405.05627644521434,407.4496950958414,403.9380266126503,406.8218994140625,13402300
2024-05-13 00:00:00-04:00,410.029454744504,410.3629599472109,402.9767222457907,405.82135009765625,15440200
2024-05-14 00:00:00-04:00,404.1538152820149,409.5193847249845,403.69278719697195,408.6071472167969,15109300
2024-05-15 00:00:00-04:00,410.66092785109674,416.46855556809163,410.0418362179186,415.7511901855469,22239500
2024-05-16 00:00:00-04:00,414.49335406459187,418.05067177577746,413.0684896947791,413.6973876953125,17530100
2024-05-17 00:00:00-04:00,415.2205635959117,415.5939858480529,410.7886784280323,412.930908203125,15352200
2024-05-20 00:00:00-04:00,412.9308753558347,419.3772369114519,412.71468512121004,417.9720153808594,16272100
2024-05-21 00:00:00-04:00,419.43623228216074,425.46988664412265,417.49054998726376,421.60797119140625,21453300
2024-05-22 00:00:00-04:00,422.63977275649836,424.91959180983645,419.7310556819618,423.06231689453125,18073700
2024-05-23 00:00:00-04:00,425.4698880093599,426.0889796466093,418.0506847119264,419.6033020019531,17211700
2024-05-24 00:00:00-04:00,419.7900037534496,423.59296088139126,417.05816150216543,422.70855712890625,11855300
2024-05-28 00:00:00-04:00,422.1877033571548,423.3570918822038,419.2101919839553,422.8657531738281,15718000
2024-05-29 00:00:00-04:00,418.31604980222716,423.475107447148,418.31604980222716,421.73577880859375,15517100
2024-05-30 00:00:00-04:00,416.9500674611062,416.9500674611062,407.0643338259667,407.4869079589844,28394500
2024-05-31 00:00:00-04:00,409.5308671519035,409.5308671519035,397.50290358954135,407.9389343261719,47995300
2024-06-03 00:00:00-04:00,408.33200300435846,409.21640680558284,401.8365187640821,406.3568115234375,17484700
2024-06-04 00:00:00-04:00,405.2856495851976,409.226195718034,402.58328662384173,408.86260986328125,14348900
2024-06-05 00:00:00-04:00,410.57248754759564,416.7338647316788,409.0886349128657,416.66510009765625,16988000
2024-06-06 00:00:00-04:00,416.66505364933033,417.942522272772,413.294447378338,417.16619873046875,14861300
2024-06-07 00:00:00-04:00,418.8172023955245,418.89580340788024,415.67262210037114,416.5079040527344,13621700
2024-06-10 00:00:00-04:00,417.3431202309482,420.66454478320344,416.5471539046789,420.45819091796875,13982900
2024-06-11 00:00:00-04:00,418.10961578141064,425.3224647271418,417.8835891699695,425.18487548828125,14551100
2024-06-12 00:00:00-04:00,427.7791794767063,435.71920053687387,425.7450298401941,433.41973876953125,22366200
2024-06-13 00:00:00-04:00,433.2134201697404,435.7094296372952,431.7590465451533,433.9307556152344,15960600
2024-06-14 00:00:00-04:00,430.68786981308114,435.4636977946633,429.15489539650804,434.903564453125,13582000
2024-06-17 00:00:00-04:00,434.92324397820295,443.1286073434569,433.0856417971322,440.6031188964844,20790000
2024-06-18 00:00:00-04:00,441.9199562747978,442.34253045464123,437.18347280743205,438.60833740234375,17112500
2024-06-20 00:00:00-04:00,438.5689526211533,438.79497924029823,433.6260860366594,437.9793701171875,19877400
2024-06-21 00:00:00-04:00,439.63025801243765,442.774807970896,438.77533339876635,441.9886779785156,34187100
2024-06-24 00:00:00-04:00,442.0083612472025,444.9072720890794,438.67709986214254,439.915283203125,15913700
2024-06-25 00:00:00-04:00,440.48515617122325,443.6002568065394,439.01114003233465,443.1383972167969,16413400
2024-06-26 00:00:00-04:00,441.2221891732116,445.7425115856911,440.42622281234816,444.32745361328125,16507000
2024-06-27 00:00:00-04:00,444.3470860716105,448.267989524247,443.9441847148766,445.0054931640625,14806300
2024-06-28 00:00:00-04:00,445.2217457631377,447.4917286115272,438.6771093729576,439.207763671875,28362300
2024-07-01 00:00:00-04:00,440.88808384173325,449.447196335744,437.94005138791704,448.81829833984375,17662800
2024-07-02 00:00:00-04:00,445.3494309967801,451.6287242891569,445.2609636362825,451.3240966796875,13979800
2024-07-03 00:00:00-04:00,450.2530351597629,453.0339994689676,449.9484075142332,452.788330078125,9932800
2024-07-05 00:00:00-04:00,451.6483651745115,460.2369864186551,451.0194672052492,459.4606628417969,16000300
2024-07-08 00:00:00-04:00,458.46817132419625,459.598274429734,456.4143789671548,458.1635437011719,12962300
2024-07-09 00:00:00-04:00,458.91038601076474,459.23465638604694,450.06628863582495,451.5796203613281,17207200
2024-07-10 00:00:00-04:00,453.2305340754163,458.3797547644369,450.9113994976311,458.17340087890625,18196100
2024-07-11 00:00:00-04:00,454.96002402992053,456.72883147324404,443.7279978013262,446.8234558105469,23111200
2024-07-12 00:00:00-04:00,446.459846610387,448.45468069664645,442.8436006787632,445.693359375,16324300
2024-07-15 00:00:00-04:00,445.44771219074863,449.3391368001631,443.61011000854984,446.0962829589844,14429400
2024-07-16 00:00:00-04:00,446.3518119574386,446.4304129687703,438.9227718455909,441.73321533203125,17175700
2024-07-17 00:00:00-04:00,434.92318387202874,437.14404437719276,431.5722503624344,435.8370666503906,21778000
2024-07-18 00:00:00-04:00,436.6429302135875,436.9475578488645,426.8751131633182,432.74169921875,20794800
2024-07-19 00:00:00-04:00,425.5976003585523,433.4983352820313,424.51664918921864,429.5381164550781,20940400
2024-07-22 00:00:00-04:00,434.1371082507153,436.898429671943,431.306992206013,435.2671813964844,15808800
2024-07-23 00:00:00-04:00,436.21054835742433,440.62279084734524,435.4244183311835,437.14410400390625,13107100
2024-07-24 00:00:00-04:00,432.82034171919196,433.83249840274334,420.18309274942834,421.47039794921875,26805800
2024-07-25 00:00:00-04:00,421.37206072933304,422.35473813773996,410.2776543804513,411.1522216796875,29943800
2024-07-26 00:00:00-04:00,410.95572197330205,421.49002544679837,410.04180915234855,417.9032287597656,23583800
2024-07-29 00:00:00-04:00,424.10394408211863,424.66407745687695,417.34314804369717,419.3379821777344,15125800
2024-07-30 00:00:00-04:00,420.31083428857175,421.6177822082065,410.13027948455533,415.593994140625,32687600
2024-07-31 00:00:00-04:00,413.2159000993034,414.4737261342931,405.06949500365346,411.1031494140625,42891400
2024-08-01 00:00:00-04:00,413.50088916463085,420.05533154219523,405.9342601346404,409.8846130371094,30296400
2024-08-02 00:00:00-04:00,405.34465060644726,407.8111808388244,397.335834619087,401.4139404296875,29437900
2024-08-05 00:00:00-04:00,382.42860065253456,394.09297731515574,378.9007621776494,388.30499267578125,40709200
2024-08-06 00:00:00-04:00,393.07097221564607,398.6427664419344,391.5969560698374,392.6877136230469,24946500
2024-08-07 00:00:00-04:00,401.5613573427881,402.97638538590667,390.58483621712907,391.5281982421875,20650900
2024-08-08 00:00:00-04:00,395.46871662305415,398.8294567188382,393.0120229903142,395.7143859863281,20203000
2024-08-09 00:00:00-04:00,397.03117577316215,400.9815283942931,395.2918474526737,398.9866943359375,19276700
2024-08-12 00:00:00-04:00,400.008700380632,401.6792641246606,397.23754263585204,399.7630310058594,16762900
2024-08-13 00:00:00-04:00,402.49487016333154,407.7620371122612,402.475227409518,406.83831787109375,19414300
2024-08-14 00:00:00-04:00,407.6145724584555,410.4840036540826,405.305304565642,409.6388854980469,18267000
2024-08-15 00:00:00-04:00,413.27150876832536,414.5611340262228,411.16480439429694,414.4823913574219,20752100
2024-08-16 00:00:00-04:00,414.05909962624725,414.787581998409,410.81040112271256,411.96221923828125,22775600
2024-08-19 00:00:00-04:00,412.44459964164133,415.19121979816396,409.98347800679744,414.9746398925781,15234000
2024-08-20 00:00:00-04:00,415.14205004692775,419.2373304106215,415.08298552534507,418.1938171386719,16387600
2024-08-21 00:00:00-04:00,417.48500333716095,419.76893159636126,415.1617187597954,417.5440979003906,16067300
2024-08-22 00:00:00-04:00,417.7606059891525,420.1528389914807,408.1622318516386,409.0876159667969,19361900
2024-08-23 00:00:00-04:00,410.4954277824997,412.73996960606866,405.6814592418378,410.3083801269531,18493800
2024-08-26 00:00:00-04:00,409.8948480483377,410.7906998560521,404.94307292164314,407.05963134765625,13152800
2024-08-27 00:00:00-04:00,406.43949576869113,407.9161688910183,403.8700989564779,407.4042663574219,13492900
2024-08-28 00:00:00-04:00,408.42813090646126,408.54625995788336,400.9758461349833,404.2146911621094,14882700
2024-08-29 00:00:00-04:00,408.4871383812944,415.48655408743093,404.2146347079457,406.6954345703125,17045200
2024-08-30 00:00:00-04:00,409.13683384861065,410.9974260333262,405.7207960910566,410.65289306640625,24308300
2024-09-03 00:00:00-04:00,411.41094371784055,413.3503087826454,400.7001374742272,403.0726623535156,20313600
2024-09-04 00:00:00-04:00,399.59758459335677,404.8446830658677,398.0815251485243,402.54107666015625,15135800
2024-09-05 00:00:00-04:00,401.28095677141835,406.67574622741506,399.8141378862011,402.03900146484375,14195500
2024-09-06 00:00:00-04:00,402.6985921439958,404.2638620080845,394.56703607993364,395.45306396484375,19609500
2024-09-09 00:00:00-04:00,400.9068736495872,402.2949499033103,395.89603343829765,399.4105224609375,15295100
2024-09-10 00:00:00-04:00,401.8519446669211,409.8554868302287,401.3597203496137,407.7586364746094,19594300
2024-09-11 00:00:00-04:00,409.03843011648604,417.39638986900843,403.21048066101315,416.461181640625,19266900
2024-09-12 00:00:00-04:00,416.72694031699655,420.7237992857079,413.2223056552003,420.35955810546875,17395700
2024-09-13 00:00:00-04:00,419.2078129966604,425.1145057080557,418.8435717530032,423.893798828125,15874600
2024-09-16 00:00:00-04:00,423.9035976857479,426.7880250402565,421.5606050753592,424.632080078125,13834700
2024-09-17 00:00:00-04:00,433.3838592052121,434.9786612819886,425.54762597309116,428.3828430175781,18874200
2024-09-18 00:00:00-04:00,428.2351941115192,429.2491750935579,423.71657808226,424.1103515625,18898000
2024-09-19 00:00:00-04:00,434.368367322618,434.63415769077886,430.10568707203834,431.86785888671875,21706600
2024-09-20 00:00:00-04:00,430.42066355244185,432.4092391189892,427.4673174405253,428.5009765625,55167100
2024-09-23 00:00:00-04:00,427.52638627626743,429.67247726227924,423.6968964015023,426.76837158203125,15128900
2024-09-24 00:00:00-04:00,426.2662748026867,426.61083784634445,419.4735849772464,422.495849609375,17015800
2024-09-25 00:00:00-04:00,423.14559476109406,426.3844395741606,421.90520976014716,425.39013671875,13396400
2024-09-26 00:00:00-04:00,428.32378449228514,428.5305103087993,422.45647860828996,424.6025695800781,14492000
2024-09-27 00:00:00-04:00,424.80927883764434,425.1341637224931,420.8222737453315,421.36370849609375,14896100
2024-09-30 00:00:00-04:00,421.55078212730024,423.7264354508624,418.75495134014767,423.6082763671875,16807300
2024-10-01 00:00:00-04:00,421.78703621784,421.81656847562806,412.2969368087723,414.147705078125,19092900
2024-10-02 00:00:00-04:00,416.00832438993655,416.24461251055664,410.22961524498584,410.6430969238281,16582300
2024-10-03 00:00:00-04:00,411.1353013004486,413.02542591560956,407.84724636027164,410.062255859375,13686400
2024-10-04 00:00:00-04:00,411.73581262468696,413.2223397680441,408.51667620718774,409.5897216796875,19169700
2024-10-07 00:00:00-04:00,409.5306729821077,410.6233966552464,402.6395318501973,403.171142578125,20919800
2024-10-08 00:00:00-04:00,404.5099645290717,409.19594995144206,401.82243880752753,408.2607116699219,19229300
2024-10-09 00:00:00-04:00,409.3928021729279,413.84252930935924,407.8570646785986,410.9679260253906,14974300
2024-10-10 00:00:00-04:00,408.7726696220669,410.8596961873674,406.7249993762307,409.3731689453125,13848400
2024-10-11 00:00:00-04:00,409.6684790592566,410.6430736171545,406.8234080163179,409.8456726074219,14144900
2024-10-14 00:00:00-04:00,411.27316710591384,417.4456803506331,411.0270549042709,412.62188720703125,16653100
2024-10-15 00:00:00-04:00,415.6145639475164,415.9099165968068,408.8021954562943,412.2280578613281,18900200
2024-10-16 00:00:00-04:00,408.71362588431356,409.88509232928357,404.0965585595149,409.6488342285156,15508900
2024-10-17 00:00:00-04:00,415.79171565844746,415.9295528895068,409.12700914123224,410.23944091796875,14820000
2024-10-18 00:00:00-04:00,410.6529471112624,413.12389293089865,409.78662744422246,411.6570739746094,17145300
2024-10-21 00:00:00-04:00,409.6487883889798,412.44461909285747,407.31564977599334,412.2674255371094,14206100
2024-10-22 00:00:00-04:00,411.9818876442807,423.8838676895073,411.5389037972299,420.86163330078125,25482200
2024-10-23 00:00:00-04:00,424.159607999447,424.3761879435249,415.95916247362294,417.9969787597656,19654400
2024-10-24 00:00:00-04:00,418.7155536346828,419.35546932603506,415.83112614516494,418.1249084472656,13581600
2024-10-25 00:00:00-04:00,420.1233311665373,425.7937351729216,419.9362835126177,421.49169921875,16899100
2024-10-28 00:00:00-04:00,424.9470943239702,425.2227387354677,419.6704341057476,419.9559326171875,14882400
2024-10-29 00:00:00-04:00,421.34405104712135,426.4336641349943,419.1782518516455,425.2326354980469,17644100
2024-10-30 00:00:00-04:00,430.6372355196224,431.68074872313076,425.3802831426112,425.8035888671875,29749100
2024-10-31 00:00:00-04:00,408.9005934690843,409.6881704469,399.9814907408766,400.0307312011719,53971000
2024-11-01 00:00:00-04:00,402.64935394725995,409.0384161036912,401.162826864631,403.9881896972656,24230400
2024-11-04 00:00:00-05:00,403.42706781751014,404.0374512515174,399.26286901744754,402.10791015625,19672300
2024-11-05 00:00:00-05:00,402.0192756499378,408.4477238969609,401.7337771398714,405.06121826171875,17626000
2024-11-06 00:00:00-05:00,406.00632872643234,413.91145024796907,404.1358522419557,413.6456298828125,26681800
2024-11-07 00:00:00-05:00,414.72850912180576,420.21189508853655,413.3502870767265,418.81396484375,19901800
2024-11-08 00:00:00-05:00,418.7057298172818,419.8673720771894,415.2207729945687,415.9689636230469,16891400
2024-11-11 00:00:00-05:00,415.9492116532179,418.20360735923634,409.53061759674426,411.5093688964844,24503300
2024-11-12 00:00:00-05:00,411.7456609678349,417.8394007087299,410.71200186963034,416.4513244628906,19401200
2024-11-13 00:00:00-05:00,415.0829505962656,422.65333320998997,411.70626883397995,418.58758544921875,21502200
2024-11-14 00:00:00-05:00,418.39068982634956,421.51140536702854,413.4684464166278,420.2513122558594,30246900
2024-11-15 00:00:00-05:00,413.29128434963707,416.22492241780895,407.2073982420546,408.5462341308594,28247600
2024-11-18 00:00:00-05:00,408.4182293083614,411.8933320342017,405.6913172118432,409.2944030761719,24727000
2024-11-19 00:00:00-05:00,406.68560375296545,411.4405079817959,405.1498661250552,411.2928466796875,18133500
2024-11-20 00:00:00-05:00,410.3871084118776,410.8005900683197,404.19491792354364,409.028564453125,19191700
2024-11-21 00:00:00-05:00,413.80284233986384,414.0790385036892,404.71793020151534,407.26287841796875,20780200
2024-11-22 00:00:00-05:00,405.7832472742104,411.73135363774225,405.4774597411712,411.3367919921875,24814600
2024-11-25 00:00:00-05:00,412.69804256956826,415.36135617252853,409.2159842267064,413.10247802734375,27691100
2024-11-26 00:00:00-05:00,413.891635863064,423.21330950979313,413.161695275106,422.17755126953125,23458900
2024-11-27 00:00:00-05:00,419.33662612341953,421.427859986681,416.2885945934304,417.24542236328125,18332400
2024-11-29 00:00:00-05:00,414.384847961252,419.10980447039015,412.1259395107062,417.7090759277344,16271900
2024-12-02 00:00:00-05:00,415.84480464200857,427.11957037187784,415.5883259829179,425.12701416015625,20207200
2024-12-03 00:00:00-05:00,424.0024483022702,426.59673575541547,421.9309618493427,425.343994140625,18302000
2024-12-04 00:00:00-05:00,427.1491277367897,433.69896602336337,426.7545660563865,431.4795227050781,26009400
2024-12-05 00:00:00-05:00,431.97270407918,438.6211597736825,430.2464705000807,436.6088562011719,21697800
2024-12-06 00:00:00-05:00,436.29315742766124,440.041568082756,435.7703565069421,437.5459289550781,18821000
2024-12-09 00:00:00-05:00,436.5891099408423,442.2412722506749,434.5176237615362,439.962646484375,19144400
2024-12-10 00:00:00-05:00,438.3548667232301,443.5138201555157,435.60274857576576,437.3092346191406,18469500
2024-12-11 00:00:00-05:00,438.01948123467236,444.23394093068583,438.01948123467236,442.89239501953125,19200200
2024-12-12 00:00:00-05:00,443.0107501598832,449.9650241735224,443.0107501598832,443.45465087890625,20834800
2024-12-13 00:00:00-05:00,442.34980235220513,445.2991859531554,439.5286279530639,441.1956787109375,20177800
2024-12-16 00:00:00-05:00,441.1957234184863,446.03904550783295,439.2327587604127,445.4570617675781,23598800
2024-12-17 00:00:00-05:00,444.88489699979203,449.1067696297947,443.46445105856475,448.28802490234375,22733500
2024-12-18 00:00:00-05:00,445.19070178831043,446.50262602359174,431.08488976149135,431.44989013671875,24444500
2024-12-19 00:00:00-05:00,435.62247901256285,437.1612906860421,430.39446885306654,431.0948181152344,22963700
2024-12-20 00:00:00-05:00,427.22800034083093,437.7136411325363,422.80886164173944,430.6706237792969,64263700
2024-12-23 00:00:00-05:00,430.80871372187636,431.70635881030796,426.9518110200716,429.3389587402344,19152500
2024-12-24 00:00:00-05:00,428.74712104240933,433.6299083717355,428.2933766162313,433.3635559082031,7164500
2024-12-26 00:00:00-05:00,433.1169536147247,434.9517090842379,430.70024449975995,432.1601257324219,8194200
2024-12-27 00:00:00-05:00,428.6978084898888,429.3093836032803,420.5598497453618,424.6830749511719,18117700
2024-12-30 00:00:00-05:00,420.27376177490316,421.7435167493127,416.17025429217676,419.0604553222656,13158700
2024-12-31 00:00:00-05:00,420.3131993235258,420.93464819489714,414.9470768224156,415.7756652832031,13246500
2025-01-02 00:00:00-05:00,419.7509500092328,420.2836247921959,409.21600045312425,412.89532470703125,16896500
2025-01-03 00:00:00-05:00,415.36136467137544,418.2713132207811,413.8423008464514,417.6005554199219,16662900
2025-01-06 00:00:00-05:00,422.1874160873605,428.4215926337743,419.7016505493917,422.0394592285156,20573600
2025-01-07 00:00:00-05:00,423.1738448521772,424.801430542522,415.0851952170159,416.6338806152344,18139100
2025-01-08 00:00:00-05:00,417.7090917280971,421.1714329663283,415.81518360520914,418.7941589355469,15054600
2025-01-10 00:00:00-05:00,418.8631994200863,418.9420997125399,409.383695034764,413.2603454589844,20201100
2025-01-13 00:00:00-05:00,409.6006710891581,412.816407095229,406.690752709142,411.5242004394531,17604800
2025-01-14 00:00:00-05:00,412.1358238822972,414.03960580749714,405.1421150215387,410.02490234375,16935900
2025-01-15 00:00:00-05:00,413.43790279096226,422.3353935398116,412.5895665870108,420.5203857421875,19637800
2025-01-16 00:00:00-05:00,422.8779150872359,423.6571645662551,418.6264508238549,418.8138427734375,15300000
2025-01-17 00:00:00-05:00,428.1947089431654,428.57942688248704,422.3551241092644,423.20343017578125,26197500
2025-01-21 00:00:00-05:00,424.35752761269225,425.0480029513297,419.819993531564,422.68060302734375,26085700
2025-01-22 00:00:00-05:00,431.6175525305707,441.1956738632283,430.07874109453735,440.1402282714844,27803800
2025-01-23 00:00:00-05:00,435.9972543675129,440.6827452232724,435.50404480374874,440.6432800292969,18389300
2025-01-24 00:00:00-05:00,439.1143333960219,440.5840882328261,435.4053879197608,438.0292663574219,15549500
2025-01-27 00:00:00-05:00,418.2516146753107,429.28964793288844,417.74853125025015,428.6583251953125,35647800
2025-01-28 00:00:00-05:00,428.6977608632086,442.2906153004339,425.5214900534852,441.12664794921875,23491700
2025-01-29 00:00:00-05:00,440.6235877197962,440.81100977301065,434.41900262341227,436.3227844238281,23581400
2025-01-30 00:00:00-05:00,413.0827588425547,417.1172097708342,407.54896156269734,409.3540954589844,54586300
2025-01-31 00:00:00-05:00,413.2899333042713,414.976701732093,409.27519987674,409.42315673828125,34161900
2025-02-03 00:00:00-05:00,406.01014380943144,409.7683985075356,403.1100689884043,405.3393859863281,25679100
2025-02-04 00:00:00-05:00,407.085314667825,408.2986210393196,404.1753661823544,406.7696533203125,20532100
2025-02-05 00:00:00-05:00,406.74994863541014,408.20982973334895,404.82641922275565,407.67718505859375,16316700
2025-02-06 00:00:00-05:00,408.37753095462284,412.5205034548323,408.37753095462284,410.1728210449219,16309800
2025-02-07 00:00:00-05:00,410.82388435232116,412.96439718513943,402.5576865372201,404.1852722167969,22886800
2025-02-10 00:00:00-05:00,408.0914590052598,409.8176925215145,405.33937124502273,406.6217041015625,20817900
2025-02-11 00:00:00-05:00,404.07678288840276,406.88805357704496,403.741373863551,405.8523254394531,18140600
2025-02-12 00:00:00-05:00,401.6797299133385,405.17166210079324,398.87830316572246,403.4848937988281,19121700
2025-02-13 00:00:00-05:00,401.4726062482461,405.4182829681306,400.8412835235649,404.96453857421875,23891700
2025-02-14 00:00:00-05:00,402.25188608897315,403.3566707547541,400.3678218416371,402.8831787109375,22758500
2025-02-18 00:00:00-05:00,402.4590098668831,405.0237056562673,400.9793811541372,404.0767517089844,21423100
2025-02-19 00:00:00-05:00,402.3406422459273,409.84727742582396,402.11375500738893,409.1370544433594,24114200
2025-02-20 00:00:00-05:00,410.47141636340496,414.4447616167347,407.75332449561745,411.3016662597656,23508700
2025-02-21 00:00:00-05:00,412.49761092708707,413.19936436928833,403.15727713591093,403.4735412597656,27524800
2025-02-24 00:00:00-05:00,403.7700887978409,404.62009578289485,394.6867174896375,399.3124084472656,26443700
2025-02-25 00:00:00-05:00,396.4460551720573,397.2565479767241,392.0971142682963,393.2831726074219,29387400
2025-02-26 00:00:00-05:00,393.3919053914201,398.9170410828285,389.6755229646048,395.0919494628906,19619000
2025-02-27 00:00:00-05:00,396.6141373782218,401.03227411101483,387.61974690299365,387.9755554199219,21127400
2025-02-28 00:00:00-05:00,388.10398215130573,393.01631660620876,382.0846478468725,392.38372802734375,32845700
2025-03-03 00:00:00-05:00,394.1925506012372,394.1925506012372,381.6794393165997,383.9823913574219,23007700
2025-03-04 00:00:00-05:00,378.9514422192701,388.0249203607145,376.5792952112664,384.1009826660156,29342900
2025-03-05 00:00:00-05:00,384.82253320835395,397.00948665687173,384.29868393839774,396.36700439453125,23433100
2025-03-06 00:00:00-05:00,389.70521049036057,397.4838909032578,388.12376908504734,392.2849426269531,23304600
2025-03-07 00:00:00-05:00,387.76795648683793,390.2191619837315,381.0666253730808,388.7464599609375,22034100
2025-03-10 00:00:00-04:00,381.3631423753148,381.91664235119805,372.8431639999478,375.7490539550781,32840100
2025-03-11 00:00:00-04:00,374.6025176419591,381.5212976511773,372.53677123025375,376.03570556640625,30380200
2025-03-12 00:00:00-04:00,378.5066728711865,380.7503233781215,374.55308456142495,378.82293701171875,24253600
2025-03-13 00:00:00-04:00,378.7142611357114,380.8492026304598,373.0705217726956,374.37518310546875,20473000
2025-03-14 00:00:00-04:00,375.37347920482887,385.7022417844661,375.1066228255176,384.0516052246094,19952800
2025-03-17 00:00:00-04:00,382.2131776873556,388.15342385678485,381.0962841175908,384.1899719238281,22474300
2025-03-18 00:00:00-04:00,382.57886557924786,382.87537263830677,376.67813379609476,379.0700378417969,19486900
2025-03-19 00:00:00-04:00,381.0567221702146,385.158563988563,379.54447585576617,383.3201599121094,19185500
2025-03-20 00:00:00-04:00,381.26431956643484,387.244140619299,378.8328709429988,382.3515625,18470500
2025-03-21 00:00:00-04:00,378.7735842927226,387.19471775799946,378.3584441879074,386.7203063964844,39675900
2025-03-24 00:00:00-04:00,390.81222312553433,390.81222312553433,385.28708673252123,388.5191345214844,21004500
2025-03-25 00:00:00-04:00,389.34940942223693,391.7610706609813,388.0842623065983,390.57501220703125,15775000
2025-03-26 00:00:00-04:00,390.4168571879551,390.72325787798576,384.0614710304359,385.4452209472656,16108400
2025-03-27 00:00:00-04:00,385.6033351411741,387.6888383797828,382.9050004114053,386.048095703125,13766800
2025-03-28 00:00:00-04:00,383.5771084434194,384.6149434292676,372.55648752516225,374.40478515625,21632000
2025-03-31 00:00:00-04:00,368.2174556076631,372.6948931611048,362.97893300010196,371.0343933105469,35184700
2025-04-01 00:00:00-04:00,370.30297052308924,378.4078388750376,368.89946352111616,377.7554931640625,19689500
2025-04-02 00:00:00-04:00,373.5844258095808,380.6119141988697,372.25008378933455,377.7060546875,16092600
2025-04-03 00:00:00-04:00,370.4413834397649,373.1001742376296,365.06450042697054,368.7808532714844,30198000
2025-04-04 00:00:00-04:00,359.90502676066706,370.2436515761853,355.30898645827625,355.664794921875,49209900
2025-04-07 00:00:00-04:00,346.8087713756296,366.6953157485582,340.7894367933375,353.707763671875,50425000
2025-04-08 00:00:00-04:00,363.98715955184485,369.31460473132455,346.1861164728992,350.44610595703125,35868900
2025-04-09 00:00:00-04:00,349.4379409733939,388.667426732123,349.0030438091915,385.9591979980469,50199700
2025-04-10 00:00:00-04:00,377.62695483918543,379.4456016968333,363.53240398806116,376.9252014160156,38024400
2025-04-11 00:00:00-04:00,376.2235219485835,385.5243129890287,374.493826861171,383.9429016113281,23839200
2025-04-14 00:00:00-04:00,388.6575040815548,390.0709046779098,379.75203666792555,383.3102722167969,19251200
2025-04-15 00:00:00-04:00,384.0021677861047,387.3429548173336,379.702634359307,381.2544250488281,17199900
2025-04-16 00:00:00-04:00,376.25312290658945,377.1821883945702,363.7301188576812,367.2982177734375,21967800
2025-04-17 00:00:00-04:00,369.41339637295704,369.9767899290697,362.6330071079686,363.5126647949219,21120200
2025-04-21 00:00:00-04:00,358.6102676210093,360.2510105389955,351.5432339047138,354.95318603515625,20807300
2025-04-22 00:00:00-04:00,359.1637542302739,363.5028019496421,355.68457702509073,362.5638427734375,19485000
2025-04-23 00:00:00-04:00,371.6965961898571,375.9763723537339,368.69186067990836,370.0459899902344,20545500
2025-04-24 00:00:00-04:00,371.34077108557176,383.9428330432701,370.8366789549492,382.80615234375,22232300
2025-04-25 00:00:00-04:00,382.5096738423667,387.60980644654984,380.1375268589871,387.30340576171875,18973200
2025-04-28 00:00:00-04:00,387.4121350910717,388.1830836548117,382.15388522315925,386.6214294433594,16579400
2025-04-29 00:00:00-04:00,386.7598192081199,390.51574673335216,385.8505106594193,389.4680480957031,14974000
2025-04-30 00:00:00-04:00,385.771326898526,392.05754733836756,379.97933510918136,390.6737976074219,36461100
2025-05-01 00:00:00-04:00,426.1078502028247,431.91962985286955,419.9699127886788,420.464111328125,58938100
2025-05-02 00:00:00-04:00,426.7305579775838,434.3412277785372,425.0008630376841,430.2294921875,30757400
2025-05-05 00:00:00-04:00,427.8474632490504,434.40054108405303,427.09627177369964,431.10919189453125,20136100
2025-05-06 00:00:00-04:00,427.18521188154574,432.65104629505106,426.16716413896285,428.2823181152344,15104200
2025-05-07 00:00:00-04:00,428.8061738000786,433.0365119798482,426.10783898687293,428.3218688964844,23295300
2025-05-08 00:00:00-04:00,432.8487322038109,438.5221520354275,430.60508165893515,433.0859680175781,23491300
2025-05-09 00:00:00-04:00,434.89474938101273,435.626153625383,430.82255791751214,433.6394958496094,15324200
2025-05-12 00:00:00-04:00,440.7657862582039,444.15598092637396,434.6772567640601,444.0472717285156,22821900
2025-05-13 00:00:00-04:00,442.5844751269483,445.4409573721911,440.19254074927665,443.9287109375,23618800
2025-05-14 00:00:00-04:00,442.9403368406891,448.6334842163519,442.9403368406891,447.68463134765625,19902800
2025-05-15 00:00:00-04:00,446.3576953837484,451.7246558325709,446.0210270484144,448.6946105957031,21992300
2025-05-16 00:00:00-04:00,447.6251542704443,449.91254071320964,444.3376746324017,449.82342529296875,23849800
2025-05-19 00:00:00-04:00,446.4666664897976,455.0914021356244,446.38743262939596,454.3784484863281,21336500
2025-05-20 00:00:00-04:00,451.13047896335826,453.8535607411002,449.8729211666083,453.68524169921875,15441800
2025-05-21 00:00:00-04:00,450.12052955644793,453.2991005803846,447.38753565613104,448.1401062011719,19216900
2025-05-22 00:00:00-04:00,450.49682997275477,455.7449399531106,449.45708954496587,450.4076843261719,18025600
2025-05-23 00:00:00-04:00,445.5754743252827,449.2491512931012,444.51594054738166,445.77349853515625,16883500
2025-05-27 00:00:00-04:00,452.0118507212909,456.43809825868186,451.6553587930952,456.1806335449219,20974300
2025-05-28 00:00:00-04:00,456.70544210957024,457.9927052337918,452.45742544945836,452.8832092285156,17086300
2025-05-29 00:00:00-04:00,457.0321490211595,457.2004982884002,450.85323834601354,454.19024658203125,13974800
2025-05-30 00:00:00-04:00,455.22010105843367,457.16090743162863,451.081023612945,455.85382080078125,34770500
2025-06-02 00:00:00-04:00,452.66535029783114,457.58667299374565,452.41779739511384,457.44805908203125,16626500
2025-06-03 00:00:00-04:00,456.9529759669727,459.5968543955761,456.3489311405408,458.43829345703125,15743800
2025-06-04 00:00:00-04:00,459.4581695952893,461.13162957016016,458.48775137554446,459.3294372558594,14162700
2025-06-05 00:00:00-04:00,460.40879598021155,465.05289099241804,459.487906406924,463.1021728515625,20131700
2025-06-06 00:00:00-04:00,465.4885869985769,468.7067748339504,464.19141216551986,465.7757568359375,15285600
2025-06-09 00:00:00-04:00,465.10242514198006,468.7958952647425,464.0329796350046,468.12255859375,16469900
2025-06-10 00:00:00-04:00,466.5778015728124,468.1720277278758,462.38919566775553,466.3104553222656,15375900
2025-06-11 00:00:00-04:00,465.4192790589967,470.81594475736864,465.0628173622344,467.99383544921875,16399200
2025-06-12 00:00:00-04:00,470.3702965389571,475.7174632765806,468.88497916047487,474.1826171875,18950600
2025-06-13 00:00:00-04:00,471.74673205457395,474.48960742449077,468.13246560456287,470.3109130859375,16814500
2025-06-16 00:00:00-04:00,470.5584575569121,475.98482813726486,470.3505215770748,474.45001220703125,15626100
2025-06-17 00:00:00-04:00,470.74663593423935,474.0539393845567,469.4395492382731,473.3608093261719,15414100
2025-06-18 00:00:00-04:00,473.3211811212961,476.291816149254,469.8158233270243,475.53924560546875,17526500
2025-06-20 00:00:00-04:00,477.5097592999014,478.7277002496467,472.2022093150259,472.7270202636719,37576200
2025-06-23 00:00:00-04:00,473.52910172023695,482.97572926336846,467.8849134818946,481.24285888671875,24864000
2025-06-24 00:00:00-04:00,484.16397269221426,487.0355802812341,482.03499358247046,485.3125915527344,22305600
2025-06-25 00:00:00-04:00,487.2237477118272,489.71907018583636,484.59969288856837,487.45147705078125,17495100
2025-06-26 00:00:00-04:00,488.1545026576009,493.16497070218156,487.9861533971619,492.58074951171875,21578900
2025-06-27 00:00:00-04:00,492.6797669341534,494.41263722515527,488.20402140418383,491.0855407714844,34539200
2025-06-30 00:00:00-04:00,492.17479474651304,495.8583832017286,490.4815111095117,492.5411682128906,28369000
2025-07-01 00:00:00-04:00,491.61036068604886,493.1748817381986,486.1741086010328,487.2336120605469,19945400
2025-07-02 00:00:00-04:00,485.1937811955959,488.66943364597034,483.9164299655294,486.28302001953125,16319600
2025-07-03 00:00:00-04:00,488.9764203666982,495.2345653483035,488.6100468852986,493.9571838378906,13984800
2025-07-07 00:00:00-04:00,492.51147619590915,493.86806132382594,490.38252718836065,492.84814453125,13981600
2025-07-08 00:00:00-04:00,492.37283752871576,493.3234624825612,489.27347018920887,491.7589111328125,11846600
2025-07-09 00:00:00-04:00,495.4028504286207,501.8194324629264,494.84833435120834,498.5814514160156,18659500
2025-07-10 00:00:00-04:00,498.12595942487985,499.502368126141,492.8778497571002,496.57135009765625,16492100
2025-07-11 00:00:00-04:00,493.5907782355643,500.0865639242522,492.9273231662245,498.393310546875,16459500
2025-07-14 00:00:00-04:00,496.6109349689791,499.0369655948213,496.1257409313552,498.09625244140625,12058800
2025-07-15 00:00:00-04:00,498.0962552049,503.3245715280963,497.8685258646023,500.8688659667969,14927200
2025-07-16 00:00:00-04:00,500.2351113436526,501.7600457375481,496.9773367906475,500.6708068847656,15154400
2025-07-17 00:00:00-04:00,500.7302212088446,508.34495123446135,500.67081092720053,506.6913146972656,17503100
2025-07-18 00:00:00-04:00,509.4440336050126,509.60250130270686,502.463054063605,505.0574035644531,21209700
2025-07-21 00:00:00-04:00,501.75013722027745,507.0775109565722,500.6014880788464,505.0673522949219,14066800
2025-07-22 00:00:00-04:00,505.9684679829346,506.1962275502158,500.3242492675781,500.3242492675781,13868600
2025-07-23 00:00:00-04:00,501.78975657062705,501.82937349813983,495.7989881406536,500.9183654785156,16396600
2025-07-24 00:00:00-04:00,503.7899711970312,508.6420022469781,502.334358860161,505.87933349609375,16107000
2025-07-25 00:00:00-04:00,507.4537578741833,513.216797186473,505.3644257046499,508.6816711425781,19125700
2025-07-28 00:00:00-04:00,509.04804137949895,509.9590192096989,505.1267813382861,507.4834899902344,14308000
2025-07-29 00:00:00-04:00,510.4838436674275,512.5533521818816,506.5526719682665,507.55279541015625,16469200
2025-07-30 00:00:00-04:00,510.127348903314,510.89974304598894,504.45345515414937,508.21624755859375,26380400
2025-07-31 00:00:00-04:00,549.7952354974353,550.0131135040644,526.6936395202101,528.2779541015625,51617300
2025-08-01 00:00:00-04:00,529.7631541007601,530.5553112156109,515.7615489434008,518.979736328125,28977600
2025-08-04 00:00:00-04:00,523.0990575737549,532.9813491761439,522.9604134562841,530.3969116210938,25349000
2025-08-05 00:00:00-04:00,531.9219797884738,532.0408003722066,522.0792718510502,522.5842895507812,19171600
2025-08-06 00:00:00-04:00,525.70337986457,526.4955370830186,518.9006307843745,519.8016967773438,21355700
2025-08-07 00:00:00-04:00,521.6434435727333,522.9208551796034,512.483986539974,515.7418212890625,16079100
2025-08-08 00:00:00-04:00,517.4845698020915,519.524403327164,514.3257923084495,516.9300537109375,15531000
2025-08-11 00:00:00-04:00,517.1875615378566,522.4258201385037,514.6327984158801,516.6627807617188,20194400
2025-08-12 00:00:00-04:00,518.6233183732385,525.7825288027884,517.5836082950698,524.0595703125,18667000
2025-08-13 00:00:00-04:00,526.901545781552,527.4857972911225,514.2862580919234,515.4844360351562,19619200
2025-08-14 00:00:00-04:00,517.4449565045493,520.8017882377586,515.0486614235291,517.36572265625,20269100
2025-08-15 00:00:00-04:00,517.6528943134479,520.9502551513766,513.9990113965767,515.0783081054688,25213300
2025-08-18 00:00:00-04:00,516.4844919382945,517.7024328589179,508.9885829187347,512.0383911132812,23760600
2025-08-19 00:00:00-04:00,509.9589996924715,510.11740696385556,503.5721224631474,504.7801818847656,21481000
2025-08-20 00:00:00-04:00,504.87923949406314,505.9981835608303,499.50239716393804,500.7698669433594,27723000
2025-08-21 00:00:00-04:00,499.5796529563519,503.4875031078027,498.61756740599895,500.1251525878906,18443300
2025-08-22 00:00:00-04:00,500.1350363394598,506.56216679087737,498.310055406757,503.0907287597656,24324200
2025-08-25 00:00:00-04:00,502.4956130920682,504.0428801746979,500.0060864475961,500.14495849609375,21638600
2025-08-26 00:00:00-04:00,500.24412923099453,500.8590951140394,494.44189267773186,497.9430847167969,30835700
2025-08-27 00:00:00-04:00,497.90339657266526,503.1502356611414,495.82052770460996,502.6047058105469,17277900
2025-08-28 00:00:00-04:00,502.9518399416591,506.919197559233,501.3748189208979,505.4810485839844,18015600
2025-08-29 00:00:00-04:00,504.5090396010348,505.44137107101903,500.3730559294206,502.55511474609375,20961600
2025-09-02 00:00:00-04:00,496.3859077753076,501.87077891116434,492.75577163159113,500.9979553222656,18128000
2025-09-03 00:00:00-04:00,499.67883751509856,503.6461955733364,498.2208322179546,501.2261047363281,16345100
2025-09-04 00:00:00-04:00,500.18461248708434,504.0032003466391,499.04400319618804,503.8246765136719,15509500
2025-09-05 00:00:00-04:00,504.9157294675595,507.79205789513924,488.35199810583333,490.9605407714844,31994800
2025-09-08 00:00:00-04:00,494.0451377441344,497.1099483047291,490.990285532587,494.1344299316406,16771000
2025-09-09 00:00:00-04:00,497.33802599365555,498.15134157087306,493.6384843818268,494.3426818847656,14410500
2025-09-10 00:00:00-04:00,498.8754600894228,499.1234199731124,492.6665349159027,496.2867431640625,21611800
2025-09-11 00:00:00-04:00,498.15138006137016,499.0638857033828,493.8170463660224,496.9215087890625,18881600
2025-09-12 00:00:00-04:00,502.5154742767582,508.367321245748,499.73833579713096,505.73895263671875,23624900
2025-09-15 00:00:00-04:00,504.63805606783444,511.26350676755015,502.8626547877709,511.1544189453125,17143800
2025-09-16 00:00:00-04:00,512.6620043570016,513.0091239663263,504.4495745277025,504.885986328125,19711900
2025-09-17 00:00:00-04:00,506.4530503919847,507.1175961354426,501.80132099339164,505.8579406738281,15816600
2025-09-18 00:00:00-04:00,507.31595138937655,508.883074673213,503.5172196080818,504.30078125,18913700
2025-09-19 00:00:00-04:00,506.39357782967863,515.0622454615835,506.1456179521661,513.7034301757812,52474100
2025-09-22 00:00:00-04:00,511.38257317258103,513.5149918534414,508.3574141571104,510.2518615722656,20009300
2025-09-23 00:00:00-04:00,509.6070850287104,510.3906769190661,503.1700568391782,505.07440185546875,19799600
2025-09-24 00:00:00-04:00,506.215041937542,508.29788064425674,502.7832857896144,505.9869079589844,13533700
2025-09-25 00:00:00-04:00,504.15198973027213,505.84805701475193,500.9186136455738,502.8923645019531,15786500
2025-09-26 00:00:00-04:00,505.8975942449135,509.745935901324,502.4856643393456,507.2861633300781,16213100
2025-09-29 00:00:00-04:00,507.3258348805616,512.6321512651683,504.7272205888506,510.4005126953125,17617800
2025-09-30 00:00:00-04:00,509.05168089535164,513.9315141469417,505.5009089039439,513.7232666015625,19728200
2025-10-01 00:00:00-04:00,510.5989067561486,516.2623314762835,507.51430077675985,515.4688720703125,22632300
2025-10-02 00:00:00-04:00,513.4157691025699,517.3434144406598,506.51254498360566,511.53125,21222900
2025-10-03 00:00:00-04:00,512.8801529316524,516.2425031799986,510.7973143114264,513.1281127929688,15112300
2025-10-06 00:00:00-04:00,514.377848960065,526.6965386672223,513.9712214168786,524.256591796875,21388600
2025-10-07 00:00:00-04:00,523.9788048028778,525.4764919541412,517.1847292577561,519.7039794921875,14615200
2025-10-08 00:00:00-04:00,519.0097599169904,522.6497936321297,518.8213080060119,520.56689453125,13363400
2025-10-09 00:00:00-04:00,518.07745494396,520.0512058016051,513.1777655449532,518.136962890625,18343600
2025-10-10 00:00:00-04:00,515.3994727403434,519.3073226434543,505.47115003636685,506.790283203125,24133800
2025-10-13 00:00:00-04:00,512.1957986627914,512.1957986627914,507.50441729945595,509.8550720214844,14284200
2025-10-14 00:00:00-04:00,506.0662879637401,511.07509568876407,501.87079590760095,509.3790283203125,14684300
2025-10-15 00:00:00-04:00,510.75765569343554,512.9694382549203,505.838110317394,509.2401123046875,14694700
2025-10-16 00:00:00-04:00,508.3970827878481,512.6321960787722,503.9833851231019,507.4349670410156,15559600
2025-10-17 00:00:00-04:00,504.8859867353243,511.2734052578957,503.1700935064365,509.3889465332031,19867800
2025-10-20 00:00:00-04:00,510.41049011219013,514.4671401409408,509.2401268135401,512.5726928710938,14665600
2025-10-21 00:00:00-04:00,513.2769402267872,514.4572316509175,508.8533142722573,513.4356079101562,15586200
2025-10-22 00:00:00-04:00,516.8971823641815,520.943843958813,513.4852520447155,516.2921142578125,18962700
2025-10-23 00:00:00-04:00,518.1964086283891,519.6742395740552,514.3777908083965,516.3118896484375,14023500
2025-10-24 00:00:00-04:00,518.5236595856693,521.0627658394295,516.4606773737235,519.3369750976562,15532400
2025-10-27 00:00:00-04:00,527.440383046071,530.2175212473691,524.6929685473742,527.1824951171875,18734700
2025-10-28 00:00:00-04:00,545.511702993095,549.2013167264516,536.3570441492753,537.6464233398438,29986700
2025-10-29 00:00:00-04:00,540.4929653309738,541.8121286840217,532.3499420595073,537.130615234375,36023000
2025-10-30 00:00:00-04:00,526.150935240438,530.6042843733296,517.8591725476514,521.469482421875,41023100
2025-10-31 00:00:00-04:00,524.5640822050067,525.0004940086545,510.89650476941233,513.5844116210938,34006400
2025-11-03 00:00:00-05:00,515.5680732671589,520.6760707602963,510.3907002836433,512.810791015625,22374700
2025-11-04 00:00:00-05:00,507.5837170627558,511.34276641791416,503.6956934801851,510.13275146484375,20958700
2025-11-05 00:00:00-05:00,509.11117977922714,510.6287232020861,502.4460174356622,503.02130126953125,23024300
2025-11-06 00:00:00-05:00,501.5335702984596,501.5732523540539,491.7639450704796,493.0434265136719,27406500
2025-11-07 00:00:00-05:00,492.89463000746537,495.30479262227396,489.2248119110569,492.76568603515625,24019800
2025-11-10 00:00:00-05:00,495.95940345274505,502.7138276367279,494.72950196106785,501.8707580566406,26101500
2025-11-11 00:00:00-05:00,500.68055811559174,505.4414057875519,498.2505695472254,504.5289001464844,17980000
2025-11-12 00:00:00-05:00,505.203338237195,507.494515261433,495.0469117437556,506.9688415527344,26574900
2025-11-13 00:00:00-05:00,506.1455939798088,509.3095642884979,497.1992129195551,499.1828918457031,25273100
2025-11-14 00:00:00-05:00,494.16416907736203,507.42505738590404,493.38060745410195,506.0166320800781,28505700
2025-11-17 00:00:00-05:00,504.3007594029326,507.9407930820625,500.78963942134817,503.34857177734375,19092800
2025-11-18 00:00:00-05:00,491.3275301094218,498.87544447228873,482.8076324047851,489.76043701171875,33815100
2025-11-19 00:00:00-05:00,486.1005289347495,491.14898819063853,478.88983663624714,483.14483642578125,23245300
2025-11-20 00:00:00-05:00,489.60385435710714,490.45844852333465,472.50235794747454,475.41387939453125,26802500
2025-11-21 00:00:00-05:00,475.4834301610789,475.9007957312625,465.3179114267742,469.1436462402344,31769200
2025-11-24 00:00:00-05:00,472.0055061050608,473.89352206444323,465.0694984877541,471.0118103027344,34421000
2025-11-25 00:00:00-05:00,471.08136597664605,476.12932719889915,461.9592459889855,473.9829406738281,28019800
2025-11-26 00:00:00-05:00,483.244222260298,485.23161394332453,478.1664510662567,482.4393310546875,25709100
2025-11-28 00:00:00-05:00,484.5260924315005,489.5243812398697,483.5820692635899,488.9082946777344,14386700
2025-12-01 00:00:00-05:00,485.3608038657598,486.77183499200703,481.59468809959253,483.6715087890625,23964000
2025-12-02 00:00:00-05:00,483.6516286444489,490.38888506208144,483.2541563831954,486.91094970703125,19562700
2025-12-03 00:00:00-05:00,473.31720798581483,481.18726202656165,472.20427350128017,474.71832275390625,34615100
2025-12-04 00:00:00-05:00,476.7355376297969,478.28570075231454,473.48613274494215,477.8087158203125,22318200
2025-12-05 00:00:00-05:00,479.4780948278929,480.35255199911325,475.86105782216015,480.11407470703125,22608700
2025-12-08 00:00:00-05:00,481.8331697469475,489.19642891935564,481.3263751862239,487.92449951171875,21965900
2025-12-09 00:00:00-05:00,486.01663804004494,489.0175885389743,485.4204144751398,488.918212890625,14696100
2025-12-10 00:00:00-05:00,480.97857754952304,481.19719183884354,472.084987996716,475.5430603027344,35756200
2025-12-11 00:00:00-05:00,473.6252433732215,482.96597801292137,472.86007818396723,480.422119140625,24669200
2025-12-12 00:00:00-05:00,476.79512068758515,479.40854546431024,473.3370484252935,475.51324462890625,21248100
2025-12-15 00:00:00-05:00,477.0733420562278,477.6894285774835,469.5411111878212,471.8266296386719,23727700
2025-12-16 00:00:00-05:00,468.9350114671635,474.87732355778707,467.911505956298,473.38677978515625,20705600
2025-12-17 00:00:00-05:00,473.903466892556,476.9739832708393,472.0055042784347,473.1184387207031,24527200
2025-12-18 00:00:00-05:00,475.1754171439269,486.51349034093164,474.87732052138307,480.9289245605469,28573500
2025-12-19 00:00:00-05:00,484.2875529363844,484.77448448182145,479.4482594182398,482.8566589355469,70836100
2025-12-22 00:00:00-05:00,483.0554234208069,485.64898536737695,479.6470539215635,481.8630065917969,16963000
2025-12-23 00:00:00-05:00,481.922585996358,484.75459468390824,481.6840783901604,483.7807922363281,14683600
2025-12-24 00:00:00-05:00,482.6181454723109,486.0762176057581,481.77349801821515,484.9433898925781,5855900
2025-12-26 00:00:00-05:00,483.6416497095635,485.04276435526947,482.8963778974979,484.6353454589844,8842200
2025-12-29 00:00:00-05:00,481.80333660098637,485.27135560420123,481.1276307272214,484.02923583984375,10893400
2025-12-30 00:00:00-05:00,482.8666136001516,486.5929730105466,482.43933166580535,484.4068603515625,13944500
2025-12-31 00:00:00-05:00,484.7645645601486,485.06269150087525,480.25317705215497,480.5711669921875,15601600
2026-01-02 00:00:00-05:00,481.3363251826272,481.6046121327098,467.1960229709088,469.95849609375,25571600
2026-01-05 00:00:00-05:00,471.071443053882,473.0687813775576,466.5401924921144,469.86907958984375,25250300
2026-01-06 00:00:00-05:00,470.8130789419108,475.7219388392127,466.7886229022075,475.493408203125,23037700
2026-01-07 00:00:00-05:00,476.73551614076564,486.6128550141313,474.936929133209,480.422119140625,25564200
2026-01-08 00:00:00-05:00,478.20615894860083,479.61722033317443,472.8600706717694,475.09588623046875,18162600
2026-01-09 00:00:00-05:00,471.0714211959582,476.7951186190047,469.2231615927928,476.2585144042969,18491000
2026-01-12 00:00:00-05:00,473.6649886945649,477.95773148860775,472.68120923483104,474.1717529296875,23519900
2026-01-13 00:00:00-05:00,471.68751939768345,472.7805908527595,463.01257439213845,467.70281982421875,28545800
2026-01-14 00:00:00-05:00,463.51933114332076,465.2483824443871,454.2879190598576,456.4839782714844,28184300
2026-01-15 00:00:00-05:00,461.1940901109254,461.32327541703046,453.02590941718984,453.7811279296875,23225800
2026-01-16 00:00:00-05:00,454.94370584966504,460.26993076816973,453.60224086509476,456.9609069824219,34246700
2026-01-20 00:00:00-05:00,448.3754483517362,453.92025792216236,446.4476759522066,451.6546325683594,26130000
2026-01-21 00:00:00-05:00,449.74673993987386,449.836168925793,435.9144806057656,441.31024169921875,37980500
2026-01-22 00:00:00-05:00,444.79810039972057,449.9851935867555,441.89652570286836,448.2959289550781,25349400
2026-01-23 00:00:00-05:00,449.02131930234236,468.1301005814363,447.6897705604439,463.0125732421875,38000200
2026-01-26 00:00:00-05:00,462.3766075757791,471.2602507862521,459.0874767807031,467.3152770996094,29291200
2026-01-27 00:00:00-05:00,470.7136916421546,479.8258647405344,470.1770874429818,477.55029296875,29213900
2026-01-28 00:00:00-05:00,480.16374552458444,480.69040309270366,474.9865988275796,478.5937194824219,36875400
2026-01-29 00:00:00-05:00,437.21619626544543,439.71038237575016,418.365786117595,430.7671203613281,128855300
2026-01-30 00:00:00-05:00,436.4014165119217,436.8286984461687,423.7616041817895,427.577392578125,58566800
2026-02-02 00:00:00-05:00,427.5276741085398,428.02452201181774,419.58805431821895,420.70098876953125,42219900
2026-02-03 00:00:00-05:00,419.34957819955315,419.3893041977899,405.9843574339844,408.6176452636719,61424100
2026-02-04 00:00:00-05:00,408.40896545860215,417.15347618992746,406.66005118226167,411.578857421875,45012400
2026-02-05 00:00:00-05:00,404.87141244319446,405.72597626088844,389.84673704915224,391.188232421875,66289200
2026-02-06 00:00:00-05:00,396.6535630940219,399.25704122003975,390.4429643868461,398.61114501953125,53515300
2026-02-09 00:00:00-05:00,402.2977759502542,412.2744908996196,398.3428555009064,410.99261474609375,45480500
2026-02-10 00:00:00-05:00,416.97464756162884,421.0090502850332,410.0982892644293,410.6646728515625,44857900
2026-02-11 00:00:00-05:00,413.5563153661985,413.8345489802859,398.4819668946231,401.8207702636719,42491000
2026-02-12 00:00:00-05:00,402.4467839094351,403.6392309547976,395.5008602319473,399.30670166015625,40802400
2026-02-13 00:00:00-05:00,401.90028127287496,402.98340606348665,395.54060384789733,398.7900085449219,34091600
2026-02-17 00:00:00-05:00,396.70323107498865,397.99502346077054,392.0427954340728,394.35809326171875,32078800
2026-02-18 00:00:00-05:00,395.62013745533494,400.02220283554806,393.82155037537984,397.08087158203125,23223400
2026-02-19 00:00:00-05:00,399.07278661262325,402.7976819572589,395.0690225854118,396.8517761230469,28234000
2026-02-20 00:00:00-05:00,394.51123443489973,398.5050592846536,393.56508699389525,395.6267395019531,34015200
2026-02-23 00:00:00-05:00,393.4057107487328,393.7642431363039,381.55374731391754,382.918212890625,43238300
2026-02-24 00:00:00-05:00,382.58959213032324,387.7884945775691,380.16937672197673,387.4299621582031,33884700
2026-02-25 00:00:00-05:00,388.95376053046306,399.84960746436826,388.5852587696308,398.9831237792969,43625500
2026-02-26 00:00:00-05:00,403.0765245044552,405.8453028142193,397.1306190557743,400.0986022949219,34405900
2026-02-27 00:00:00-05:00,389.30236795593413,395.2183958601928,388.30640407164015,391.15484619140625,51367200
2026-03-02 00:00:00-05:00,391.2743390590049,399.57073485574693,389.0533591512552,396.9413757324219,35474900
2026-03-03 00:00:00-05:00,391.5532542396072,405.05852201627056,391.0851500003899,402.2996826171875,38199200
2026-03-04 00:00:00-05:00,399.6504140582061,409.3710312257941,398.69429724653685,403.5645751953125,35808000
2026-03-05 00:00:00-05:00,402.78771732924594,409.9486695143622,402.7677785996419,409.0224304199219,39001300
2026-03-06 00:00:00-05:00,407.54843921074234,411.38287590243635,406.8612216895844,407.30938720703125,31123900
2026-03-09 00:00:00-04:00,403.2857003455267,408.55432729115563,401.8714182880504,407.757568359375,30131900
2026-03-10 00:00:00-04:00,408.37506928692744,408.5443965203919,401.30371964643086,404.122314453125,31706400
2026-03-11 00:00:00-04:00,403.9330670994013,407.35918518479474,399.96912002302975,403.245849609375,25512100
2026-03-12 00:00:00-04:00,402.99687655683135,404.4808530373378,400.08864860368743,400.238037109375,27263900
2026-03-13 00:00:00-04:00,399.3815063856616,403.16615688192843,392.65875035547907,393.9534912109375,26848000
2026-03-16 00:00:00-04:00,396.4633374914087,399.01300251860397,393.1965772756644,398.33575439453125,27733700
2026-03-17 00:00:00-04:00,398.6544268926901,402.7677623283013,396.1446090107731,397.79791259765625,26228300
2026-03-18 00:00:00-04:00,395.5271533612366,396.39363710184665,389.42188971563326,390.2087097167969,25908500
2026-03-19 00:00:00-04:00,388.52551763585893,390.90585551603124,385.4977789148814,387.4498596191406,25138800
2026-03-20 00:00:00-04:00,385.22889118681917,385.43803509853177,378.58579850034175,380.3287353515625,50853200
2026-03-23 00:00:00-04:00,382.3505545919761,385.64719283721575,380.1395134056624,381.4541931152344,29680100
2026-03-24 00:00:00-04:00,380.8167328036651,380.9263046350485,370.34917314154325,371.2355651855469,42733600
2026-03-25 00:00:00-04:00,375.39872248264555,375.5381416220395,368.13813722010167,369.5424499511719,31181200
2026-03-26 00:00:00-04:00,369.3233510512375,373.2076042912997,363.71606927386256,364.492919921875,36836600
2026-03-27 00:00:00-04:00,360.43931657918756,360.9871149414508,355.07108715320055,355.33001708984375,37883400
2026-03-30 00:00:00-04:00,360.4393055378546,363.8853318939423,354.8419936524484,357.51116943359375,44797000
2026-03-31 00:00:00-04:00,363.07862179545566,371.3949263066763,361.6046146993887,368.67596435546875,45244400
2026-04-01 00:00:00-04:00,371.98254731341393,372.48052926345224,366.7139201659809,367.8791809082031,29417200
2026-04-02 00:00:00-04:00,365.7278929006101,372.1319638369453,362.680245817395,371.9526672363281,24099100
2026-04-06 00:00:00-04:00,371.98252335059567,372.22157533941066,368.0086373714944,371.375,16146600
2026-04-07 00:00:00-04:00,368.8452727581139,370.9467724245638,365.080530373921,370.78741455078125,21443300
2026-04-08 00:00:00-04:00,383.426192668859,383.4461010048471,369.9109552686541,372.81915283203125,33064800
2026-04-09 00:00:00-04:00,370.9965632857518,371.99252721403565,365.5685477188417,371.56427001953125,30435300
2026-04-10 00:00:00-04:00,371.47463812837884,374.12390583360843,368.5365323725683,369.3731384277344,28111100
2026-04-13 00:00:00-04:00,372.10205289266787,382.98796126737693,369.5225100750242,382.8186340332031,35745800
2026-04-14 00:00:00-04:00,386.3543213772784,393.09698589720546,384.95994763093,391.5233459472656,37504500
2026-04-15 00:00:00-04:00,396.3936283702306,412.69755239260473,395.1287651714373,409.5602722167969,45063400
2026-04-16 00:00:00-04:00,418.16537187855886,419.12151906860663,410.4765600541581,418.56378173828125,41642400
2026-04-17 00:00:00-04:00,423.10539315661504,429.83808848207923,418.99205736838906,421.0835876464844,48568200
2026-04-20 00:00:00-04:00,419.4501847919345,421.6213787702164,414.6197538627068,416.38262939453125,27582200
2026-04-21 00:00:00-04:00,418.54386715015573,425.4558591722327,415.51615872358184,422.44805908203125,32048500
2026-04-22 00:00:00-04:00,424.4698510786937,431.9495495900464,421.9600330275293,431.1726989746094,29378200
2026-04-23 00:00:00-04:00,418.19526527607866,421.9500379562064,409.7494810939023,414.07196044921875,38308000
2026-04-24 00:00:00-04:00,415.28707116170386,423.23487407473965,414.12178001797366,422.90618896484375,27457400
2026-04-27 00:00:00-04:00,420.6752229306716,425.38611256831246,415.3866572294081,423.1053771972656,30867300
2026-04-28 00:00:00-04:00,422.8563830057505,428.1847957314844,420.197146128082,427.5174865722656,30438100
2026-04-29 00:00:00-04:00,422.866306449911,425.0972860808559,418.59364353468584,422.7467956542969,38288300
2026-04-30 00:00:00-04:00,409.15192465494977,412.74737011555624,396.4035989759817,406.1341552734375,70909400
2026-05-01 00:00:00-04:00,411.1338775963461,415.4264794885345,408.7834174283456,412.76727294921875,31372400
2026-05-04 00:00:00-04:00,409.87897009526375,419.0816663151199,409.14193618030583,411.9505615234375,28066500
2026-05-05 00:00:00-04:00,413.6437352165572,415.09783400354706,407.1500311208482,409.7196350097656,25700900
2026-05-06 00:00:00-04:00,406.3532485673598,416.73120520087787,403.4748984673602,412.2891845703125,30285900
2026-05-07 00:00:00-04:00,418.41437649189606,426.25263786097554,417.06984955189336,419.07171630859375,34942400
2026-05-08 00:00:00-04:00,415.70537649227293,416.9403619714099,412.32904436576047,413.44451904296875,33383800
2026-05-11 00:00:00-04:00,406.22377045102496,411.02432350049145,403.86334099070683,410.99444580078125,35657900
2026-05-12 00:00:00-04:00,412.8071154720842,413.8229876767416,404.9987623844293,406.1241760253906,38594200
2026-05-13 00:00:00-04:00,401.57265715241186,404.6700902960666,399.41140211310335,403.57452392578125,29667100
2026-05-14 00:00:00-04:00,402.847493220503,410.1777730080913,399.2620170659624,407.7774963378906,27077500
2026-05-15 00:00:00-04:00,412.5979239362014,426.4418454559798,411.2434277199191,420.2170715332031,50771200
2026-05-18 00:00:00-04:00,414.93848271907115,423.40417602339767,413.9325494355234,421.83056640625,32564100
2026-05-19 00:00:00-04:00,428.16486989475214,430.9535870211983,414.808990493047,415.7352600097656,33018700
2026-05-20 00:00:00-04:00,412.49835957243755,420.3963455784958,409.63991780241736,419.36053466796875,27864000
2026-05-21 00:00:00-04:00,423.9518891931334,425.5388979071037,414.92886694253497,418.3025207519531,31393500
2026-05-22 00:00:00-04:00,418.7517174636334,423.60257118762803,415.54772693408205,417.7835388183594,22390300
2026-05-26 00:00:00-04:00,415.6475333356961,418.9812539216563,412.24393696715845,415.248291015625,30398000
2026-05-27 00:00:00-04:00,410.23773822181624,415.15846763645,408.8104019854481,411.8946228027344,28901500
2026-05-28 00:00:00-04:00,412.2040283766931,428.68298564682067,411.89461329838434,426.18768310546875,47250500
2026-05-29 00:00:00-04:00,431.7372486144539,449.48383969057267,431.54760317786213,449.3940124511719,79654400
2026-06-01 00:00:00-04:00,463.96658383705716,465.4438139523178,457.40892124774234,459.6546936035156,53628900
2026-06-02 00:00:00-04:00,446.0403151791343,452.64787129328397,439.6024225764256,440.48077392578125,37036800
2026-06-03 00:00:00-04:00,437.62618910935214,439.56254639446627,423.45285793258154,426.53704833984375,39037000
2026-06-04 00:00:00-04:00,434.9911260035114,435.33048350032107,425.60879436274143,427.2456970214844,26899500
2026-06-05 00:00:00-04:00,427.5351398188391,428.66302140752947,413.6213308264138,415.8870849609375,34782200
2026-06-08 00:00:00-04:00,413.3618539280056,416.37616844333525,407.79232157753756,410.9663391113281,32086700
2026-06-09 00:00:00-04:00,408.26144336727174,411.20591258759293,397.7312786929967,402.6520080566406,35317300
2026-06-10 00:00:00-04:00,397.80110870103243,404.2789346443135,396.41373636313654,396.61334228515625,32576000
2026-06-11 00:00:00-04:00,394.46741202742857,396.1043451719433,383.278483574852,389.6065673828125,47224100
2026-06-12 00:00:00-04:00,390.6945042817559,391.003919361718,381.55171206615995,390.00579833984375,34865800
2026-06-15 00:00:00-04:00,396.05442037645633,400.99513175706005,392.11186050588947,399.0088806152344,32266400
2026-06-16 00:00:00-04:00,395.0463355104342,396.094350419825,389.9559121071713,393.0899963378906,31506800
2026-06-17 00:00:00-04:00,389.51671695343225,389.6364865987809,376.6110198431126,378.1980285644531,41987800
2026-06-18 00:00:00-04:00,377.11008548581106,380.6534028700893,372.5786075934489,378.6871032714844,59714200
2026-06-22 00:00:00-04:00,375.0339909424311,380.9129385065033,366.3802985575179,366.6497802734375,45171100
2026-06-23 00:00:00-04:00,371.6802994138851,376.51120135394876,369.9735210485466,373.23736572265625,40647600
2026-06-24 00:00:00-04:00,370.87185096853153,378.16811350773463,364.09460041679364,364.7733154296875,44509900
2026-06-25 00:00:00-04:00,362.0883479855026,363.5456265920902,348.54386902384044,352.1670227050781,66179000
2026-06-26 00:00:00-04:00,356.4789138154501,375.90234020580533,354.762144454129,372.2691955566406,186201600
2026-06-29 00:00:00-04:00,376.790685328561,379.7850483907747,359.2237492715265,367.8774719238281,51229900
2026-06-30 00:00:00-04:00,370.3328407149792,373.44697342275583,366.7595808670141,372.319091796875,44945700
2026-07-01 00:00:00-04:00,380.1144231011508,388.09939143880604,374.18561213385976,383.5579528808594,48065800
2026-07-02 00:00:00-04:00,383.7575696594082,391.4630649298244,382.97903650468743,389.7562561035156,42128900
2026-07-06 00:00:00-04:00,386.31276024010407,388.418780928489,380.5036887115837,386.0133056640625,34224500
2026-07-07 00:00:00-04:00,391.75251064257776,394.8267404517197,387.4905448392632,388.109375,29297500
2026-07-08 00:00:00-04:00,383.3084264217563,384.58602015004215,380.6134873969759,382.6197204589844,25908300
2026-07-09 00:00:00-04:00,373.74643420118315,383.92725049460796,372.64849496928053,383.6377868652344,31083200
2026-07-10 00:00:00-04:00,387.07131223677504,391.1736053926777,380.783162110783,384.37640380859375,24644600
2026-07-13 00:00:00-04:00,387.02143811329415,392.91034623109437,383.4281962321871,390.2553405761719,28914900
2026-07-14 00:00:00-04:00,382.1007052927433,387.46061042423804,377.93852713765,384.20672607421875,27863900
2026-07-15 00:00:00-04:00,387.07132248997675,398.2103568181361,385.6739591427675,394.8866271972656,36253700
2026-07-16 00:00:00-04:00,397.56157784187184,405.2271399033625,391.31333055964967,400.3463439941406,37047400
2026-07-17 00:00:00-04:00,394.1180409920291,397.64143734197864,388.6583483977542,393.08001708984375,33049800
2026-07-20 00:00:00-04:00,390.67455694621333,402.4224305318551,388.91785418191677,401.53411865234375,27915800
2026-07-21 00:00:00-04:00,398.0606303262699,400.7156358198418,395.57531880381754,397.00262451171875,24126600
2026-07-22 00:00:00-04:00,398.8291961465565,400.246541441447,386.2329133568751,389.6065673828125,28142500
2026-07-23 00:00:00-04:00,389.23725659651495,391.04385321150613,376.68090752842744,380.8630065917969,30351800
2026-07-24 00:00:00-04:00,386.32274187573427,388.29903252889795,379.9347732203772,380.9828186035156,27659400
2026-07-27 00:00:00-04:00,389.3470355932277,393.45931979821836,387.2609663085435,388.368896484375,27856200
2026-07-28 00:00:00-04:00,392.4212554523594,399.56780545733704,390.5647345556998,392.61090087890625,32367500
2026-07-29 00:00:00-04:00,392.6607942930367,400.4960502148319,388.00954678983055,389.8061828613281,47209000
2026-07-30 00:00:00-04:00,437.07720086969465,457.8281459885008,431.6274684759506,450.2524108886719,110160700
2026-07-31 00:00:00-04:00,449.1544591210436,465.962813447145,448.4857046349594,463.8468017578125,60846000
2026-08-03 00:00:00-04:00,475.2353605631651,490.7261876465455,474.10747895013026,486.73370361328125,66762100
2026-08-04 00:00:00-04:00,479.99640781848416,498.50158065157444,478.2696778930625,491.884033203125,50455500
2026-08-05 00:00:00-04:00,495.42733843271316,497.3038108374591,484.7674131728324,486.5440673828125,33388900
2026-08-06 00:00:00-04:00,487.6319998350186,500.61756372489685,487.60205742358346,498.9207458496094,36441500
2026-08-07 00:00:00-04:00,498.2719734340298,504.23075699317457,497.79289485093346,499.0505065917969,28846200
2026-08-10 00:00:00-04:00,502.4940586092805,512.7647021753171,501.32624359045303,505.109130859375,31206100
2026-08-11 00:00:00-04:00,503.3823542433026,504.38047525067043,498.61133704649393,502.86334228515625,23049800
2026-08-12 00:00:00-04:00,499.0505227551261,500.557695253814,490.59643643442394,491.5047302246094,29001500
2026-08-13 00:00:00-04:00,492.34314786956145,500.3979918654044,492.0836571155829,495.9463806152344,23039000
2026-08-14 00:00:00-04:00,495.42733437790497,499.07050046550256,492.991947114923,494.4691467285156,16217600
2026-08-17 00:00:00-04:00,489.21906226283284,491.73431632358415,477.51109147171053,479.44744873046875,29635800
2026-08-18 00:00:00-04:00,480.6352093836093,483.36006030134655,476.2534434403709,480.72503662109375,24087600
2026-08-19 00:00:00-04:00,479.16797047398614,488.3806080919379,478.4592826108848,483.3999938964844,19961900
2026-08-20 00:00:00-04:00,483.29998779296875,484.1600036621094,479.5,481.1499938964844,20020800
2026-08-21 00:00:00-04:00,479.8800048828125,486.3599853515625,478.5299987792969,483.239990234375,22510800
2026-08-24 00:00:00-04:00,483.2099914550781,490.6099853515625,481.8599853515625,487.30999755859375,17230800
2026-08-25 00:00:00-04:00,485.44000244140625,492.44000244140625,484.29998779296875,491.7099914550781,19519000
2026-08-26 00:00:00-04:00,487.8500061035156,497.3999938964844,487.30999755859375,496.3699951171875,20758900
2026-08-27 00:00:00-04:00,494.8800048828125,506.4800109863281,490.0799865722656,505.05999755859375,28688800
2026-08-28 00:00:00-04:00,505.3299865722656,517.780029296875,504.8699951171875,513.530029296875,29207300
2026-08-31 00:00:00-04:00,510.3800048828125,512.1900024414062,506.3900146484375,507.2900085449219,27208900
2026-09-01 00:00:00-04:00,497.5199890136719,505.9700012207031,496.7799987792969,501.0199890136719,21046900
2026-09-02 00:00:00-04:00,499.8500061035156,500.2699890136719,493.80999755859375,496.82000732421875,15336100
2026-09-03 00:00:00-04:00,501.6600036621094,515.6500244140625,500.79998779296875,510.1199951171875,24125900
2026-09-04 00:00:00-04:00,510.0,511.0,499.3599853515625,499.70001220703125,18101800
2026-09-08 00:00:00-04:00,493.010009765625,495.19000244140625,490.1499938964844,493.95001220703125,18882300
2026-09-09 00:00:00-04:00,493.07000732421875,494.3900146484375,489.79998779296875,491.6499938964844,12889600
2026-09-10 00:00:00-04:00,488.32000732421875,494.5199890136719,486.0,492.44000244140625,16038800
2026-09-11 00:00:00-04:00,495.6499938964844,498.9700012207031,492.5799865722656,495.6300048828125,14510500
2026-09-14 00:00:00-04:00,497.05999755859375,509.95001220703125,495.3399963378906,505.4100036621094,23091900
2026-09-15 00:00:00-04:00,500.05999755859375,505.8999938964844,495.5400085449219,497.1199951171875,17794600
2026-09-16 00:00:00-04:00,493.0299987792969,495.9700012207031,487.2300109863281,490.29998779296875,16670300
2026-09-17 00:00:00-04:00,497.79998779296875,501.4700012207031,493.1700134277344,497.75,17841600
2026-09-18 00:00:00-04:00,497.9700012207031,498.6499938964844,491.1000061035156,493.7799987792969,39622300
2026-09-21 00:00:00-04:00,494.95001220703125,501.8699951171875,491.3299865722656,501.6099853515625,27959900
2026-09-22 00:00:00-04:00,,,,,20867650
