Date,Open,High,Low,Close,Volume
2021-09-23 00:00:00-04:00,22.042908323767797,22.436176576629713,21.794004654713568,22.38340950012207,248555000
2021-09-24 00:00:00-04:00,21.973213750163456,22.051867773910164,21.76513066495934,21.98416519165039,217655000
2021-09-27 00:00:00-04:00,21.614793860062722,21.70340426569089,21.231483878149266,21.565013885498047,245215000
2021-09-28 00:00:00-04:00,21.12096960542121,21.32507053002053,20.560436939331986,20.608226776123047,343069000
2021-09-29 00:00:00-04:00,20.84817209585024,20.924834092595493,20.37724487487281,20.427026748657227,218394000
2021-09-30 00:00:00-04:00,20.67692268286252,20.97361615381417,20.597273594598942,20.625150680541992,221009000
2021-10-01 00:00:00-04:00,20.659005371326064,20.767526631043445,20.11440324016766,20.65104103088379,240978000
2021-10-04 00:00:00-04:00,20.414085560020563,20.451919028744175,19.46924770779128,19.645471572875977,345635000
2021-10-05 00:00:00-04:00,19.86251425727249,20.557453280437706,19.766934576510337,20.361316680908203,279282000
2021-10-06 00:00:00-04:00,20.03176974378131,20.629137078715868,19.99194424199397,20.60922622680664,297202000
2021-10-07 00:00:00-04:00,20.99950965970344,21.22850254226283,20.880036928701408,20.982585906982422,256919000
2021-10-08 00:00:00-04:00,21.00846523888015,21.113004324739432,20.683894639844777,20.739648818969727,151258000
2021-10-11 00:00:00-04:00,20.484773437642136,20.970632383544228,20.421053017517437,20.604246139526367,163388000
2021-10-12 00:00:00-04:00,20.736663894521275,20.964659771807728,20.437980218130104,20.580352783203125,162134000
2021-10-13 00:00:00-04:00,20.826273496687154,20.897958276834757,20.622172501018817,20.84718132019043,180652000
2021-10-14 00:00:00-04:00,21.194646843821843,21.6595979888479,21.029374431188767,21.650638580322266,243589000
2021-10-15 00:00:00-04:00,21.714360334605505,21.834830025581528,21.56701051506873,21.766132354736328,226994000
2021-10-18 00:00:00-04:00,21.653626407282953,22.193249435993522,21.54908541210571,22.12455177307129,189494000
2021-10-19 00:00:00-04:00,22.178312668438,22.280861623084096,21.940362329321403,22.19225311279297,161473000
2021-10-20 00:00:00-04:00,22.20718298956857,22.33462191107961,21.885599533351265,22.00606918334961,146276000
2021-10-21 00:00:00-04:00,22.000097295285027,22.611405016436052,21.98615875079242,22.592487335205078,187590000
2021-10-22 00:00:00-04:00,22.72291370384328,23.028566619385316,22.462063524678783,22.626338958740234,249384000
2021-10-25 00:00:00-04:00,22.872251056391946,23.25257575791235,22.670142197791318,23.06440544128418,230235000
2021-10-26 00:00:00-04:00,23.883805688435576,25.14823704248469,23.819090189484406,24.608612060546875,485898000
2021-10-27 00:00:00-04:00,24.36667273808714,24.979970559191603,24.17551339728853,24.343772888183594,245990000
2021-10-28 00:00:00-04:00,24.768905340270393,24.84059010745586,24.415462540776538,24.831628799438477,234204000
2021-10-29 00:00:00-04:00,24.89136187149755,25.596257241681755,24.890366803732874,25.454879760742188,292503000
2021-11-01 00:00:00-04:00,25.536524276050844,25.780448839610433,25.116373947615195,25.713743209838867,265740000
2021-11-02 00:00:00-04:00,25.708759787654955,26.56100485226317,25.686855006308992,26.285219192504883,294112000
2021-11-03 00:00:00-04:00,26.553046154370787,26.666546557874828,26.119954258485805,26.481361389160156,239910000
2021-11-04 00:00:00-04:00,27.109596719532924,31.22745940153133,26.999083410913848,29.670318603515625,1153631000
2021-11-05 00:00:00-04:00,30.054618542304095,31.26229841246148,29.28102556401493,29.62152671813965,851260000
2021-11-08 00:00:00-05:00,30.016786509890455,30.963616262925747,29.775847185212836,30.668914794921875,503101000
2021-11-09 00:00:00-05:00,32.14043393327905,32.16831102221569,29.832598362114123,30.522558212280273,646746000
2021-11-10 00:00:00-05:00,29.227262149282613,30.714709797083966,28.65179591122643,29.329809188842773,636206000
2021-11-11 00:00:00-05:00,30.334390000111334,30.455854738894605,29.646420236957336,30.256731033325195,332172000
2021-11-12 00:00:00-05:00,29.878398271524592,30.5454602165024,29.500063610739595,30.256731033325195,413054000
2021-11-15 00:00:00-05:00,30.41801896863416,30.509614574948284,29.11874154072653,29.893329620361328,384909000
2021-11-16 00:00:00-05:00,29.628497753453818,30.256729228063044,29.57572877826621,30.07054901123047,264484000
2021-11-17 00:00:00-05:00,30.28460666991569,30.375209109979387,28.673702083946914,29.132680892944336,428508000
2021-11-18 00:00:00-05:00,32.225063319518526,32.616337669436994,31.183648858814088,31.536096572875977,781711000
2021-11-19 00:00:00-05:00,32.10160069976278,32.94289622909161,31.7650836274217,32.84034729003906,533867000
2021-11-22 00:00:00-05:00,33.37001812058742,34.49506385982345,31.76011037964673,31.81586456298828,754335000
2021-11-23 00:00:00-05:00,31.39671157119762,32.218094514763855,30.744583214227514,31.606786727905273,532163000
2021-11-24 00:00:00-05:00,31.323039583883876,32.71092580385909,30.7923759210508,32.53071975708008,435162000
2021-11-26 00:00:00-05:00,32.45703857581968,32.56655680344716,31.212522066253175,31.364850997924805,283069000
2021-11-29 00:00:00-05:00,32.22407162500823,33.26548239676256,31.89551689877383,33.22964096069336,454964000
2021-11-30 00:00:00-05:00,33.02354533082021,33.20674036434526,31.72426963928221,32.53270721435547,622066000
2021-12-01 00:00:00-05:00,33.077380041197316,33.14708130809565,31.246217605187216,31.300983428955078,484368000
2021-12-02 00:00:00-05:00,31.080925938871122,32.33953706228623,30.892730624505155,31.989036560058594,472890000
2021-12-03 00:00:00-05:00,31.863572220980746,31.99202385703251,30.001543883661746,30.562145233154297,544325000
2021-12-06 00:00:00-05:00,29.75260913184593,30.11207010956424,27.918463234495462,29.9089412689209,658938000
2021-12-07 00:00:00-05:00,30.82501579680724,32.31065524359192,30.520318769347558,32.28874588012695,593053000
2021-12-08 00:00:00-05:00,31.8625799412448,32.15233969224195,31.287043097460884,31.690317153930664,475551000
2021-12-09 00:00:00-05:00,31.598704034532002,32.06769853366914,30.298272298007166,30.360008239746094,488507000
2021-12-10 00:00:00-05:00,31.017190899282223,31.171530737037585,29.733687020196054,30.069250106811523,488825000
2021-12-13 00:00:00-05:00,30.12003462160517,30.164842841094565,27.99612729686803,28.040935516357422,598344000
2021-12-14 00:00:00-05:00,27.58090425365269,28.55573036179902,27.133819165283064,28.216184616088867,667035000
2021-12-15 00:00:00-05:00,28.27891988260038,30.369967183258264,27.71931562363803,30.32914161682129,698297000
2021-12-16 00:00:00-05:00,31.01918913294205,31.027154448930762,27.97323064778504,28.265975952148438,707366000
2021-12-17 00:00:00-05:00,27.865691608084173,28.798697151084145,27.641650475156073,27.682476043701172,713758000
2021-12-20 00:00:00-05:00,27.188587940382853,28.02400974051841,27.02927023764738,27.60082244873047,461847000
2021-12-21 00:00:00-05:00,28.253028750149053,28.995848487605922,27.28417563606335,28.951040267944336,524385000
2021-12-22 00:00:00-05:00,28.767825605381404,29.428994238441074,28.327708710251994,29.274654388427734,395184000
2021-12-23 00:00:00-05:00,29.628141300237914,29.9308460734299,29.305523238717626,29.51363182067871,343022000
2021-12-27 00:00:00-05:00,29.53354519901358,30.954461266705604,29.51363001268846,30.813066482543945,403686000
2021-12-28 00:00:00-05:00,31.178505155996454,31.196428065606888,29.88404641723083,30.192726135253906,420591000
2021-12-29 00:00:00-05:00,30.14393233812567,30.417759500865014,29.240797826876175,29.873090744018555,343139000
2021-12-30 00:00:00-05:00,29.699833486975336,30.32714857163771,29.414058345471055,29.459861755371094,308864000
2021-12-31 00:00:00-05:00,29.547489426670328,29.901972573947273,29.205951342168785,29.28561019897461,266530000
2022-01-03 00:00:00-05:00,29.687887165643172,30.58006706522169,29.658014384020838,29.992582321166992,391547000
2022-01-04 00:00:00-05:00,30.147918368019972,30.33810404913154,28.22813864702251,29.16512680053711,527154000
2022-01-05 00:00:00-05:00,28.825579893631648,29.290589869699456,27.415618321755158,27.48631477355957,498064000
2022-01-06 00:00:00-05:00,27.522158750832368,28.316756884231587,26.94961135088401,28.057865142822266,454186000
2022-01-07 00:00:00-05:00,28.02102409273095,28.300826210955492,26.941644095796043,27.130834579467773,409939000
2022-01-10 00:00:00-05:00,26.467673635110437,27.351888211869046,25.534668178229204,27.28318214416504,594681000
2022-01-11 00:00:00-05:00,27.206510950592097,27.94534808174242,26.72457518291045,27.69840431213379,404089000
2022-01-12 00:00:00-05:00,27.947334289673307,28.473083012024553,27.490291625249768,27.87962532043457,383413000
2022-01-13 00:00:00-05:00,28.258006149078067,28.35857536952985,26.385025255824416,26.461698532104492,540171000
2022-01-14 00:00:00-05:00,26.18786826346866,27.081045133437073,26.09825182970304,26.827131271362305,395832000
2022-01-18 00:00:00-05:00,26.14804076534196,26.524429421318242,25.660130107362825,25.79256248474121,424270000
2022-01-19 00:00:00-05:00,25.96781525631739,26.42983583830402,24.94519334293258,24.960128784179688,488315000
2022-01-20 00:00:00-05:00,25.19612032401024,25.46994751510898,23.97534549383341,24.047039031982422,435181000
2022-01-21 00:00:00-05:00,23.40678161092132,24.717171038870582,23.163822382731063,23.274349212646484,718958000
2022-01-24 00:00:00-05:00,22.234800479522537,23.280323256927787,20.79894871741768,23.272357940673828,913982000
2022-01-25 00:00:00-05:00,22.44988020196596,22.84518895116685,21.906208409712576,22.22882652282715,664616000
2022-01-26 00:00:00-05:00,23.14092438893645,23.954440841052126,22.20493120914217,22.67491912841797,755959000
2022-01-27 00:00:00-05:00,23.46751957498949,23.892699123335404,21.58258875418974,21.85044288635254,573353000
2022-01-28 00:00:00-05:00,21.91815335328116,22.760547192328307,21.205206336859245,22.742624282836914,543774000
2022-01-31 00:00:00-05:00,23.083167451846627,24.40451162128033,22.95372251615152,24.381608963012695,564680000
2022-02-01 00:00:00-05:00,24.996971847725337,25.03779741322022,23.78814690915183,24.532958984375,518925000
2022-02-02 00:00:00-05:00,25.684030811068062,25.70693156804896,24.448320550364187,25.134384155273438,543419000
2022-02-03 00:00:00-05:00,24.353725465820713,24.97008589250318,23.678616565700732,23.84589958190918,410178000
2022-02-04 00:00:00-05:00,23.869801717451438,24.52997529527776,23.53125106732424,24.215322494506836,354829000
2022-02-07 00:00:00-05:00,24.26808886721252,25.074634872099356,24.098813592190186,24.62257194519043,376868000
2022-02-08 00:00:00-05:00,24.255153836056834,25.122440944379857,23.877769848452786,25.000961303710938,410359000
2022-02-09 00:00:00-05:00,25.512761692954534,26.611059748632012,25.244909456729868,26.591144561767578,524282000
2022-02-10 00:00:00-05:00,25.884173907605756,26.810207355807123,25.490857492439208,25.71390151977539,513200000
2022-02-11 00:00:00-05:00,25.80551006541594,26.040503963564735,23.671646883125344,23.846895217895508,605472000
2022-02-14 00:00:00-05:00,23.831959421608797,24.768947532154037,23.653721722186578,24.16353988647461,440424000
2022-02-15 00:00:00-05:00,24.8426335224846,26.431829912184345,24.67833795995591,26.382043838500977,699869000
2022-02-16 00:00:00-05:00,26.147047583163317,26.468670452357063,25.443061093040882,26.397972106933594,732676000
2022-02-17 00:00:00-05:00,25.52073073259493,25.675070604494053,24.061978217389743,24.40251922607422,810595000
2022-02-18 00:00:00-05:00,24.562827267983952,24.8794722652551,23.001513544155017,23.541202545166016,761255000
2022-02-22 00:00:00-05:00,22.936795215643546,23.961407632998917,22.901944582346907,23.290281295776367,633422000
2022-02-23 00:00:00-05:00,23.700525696809972,24.052021400692805,22.20592541181683,22.29155731201172,566511000
2022-02-24 00:00:00-05:00,20.92540185101815,23.698527839821597,20.800934789045943,23.64674949645996,735801000
2022-02-25 00:00:00-05:00,23.6198702807105,24.113754059814244,23.28131966006848,24.05401039123535,528866000
2022-02-28 00:00:00-05:00,23.889712256178317,24.559843299003468,23.605927486955995,24.281036376953125,477319000
2022-03-01 00:00:00-05:00,24.187436042997348,24.273069823879005,23.03337702743395,23.37690544128418,412056000
2022-03-02 00:00:00-05:00,23.658748421485516,24.309075054496567,23.31914479926627,24.120847702026367,389642000
2022-03-03 00:00:00-05:00,24.16267550692926,24.22641458306048,23.37292261489187,23.616920471191406,365095000
2022-03-04 00:00:00-05:00,23.288273750720784,23.583061545150027,22.389965840443992,22.84210777282715,431415000
2022-03-07 00:00:00-05:00,22.723594140609173,22.938711412053266,21.24268191605436,21.264591217041016,450821000
2022-03-08 00:00:00-05:00,21.22176739996016,22.281410884459255,20.565464751978574,21.425928115844727,557467000
2022-03-09 00:00:00-05:00,22.295352427006858,23.124942518382856,22.15592615939423,22.91978645324707,492742000
2022-03-10 00:00:00-05:00,22.438767569291258,22.6947154875098,21.792424138907304,22.565248489379883,428066000
2022-03-11 00:00:00-05:00,22.927755670439296,23.05025324732895,21.95575122647575,22.009531021118164,367209000
2022-03-14 00:00:00-04:00,21.779472607816942,22.17086340274915,21.072380103418656,21.242679595947266,385354000
2022-03-15 00:00:00-04:00,21.429913984102225,22.94369219754842,21.23471717688526,22.878957748413086,491996000
2022-03-16 00:00:00-04:00,23.40379479526486,24.49630397600163,23.077138455679332,24.39571762084961,671422000
2022-03-17 00:00:00-04:00,24.021262124146144,24.740304734658185,23.808137465094195,24.66461753845215,471941000
2022-03-18 00:00:00-04:00,24.69747562276656,26.460229908603445,24.523192811825133,26.344703674316406,730719000
2022-03-21 00:00:00-04:00,26.39848559475205,27.04084554919752,25.86069533534459,26.624555587768555,591727000
2022-03-22 00:00:00-04:00,26.617582876634945,27.126492498169284,25.965265566055862,26.415414810180664,547007000
2022-03-23 00:00:00-04:00,26.019048781115384,26.50305932852309,25.47030568855705,25.529064178466797,502120000
2022-03-24 00:00:00-04:00,26.058882339128612,28.204063653708854,25.800941854899072,28.034759521484375,877379000
2022-03-25 00:00:00-04:00,27.77184415178732,28.241912070470075,27.159361974596653,27.578638076782227,579016000
2022-03-28 00:00:00-04:00,27.64237355173041,28.134350707606135,27.094623991150144,28.103477478027344,425494000
2022-03-29 00:00:00-04:00,28.57753047133925,28.827502401169717,27.865457327415218,28.5386905670166,488984000
2022-03-30 00:00:00-04:00,28.188129711162127,28.379343137774402,27.390408258662607,27.576642990112305,463487000
2022-03-31 00:00:00-04:00,27.668267123207887,28.13235904221387,27.15836398762896,27.174297332763672,523440000
2022-04-01 00:00:00-04:00,27.26293373491524,27.38343868051935,26.1594698017538,26.60264778137207,517235000
2022-04-04 00:00:00-04:00,26.618586388901665,27.44518860912793,26.50405738303461,27.24799919128418,397120000
2022-04-05 00:00:00-04:00,27.14242826487716,27.2071627020829,25.714298707379786,25.824844360351562,436615000
2022-04-06 00:00:00-04:00,24.83192809110766,25.19642902764495,23.90473955432291,24.307085037231445,703833000
2022-04-07 00:00:00-04:00,24.340947967952697,24.620797799219233,23.381890771561523,24.108901977539062,557992000
2022-04-08 00:00:00-04:00,23.819088417079787,23.825064370958277,22.96758907146771,23.024354934692383,524781000
2022-04-11 00:00:00-04:00,22.123063188914138,22.228628253478472,21.571330249174363,21.82727813720703,575207000
2022-04-12 00:00:00-04:00,22.44473805178245,22.631968138584455,21.1948747421812,21.415966033935547,662258000
2022-04-13 00:00:00-04:00,21.639052358381548,22.40789137072251,21.367169228856223,22.112106323242188,516943000
2022-04-14 00:00:00-04:00,22.412871600546225,22.683759389398876,21.076366219253643,21.170976638793945,569097000
2022-04-18 00:00:00-04:00,21.11320943966605,21.9975726163944,20.992704516489646,21.693822860717773,525701000
2022-04-19 00:00:00-04:00,21.63107682551099,22.28140329756855,21.226738867897243,22.107120513916016,512781000
2022-04-20 00:00:00-04:00,22.42481903619335,22.577192555974293,21.113211195451072,21.39405632019043,468974000
2022-04-21 00:00:00-04:00,21.620130170301234,22.30033475649145,19.918126615701347,20.100378036499023,656209000
2022-04-22 00:00:00-04:00,20.219882348509838,20.402133738806455,19.42017020020564,19.435108184814453,624713000
2022-04-25 00:00:00-04:00,19.123394685988696,19.8633531842539,19.017829608738282,19.82052993774414,641566000
2022-04-26 00:00:00-04:00,19.637279366940014,19.706992498806468,18.593569308178367,18.71108627319336,653143000
2022-04-27 00:00:00-04:00,18.52186245193841,19.088533303599878,18.215124690050864,18.33961296081543,499460000
2022-04-28 00:00:00-04:00,18.88935141084662,19.95497260986267,18.41430488131408,19.70101547241211,570327000
2022-04-29 00:00:00-04:00,19.322566508896994,20.045594018087794,18.44118956804587,18.471067428588867,500435000
2022-05-02 00:00:00-04:00,18.46509408697369,19.493864059711598,18.31570856221963,19.453033447265625,572049000
2022-05-03 00:00:00-04:00,19.320580585935083,19.743841875684236,19.0546734235437,19.521753311157227,475751000
2022-05-04 00:00:00-04:00,19.841444187411117,20.316490841447845,18.67424096722865,20.250761032104492,648855000
2022-05-05 00:00:00-04:00,19.78567397204199,19.843435208726394,18.424269280704653,18.766860961914062,626331000
2022-05-06 00:00:00-04:00,18.65929999241693,19.432122333318322,17.916353624000763,18.598548889160156,633297000
2022-05-09 00:00:00-04:00,17.960177470867976,18.180271567332927,16.758117645822335,16.880615234375,644455000
2022-05-10 00:00:00-04:00,17.61658525253339,18.12350232079174,16.955303927577983,17.52297019958496,761474000
2022-05-11 00:00:00-04:00,17.27598988657447,17.68032805554246,16.50017940475814,16.56192398071289,670167000
2022-05-12 00:00:00-04:00,16.15260039731434,16.719271193750508,15.5032701645604,16.108779907226562,708728000
2022-05-13 00:00:00-04:00,16.71927867526598,17.854611494178222,16.525077208824772,17.633520126342773,670437000
2022-05-16 00:00:00-04:00,17.437324838562272,17.71518203809066,17.035974706114335,17.193326950073242,521446000
2022-05-17 00:00:00-04:00,18.000007771051944,18.29579278898957,17.561810417904773,18.10258674621582,585830000
2022-05-18 00:00:00-04:00,17.632518279068112,18.04382762467623,16.794961603480765,16.8686580657959,545161000
2022-05-19 00:00:00-04:00,16.867665016255632,17.614594729725628,16.665495022322716,17.05389976501465,621310000
2022-05-20 00:00:00-04:00,17.26104666528793,17.338726466049714,15.690502001783667,16.62565803527832,739105000
2022-05-23 00:00:00-04:00,16.20737158485629,16.845747964153443,16.112761215189188,16.82881736755371,639889000
2022-05-24 00:00:00-04:00,16.44241318228326,16.529056923699873,15.715401091996485,16.08786964416504,588550000
2022-05-25 00:00:00-04:00,15.954421301148022,17.040954810049584,15.934502716862164,16.9055118560791,781132000
2022-05-26 00:00:00-04:00,15.970351364556697,18.017934299435986,15.95640873833212,17.777921676635742,996575000
2022-05-27 00:00:00-04:00,18.11155027204223,18.80370475029721,18.025901901467446,18.733991622924805,738379000
2022-05-31 00:00:00-04:00,18.902301701134324,19.121402309598214,18.27488154857996,18.595563888549805,664100000
2022-06-01 00:00:00-04:00,18.64734816521392,18.97499986864279,18.047811461986903,18.2450008392334,544514000
2022-06-02 00:00:00-04:00,18.217119410706687,19.538686849184053,18.12350434729059,19.511796951293945,648656000
2022-06-03 00:00:00-04:00,19.003885365597327,19.252861948714582,18.446176451745462,18.64336585998535,598779000
2022-06-06 00:00:00-04:00,19.060648619208788,19.25783800037351,18.488001796850387,18.70909309387207,422406000
2022-06-07 00:00:00-04:00,18.396380279945216,18.92221865575563,18.113542511249516,18.848522186279297,388914000
2022-06-08 00:00:00-04:00,18.72599710190359,19.105518070674538,18.463022361325056,18.575584411621094,363252000
2022-06-09 00:00:00-04:00,18.409233910241724,18.859478331118886,17.97094202357339,17.977914810180664,395574000
2022-06-10 00:00:00-04:00,17.531657297722646,17.628280755740548,16.803494968741788,16.90808868408203,465248000
2022-06-13 00:00:00-04:00,15.9378697072585,16.248658440141707,15.54539961251888,15.586240768432617,604153000
2022-06-14 00:00:00-04:00,15.669912860368118,16.003612016416973,15.35215136745031,15.774505615234375,469680000
2022-06-15 00:00:00-04:00,16.032496557191926,16.802495430465633,15.864153172658016,16.462820053100586,563936000
2022-06-16 00:00:00-04:00,15.79841174165895,15.880094046952882,15.341194505792407,15.540417671203613,545749000
2022-06-17 00:00:00-04:00,15.58723513693202,15.932887781168011,15.26847807134145,15.818334579467773,630334000
2022-06-21 00:00:00-04:00,16.41102650097026,16.94195585735891,16.343289760595702,16.501672744750977,483089000
2022-06-22 00:00:00-04:00,16.162994005831898,16.597301831379568,16.11717309578013,16.29647445678711,437135000
2022-06-23 00:00:00-04:00,16.454851986991518,16.5205956784527,15.79143880496092,16.16199493408203,463680000
2022-06-24 00:00:00-04:00,16.435929188204064,17.07344340934076,16.24666644132576,17.059497833251953,472153000
2022-06-27 00:00:00-04:00,17.244777939984676,17.262707696564117,16.561440850774616,16.803497314453125,427968000
2022-06-28 00:00:00-04:00,16.83437454206532,17.135201879170452,15.883083017438073,15.919939994812012,461149000
2022-06-29 00:00:00-04:00,15.752593519819412,15.758569788311064,15.111094153129095,15.481649398803711,482352000
2022-06-30 00:00:00-04:00,15.30135010720161,15.506550493203868,14.80428823063541,15.10013484954834,686070000
2022-07-01 00:00:00-04:00,14.841142600357397,15.004505295287302,14.3361114733893,14.466602325439453,577610000
2022-07-05 00:00:00-04:00,14.119954807294123,14.912863251478607,14.000420913948414,14.905890464782715,651397000
2022-07-06 00:00:00-04:00,14.951714146500859,15.259514268350555,14.73157165387112,15.071248054504395,529066000
2022-07-07 00:00:00-04:00,15.395981666093258,15.883082152996206,15.329241452564782,15.796420097351074,492903000
2022-07-08 00:00:00-04:00,15.370084060896657,15.974727368388931,15.329242903234574,15.77649974822998,467972000
2022-07-11 00:00:00-04:00,15.465707871427929,15.466704390913305,14.97960300654342,15.093160629272461,437321000
2022-07-12 00:00:00-04:00,15.208711284952944,15.371078433295626,14.819229812840817,15.023433685302734,458483000
2022-07-13 00:00:00-04:00,14.533343560416391,15.315295058565692,14.408828966444313,15.105113983154297,521918000
2022-07-14 00:00:00-04:00,15.049330705933693,15.412913068607052,14.670806250969452,15.312305450439453,456235000
2022-07-15 00:00:00-04:00,15.598193546303452,15.720715108541247,15.385023849466009,15.700793266296387,385935000
2022-07-18 00:00:00-04:00,16.23870243346267,16.831391475945008,15.939868037240583,16.038482666015625,670517000
2022-07-19 00:00:00-04:00,16.42198027766924,17.043557657032984,16.109200448917402,16.926015853881836,702366000
2022-07-20 00:00:00-04:00,16.881189260341582,17.863360331709984,16.735756321576044,17.73784828186035,760538000
2022-07-21 00:00:00-04:00,17.815549700814543,18.073542834559365,17.476869827222348,17.979907989501953,557049000
2022-07-22 00:00:00-04:00,17.823517582725398,17.897229633267205,17.07045276387724,17.251747131347656,536671000
2022-07-25 00:00:00-04:00,16.9529079098025,17.057501599171562,16.58434582326554,16.957889556884766,480748000
2022-07-26 00:00:00-04:00,16.823418108378,16.853302299081996,16.414014765426856,16.468801498413086,397865000
2022-07-27 00:00:00-04:00,16.965858978034504,17.86634969294112,16.847321609237287,17.720916748046875,569776000
2022-07-28 00:00:00-04:00,17.90519966314176,18.069557945364984,17.372277332995978,17.91416358947754,474646000
2022-07-29 00:00:00-04:00,17.743828897049305,18.173155009470385,17.623298471299282,18.092470169067383,435460000
2022-08-01 00:00:00-04:00,18.111397333511174,18.772820437934747,17.920143444250357,18.36939239501953,476469000
2022-08-02 00:00:00-04:00,18.05162533582695,18.86445649184929,18.02174115290596,18.454055786132812,489527000
2022-08-03 00:00:00-04:00,18.113383398541078,18.894339170573385,18.06656503901962,18.819629669189453,418146000
2022-08-04 00:00:00-04:00,18.77580856746541,19.19915749432203,18.687153463279184,19.1403865814209,409652000
2022-08-05 00:00:00-04:00,18.73695646403008,19.154330026144063,18.59351654169447,18.91526222229004,386068000
2022-08-08 00:00:00-04:00,17.43403710855411,18.168174706690454,17.175046511530418,17.723905563354492,981859000
2022-08-09 00:00:00-04:00,17.185011011777068,17.379253519646323,16.659061365875445,17.019655227661133,668263000
2022-08-10 00:00:00-04:00,17.62927686575505,18.047646040112355,17.249755809744542,18.0267276763916,597422000
2022-08-11 00:00:00-04:00,18.06059303930121,18.634356491462075,17.80658220790549,17.872325897216797,509327000
2022-08-12 00:00:00-04:00,18.08948452029827,18.645318367215353,17.883287572264184,18.6363525390625,478094000
2022-08-15 00:00:00-04:00,18.628385243473794,19.089586785990303,18.540727596284007,18.958099365234375,457666000
2022-08-16 00:00:00-04:00,18.846530011794016,19.067668063926604,18.42915644764587,18.805688858032227,451240000
2022-08-17 00:00:00-04:00,18.45107316928741,18.615431461944837,18.074540740730857,18.26380157470703,446799000
2022-08-18 00:00:00-04:00,18.229938308651626,18.791747491250643,18.112396469035968,18.700105667114258,415447000
2022-08-19 00:00:00-04:00,18.33452802598433,18.448085673185464,17.700997988903634,17.779691696166992,441588000
2022-08-22 00:00:00-04:00,17.42208217251165,17.489818903609883,16.900116815044345,16.967853546142578,409593000
2022-08-23 00:00:00-04:00,16.92302685754724,17.397178237368543,16.904099637165128,17.114280700683594,369986000
2022-08-24 00:00:00-04:00,16.945939135983163,17.338410181530257,16.829394785860185,17.15512466430664,522661000
2022-08-25 00:00:00-04:00,16.778593660983034,17.87731128814007,16.767636693793882,17.843442916870117,770691000
2022-08-26 00:00:00-04:00,17.787658007376972,17.85439727044476,16.173947959014292,16.19685935974121,769127000
2022-08-29 00:00:00-04:00,15.957792548703463,16.27455660052828,15.705774724802128,15.739642143249512,496132000
2022-08-30 00:00:00-04:00,15.898024237946384,15.976716986717125,15.123045485635457,15.40793514251709,530181000
2022-08-31 00:00:00-04:00,15.324261848963653,15.479656218449705,14.900911986576217,15.035387992858887,573710000
2022-09-01 00:00:00-04:00,14.153823343963365,14.32415979672276,13.218470483091595,13.882880210876465,1178865000
2022-09-02 00:00:00-04:00,14.045246540395883,14.115969978398423,13.53822233999636,13.594005584716797,743157000
2022-09-06 00:00:00-04:00,13.677680890653752,13.725494835509304,13.299156360470214,13.412714004516602,535751000
2022-09-07 00:00:00-04:00,13.514346107743526,13.788360189278626,13.298124529340985,13.664804458618164,512657000
2022-09-08 00:00:00-04:00,13.410718326942437,13.957749643269011,13.321041981068236,13.939813613891602,624873000
2022-09-09 00:00:00-04:00,14.106215606366773,14.422078851833046,14.075327622967663,14.3353910446167,486612000
2022-09-12 00:00:00-04:00,14.31745676821465,14.49481775493603,14.147069690827237,14.45296859741211,484159000
2022-09-13 00:00:00-04:00,13.752490135017588,13.872059562410795,13.052011836426038,13.08389663696289,714956000
2022-09-14 00:00:00-04:00,13.206453364571683,13.242324471898772,12.866677036184084,13.08090591430664,588507000
2022-09-15 00:00:00-04:00,12.968311791958639,13.185529223484204,12.744118551602249,12.882619857788086,523625000
2022-09-16 00:00:00-04:00,12.6962911946005,13.164605464480621,12.571739597842733,13.150655746459961,670751000
2022-09-19 00:00:00-04:00,12.96532505837295,13.414707500219304,12.963332376962292,13.33399772644043,569685000
2022-09-20 00:00:00-04:00,13.167595196842449,13.434633475375263,13.010161983326146,13.128734588623047,524818000
2022-09-21 00:00:00-04:00,13.16560415413887,13.980669759694642,13.06297298523187,13.213431358337402,807679000
2022-09-22 00:00:00-04:00,13.023113598616863,13.101830672720805,12.383417402056564,12.515939712524414,759162000
2022-09-23 00:00:00-04:00,12.375445471878537,12.5657602771744,12.213030099787952,12.471100807189941,663309000
2022-09-26 00:00:00-04:00,12.446192490592988,12.613590061867972,12.170185718593245,12.184135437011719,547343000
2022-09-27 00:00:00-04:00,12.462134764959494,12.690313385658438,12.214028382542947,12.3684720993042,553854000
2022-09-28 00:00:00-04:00,12.365482557221197,12.77700114543241,12.309683684312093,12.690313339233398,542414000
2022-09-29 00:00:00-04:00,12.403347404233896,12.455160919270222,11.903148286154517,12.176165580749512,532763000
2022-09-30 00:00:00-04:00,12.043641657389104,12.587683536419725,12.031684619918396,12.095455169677734,565638000
2022-10-03 00:00:00-04:00,12.30271017308679,12.632523169207891,12.061577674019702,12.467118263244629,547478000
2022-10-04 00:00:00-04:00,12.832801128271297,13.17257847359488,12.832801128271297,13.119768142700195,584182000
2022-10-05 00:00:00-04:00,12.864684062084223,13.273213099308617,12.575724429638687,13.161614418029785,507131000
2022-10-06 00:00:00-04:00,13.172578310658011,13.60701418955063,13.055997427970787,13.082901000976562,644157000
2022-10-07 00:00:00-04:00,12.460143455005138,12.62455154584433,11.97887622093527,12.032682418823242,672478000
2022-10-10 00:00:00-04:00,11.993820717893747,12.080508526082841,11.367077348214593,11.628137588500977,698699000
2022-10-11 00:00:00-04:00,11.519527473651838,11.803504950434311,11.242524855590247,11.544438362121582,667482000
2022-10-12 00:00:00-04:00,11.537463030403634,11.69290259691748,11.304302255253075,11.458745956420898,492590000
2022-10-13 00:00:00-04:00,10.931646265654487,12.034675758311112,10.774213026112694,11.917098999023438,850103000
2022-10-14 00:00:00-04:00,12.013749105457423,12.067555297007958,11.163809311742797,11.186726570129395,713432000
2022-10-17 00:00:00-04:00,11.476680559836852,11.905138303672846,11.475684694532076,11.845353126525879,580774000
2022-10-18 00:00:00-04:00,12.299717788184358,12.447186626800823,11.576322361329343,11.924070358276367,659362000
2022-10-19 00:00:00-04:00,11.836388541745388,12.30569968628764,11.791549885257231,12.007771492004395,523131000
2022-10-20 00:00:00-04:00,12.069548299667495,12.72319524071747,12.061576624677791,12.15025806427002,652398000
2022-10-21 00:00:00-04:00,12.054601866532238,12.453167564548195,11.844359270919771,12.421281814575195,609494000
2022-10-24 00:00:00-04:00,12.46313123131559,12.664406275262714,12.02072372059677,12.553804397583008,517457000
2022-10-25 00:00:00-04:00,12.648465797577563,13.252291971392953,12.6185727259184,13.213431358337402,505482000
2022-10-26 00:00:00-04:00,12.822836454280946,13.339973788252896,12.662413746395243,12.849739074707031,532953000
2022-10-27 00:00:00-04:00,13.581106467465899,13.788360510627266,13.07492839668743,13.128734588623047,583113000
2022-10-28 00:00:00-04:00,13.056992449696667,13.800316631997058,13.014146482029867,13.78437328338623,521040000
2022-10-31 00:00:00-04:00,13.728574769253589,13.78835995245815,13.24930028897117,13.448582649230957,486341000
2022-11-01 00:00:00-04:00,13.7614593301717,13.875050727465137,13.470506926844779,13.494421005249023,432817000
2022-11-02 00:00:00-04:00,13.800318290781895,14.159026573083835,13.163610543300285,13.171581268310547,672628000
2022-11-03 00:00:00-04:00,12.99621185480263,13.731564388380816,12.909524051073214,13.372855186462402,500065000
2022-11-04 00:00:00-04:00,13.935828645472183,14.177956971752689,13.647864854214127,14.105218887329102,612576000
2022-11-07 00:00:00-05:00,14.176962450071352,14.360302439141222,13.903946098084313,14.249700546264648,410061000
2022-11-08 00:00:00-05:00,14.747906191962752,14.837583500238217,14.165004638425565,14.549620628356934,595292000
2022-11-09 00:00:00-05:00,14.111196561878556,14.160021522270355,13.709642359692431,13.726581573486328,454414000
2022-11-10 00:00:00-05:00,14.746909510215898,15.716418731024099,14.49481681539553,15.693501472473145,700819000
2022-11-11 00:00:00-05:00,15.75029472497801,16.33020665970529,15.426460807751228,16.268428802490234,655487000
2022-11-14 00:00:00-05:00,16.159825913451986,16.480671390641938,15.864887196216745,16.236549377441406,527852000
2022-11-15 00:00:00-05:00,16.66201530534491,16.93702431634431,16.323234794348377,16.606216430664062,545876000
2022-11-16 00:00:00-05:00,16.104025972359103,16.303307412411236,15.816062134408572,15.85292911529541,649547000
2022-11-17 00:00:00-05:00,15.658629484135167,16.207653606331878,15.479274851083211,15.620765686035156,710894000
2022-11-18 00:00:00-05:00,15.90872657967121,15.944598642065296,15.065761621009438,15.35372543334961,492072000
2022-11-21 00:00:00-05:00,15.092665143329405,15.421481294578124,15.025905097362354,15.262055397033691,404739000
2022-11-22 00:00:00-05:00,15.273017439942477,16.00039937204481,15.067756049737582,15.980470657348633,472866000
2022-11-23 00:00:00-05:00,16.040256006522444,16.467718033836586,15.99043611685495,16.459745407104492,427241000
2022-11-25 00:00:00-05:00,16.259463735177064,16.427856209576845,16.113987567674407,16.21163558959961,167934000
2022-11-28 00:00:00-05:00,15.968510119436205,16.298324023340506,15.668591183311177,15.770224571228027,303741000
2022-11-29 00:00:00-05:00,15.770226349121932,15.874850195864996,15.464328384954916,15.582901000976562,298384000
2022-11-30 00:00:00-05:00,15.644690524714274,16.873582401297774,15.545024337202593,16.866605758666992,565298000
2022-12-01 00:00:00-05:00,16.942355347832123,17.20746780911725,16.57956797350174,17.07790184020996,470977000
2022-12-02 00:00:00-05:00,16.603489123219873,16.876576265200864,16.390201516412013,16.819765090942383,371389000
2022-12-05 00:00:00-05:00,16.62342349091921,16.9383705081479,16.41711252133541,16.55465316772461,352255000
2022-12-06 00:00:00-05:00,16.474920027684114,16.517776014687847,15.766288754644943,15.93372917175293,352694000
2022-12-07 00:00:00-05:00,15.719445161170468,16.132066147916248,15.614794545863099,16.066286087036133,372388000
2022-12-08 00:00:00-05:00,16.218773657752436,17.121754700808335,15.905818930591325,17.111787796020508,515456000
2022-12-09 00:00:00-05:00,17.102817944678048,17.524408725344184,16.91843494852363,16.944347381591797,465338000
2022-12-12 00:00:00-05:00,16.980232212594135,17.47956229907445,16.74103213701686,17.476572036743164,457328000
2022-12-13 00:00:00-05:00,18.469251865722775,18.727389611689624,17.651984541709513,18.011781692504883,656589000
2022-12-14 00:00:00-05:00,17.92705944978632,18.191177653739228,17.36194948910425,17.615102767944336,496888000
2022-12-15 00:00:00-05:00,17.088863487866476,17.262283446585172,16.64435056625301,16.895509719848633,478542000
2022-12-16 00:00:00-05:00,16.807798477188474,16.984208643420352,16.355311029719477,16.51577377319336,478232000
2022-12-19 00:00:00-05:00,16.51677591008969,16.553651364106894,16.09119880078537,16.1998348236084,354039000
2022-12-20 00:00:00-05:00,16.010468843091985,16.255649382131462,15.799176351187127,16.03139877319336,403260000
2022-12-21 00:00:00-05:00,16.060304842306547,16.571595897427166,16.048343794868938,16.446014404296875,325025000
2022-12-22 00:00:00-05:00,16.040370897342594,16.084224902594713,14.832409670787916,15.287886619567871,565045000
2022-12-23 00:00:00-05:00,15.145361845900647,15.287884971363319,14.833405142358366,15.155328750610352,349326000
2022-12-27 00:00:00-05:00,15.023771479202395,15.049684866029649,14.009163010503425,14.073946952819824,464902000
2022-12-28 00:00:00-05:00,13.88059315527946,14.214476922152242,13.837736217329413,13.989230155944824,351066000
2022-12-29 00:00:00-05:00,14.354008980352377,14.634071797044276,14.179591938632296,14.554338455200195,354923000
2022-12-30 00:00:00-05:00,14.28623238765906,14.580249392820543,14.185569131755553,14.565299987792969,310490000
2023-01-03 00:00:00-05:00,14.801513863050983,14.94603115548883,14.049029532918041,14.26729965209961,401277000
2023-01-04 00:00:00-05:00,14.518459253168668,14.803505525216863,14.193545359327329,14.699851989746094,431324000
2023-01-05 00:00:00-05:00,14.442711169863427,14.515467863086679,14.100853753433299,14.217464447021484,389168000
2023-01-06 00:00:00-05:00,14.425767217118333,14.95998131637067,13.987233879252056,14.809484481811523,405044000
2023-01-09 00:00:00-05:00,15.233070349137327,16.002497216572273,15.090546259586656,15.575923919677734,504231000
2023-01-10 00:00:00-05:00,15.455326689560788,15.908810437445068,15.42044347056914,15.855987548828125,384101000
2023-01-11 00:00:00-05:00,15.787215773433328,15.974589018428674,15.511138407767845,15.947678565979004,353285000
2023-01-12 00:00:00-05:00,16.046352430023713,16.581561807242853,15.440377637088012,16.455982208251953,551409000
2023-01-13 00:00:00-05:00,16.223754839739726,16.865609768709138,16.111132436686006,16.84268569946289,447287000
2023-01-17 00:00:00-05:00,16.842689261696506,17.668927336507764,16.842689261696506,17.64301300048828,511102000
2023-01-18 00:00:00-05:00,17.608126319924487,17.813439222153065,17.224409065517293,17.319093704223633,439624000
2023-01-19 00:00:00-05:00,16.97923193804357,17.139696655240964,16.67524985593479,16.709135055541992,452932000
2023-01-20 00:00:00-05:00,16.954312559037017,17.79649791430325,16.768933461540048,17.77955436706543,564967000
2023-01-23 00:00:00-05:00,18.00380774628692,19.18087416913429,17.758629060077922,19.129047393798828,655163000
2023-01-24 00:00:00-05:00,18.764259824321872,19.430034925653693,18.757283181815232,19.2007999420166,496204000
2023-01-25 00:00:00-05:00,18.84997803686339,19.30545594731295,18.518087479978714,19.25861167907715,449537000
2023-01-26 00:00:00-05:00,19.635350144248754,20.0988007667648,19.213759381728458,19.736013412475586,489535000
2023-01-27 00:00:00-05:00,19.39714737022937,20.559262315315294,19.34033810009434,20.297138214111328,542142000
2023-01-30 00:00:00-05:00,19.883520664577752,20.072886152093297,19.08618539248616,19.098146438598633,488611000
2023-01-31 00:00:00-05:00,19.10612138016746,19.621398819093155,18.886855153366426,19.471899032592773,498017000
2023-02-01 00:00:00-05:00,19.62538223172389,21.121379792645136,19.545648897588666,20.873210906982422,660477000
2023-02-02 00:00:00-05:00,20.930020713829347,21.875857723454107,20.631021178314572,21.63665771484375,564276000
2023-02-03 00:00:00-05:00,20.93001883755329,21.67253700894129,20.7197215405838,21.029685974121094,429366000
2023-02-06 00:00:00-05:00,20.736662794592945,21.49811666824984,20.71672898928441,21.018720626831055,452197000
2023-02-07 00:00:00-05:00,21.310748940899305,22.184827328430092,21.079521682438997,22.09911346435547,664150000
2023-02-08 00:00:00-05:00,22.31240089472821,22.801765903840348,21.934664092168923,22.13100814819336,559651000
2023-02-09 00:00:00-05:00,22.530672149758068,22.943292158985646,22.046291560362647,22.2625675201416,523876000
2023-02-10 00:00:00-05:00,21.6177224771655,22.00442812205311,20.74165187678693,21.194137573242188,550737000
2023-02-13 00:00:00-05:00,21.466228060003054,21.974528792175906,20.892147277807663,21.715394973754883,474919000
2023-02-14 00:00:00-05:00,21.506095265379177,22.972194156462287,21.294801814356916,22.894454956054688,675474000
2023-02-15 00:00:00-05:00,22.473862854052438,22.77884296898915,22.032340112236056,22.688146591186523,420575000
2023-02-16 00:00:00-05:00,22.059242486113913,22.47485267535742,21.85392959266538,21.928680419921875,412026000
2023-02-17 00:00:00-05:00,21.558922723947695,21.667558774123847,20.905108479188826,21.31673240661621,465888000
2023-02-21 00:00:00-05:00,20.93002371650124,21.422377090666945,20.54929664883601,20.58617401123047,410015000
2023-02-22 00:00:00-05:00,20.637998793039895,21.03367523119019,20.352950629424083,20.68484115600586,513184000
2023-02-23 00:00:00-05:00,23.361887672593678,23.808394684941764,22.94826973096921,23.585140228271484,1117995000
2023-02-24 00:00:00-05:00,23.147606985640458,23.39577778263142,22.870533495406775,23.208402633666992,589716000
2023-02-27 00:00:00-05:00,23.59112115652379,23.80042043107323,23.375841359560795,23.422683715820312,452994000
2023-02-28 00:00:00-05:00,23.294117844928124,23.745609343959064,23.128670637340598,23.13863754272461,455963000
2023-03-01 00:00:00-05:00,23.11471933360439,23.1785071533375,22.432998534976818,22.622365951538086,460026000
2023-03-02 00:00:00-05:00,22.41306693029748,23.30209292749656,22.357251874394603,23.236312866210938,389415000
2023-03-03 00:00:00-05:00,23.242288332226597,23.820355469270233,23.052920954283433,23.810388565063477,412393000
2023-03-06 00:00:00-05:00,23.81139425887619,24.167203158646693,23.408739183345446,23.47551727294922,437429000
2023-03-07 00:00:00-05:00,23.525353628386604,24.04869267419401,23.167487988654617,23.214340209960938,515154000
2023-03-08 00:00:00-05:00,23.412709959422333,24.12345598243845,23.34990950267541,24.104515075683594,513573000
2023-03-09 00:00:00-05:00,24.098534615353046,24.37665338080257,23.309039864365545,23.361873626708984,501257000
2023-03-10 00:00:00-05:00,23.334956536006658,23.55226740158579,22.65411633700963,22.89236068725586,474866000
2023-03-13 00:00:00-04:00,22.68003442386319,23.22430691098968,22.22647370103853,22.893356323242188,421890000
2023-03-14 00:00:00-04:00,23.421684721601242,24.14239751688331,23.385797384475328,23.98689079284668,474910000
2023-03-15 00:00:00-04:00,23.68584522635948,24.20918430620047,23.286114490388712,24.151369094848633,524486000
2023-03-16 00:00:00-04:00,23.951003432054158,25.507064935559395,23.818422785484607,25.460214614868164,583253000
2023-03-17 00:00:00-04:00,25.89981804779798,26.3154988744337,25.58681016478867,25.643630981445312,848547000
2023-03-20 00:00:00-04:00,25.533980590026932,25.941687335476704,25.050514016475315,25.818078994750977,432747000
2023-03-21 00:00:00-04:00,26.097197542002174,26.30852691659845,25.30072485223775,26.11613655090332,547408000
2023-03-22 00:00:00-04:00,26.341414093559983,27.501733695308825,26.154009031774457,26.384279251098633,797295000
2023-03-23 00:00:00-04:00,27.029233998126443,27.412020167294642,26.60557904977676,27.10499382019043,564889000
2023-03-24 00:00:00-04:00,26.945501524795564,27.08107103959281,26.27163910855887,26.694297790527344,454920000
2023-03-27 00:00:00-04:00,26.752114397420495,26.91459893449874,26.28160721288135,26.44708251953125,361026000
2023-03-28 00:00:00-04:00,26.36334732054611,26.42913854404045,25.768235539667923,26.32646369934082,356104000
2023-03-29 00:00:00-04:00,26.740153636460196,26.99235175803325,26.51287415863534,26.898649215698242,393694000
2023-03-30 00:00:00-04:00,27.142876388177367,27.412022850595726,27.016277275445294,27.296388626098633,364516000
2023-03-31 00:00:00-04:00,27.054154149877146,27.745959234891043,27.019265008815836,27.68914031982422,433933000
2023-04-03 00:00:00-04:00,27.421989811329777,27.911436002639256,27.249536675681906,27.87654685974121,398716000
2023-04-04 00:00:00-04:00,27.87754496966134,27.911437825351527,27.2206289482267,27.366167068481445,368592000
2023-04-05 00:00:00-04:00,26.74413726044268,26.91260141633157,26.311510037121913,26.79597282409668,515015000
2023-04-06 00:00:00-04:00,26.49991459021249,26.994346033960124,26.34341159102696,26.95148277282715,397654000
2023-04-10 00:00:00-04:00,26.738156744869016,27.533632944199486,26.58464452796212,27.49176597595215,395279000
2023-04-11 00:00:00-04:00,27.63630792496598,27.702099147015957,27.040197966487828,27.08306312561035,314378000
2023-04-12 00:00:00-04:00,27.28342808388289,27.381117678822534,26.36434353627186,26.411195755004883,446259000
2023-04-13 00:00:00-04:00,26.649438069211914,26.801953999694348,26.24572032443633,26.379295349121094,353615000
2023-04-14 00:00:00-04:00,26.420168322960834,26.79796926788527,26.13706621130104,26.673364639282227,395660000
2023-04-17 00:00:00-04:00,26.480973631209377,26.920578703015185,26.34939118660513,26.91659164428711,321471000
2023-04-18 00:00:00-04:00,27.445911825397904,28.021086392851622,27.270467934497674,27.579486846923828,604812000
2023-04-19 00:00:00-04:00,27.274458372050166,27.91143718116391,27.145866682608375,27.842655181884766,358660000
2023-04-20 00:00:00-04:00,27.583476516154896,27.94134215983428,26.914599351934957,27.01827049255371,427713000
2023-04-21 00:00:00-04:00,26.866752496922075,27.097022758549475,26.637480426106034,27.03322410583496,345103000
2023-04-24 00:00:00-04:00,26.927557165010345,27.279439347819814,26.586637967974482,26.956464767456055,339282000
2023-04-25 00:00:00-04:00,26.99234953614374,27.160815601118838,26.14204889645108,26.157997131347656,378527000
2023-04-26 00:00:00-04:00,26.91659491739221,27.243556588640125,26.62053343037328,26.870738983154297,406337000
2023-04-27 00:00:00-04:00,27.27645073990056,27.40803318885761,26.540784192741274,27.139883041381836,377161000
2023-04-28 00:00:00-04:00,27.138887339013703,27.670200494580325,26.985373211032865,27.661230087280273,292216000
2023-05-01 00:00:00-04:00,27.751944282030347,28.966092248398787,27.69213458998084,28.818559646606445,570329000
2023-05-02 00:00:00-04:00,28.58928602409841,28.74479273603856,27.994174201759634,28.120771408081055,402730000
2023-05-03 00:00:00-04:00,27.75194164873796,28.277275162589756,27.385105610028088,27.714061737060547,383387000
2023-05-04 00:00:00-04:00,27.563538380203276,27.77088065437449,27.153839081492926,27.474821090698242,321850000
2023-05-05 00:00:00-04:00,27.737986024481625,28.66404652957751,27.64328719583459,28.589284896850586,361494000
2023-05-08 00:00:00-04:00,28.43178944562723,29.127581752529117,28.260334469552458,29.058799743652344,344979000
2023-05-09 00:00:00-04:00,28.807596379642145,28.881361734032257,28.360017101599922,28.480632781982422,314869000
2023-05-10 00:00:00-04:00,28.9132576098521,29.020917714127965,28.37097953587767,28.793638229370117,369350000
2023-05-11 00:00:00-04:00,28.80459713886985,28.85842717983505,28.156653575348788,28.48760223388672,322149000
2023-05-12 00:00:00-04:00,28.438763778969957,28.688971234445617,27.957291677344866,28.250362396240234,274222000
2023-05-15 00:00:00-04:00,28.417831289934213,28.87737363124707,28.062958288462617,28.86142349243164,293926000
2023-05-16 00:00:00-04:00,28.749776627024,29.775523171518977,28.740806219257955,29.1205997467041,449405000
2023-05-17 00:00:00-04:00,29.49042519794485,30.103479719693794,29.336912970483333,30.08254623413086,432535000
2023-05-18 00:00:00-04:00,30.31381366494329,31.727327831009532,30.224098180923058,31.577802658081055,748725000
2023-05-19 00:00:00-04:00,31.436248639784157,31.48011008821705,30.818210809592202,31.165109634399414,473908000
2023-05-22 00:00:00-04:00,30.803257086267713,31.42030053090031,30.582957356502835,31.077388763427734,372000000
2023-05-23 00:00:00-04:00,30.9019443296342,31.18903346729931,30.53411202557799,30.590930938720703,356253000
2023-05-24 00:00:00-04:00,30.114448378708214,30.510193976457117,29.711726852880343,30.4414119720459,721419000
2023-05-25 00:00:00-04:00,38.40114883242656,39.3551225285011,36.51912017458201,37.859867095947266,1543911000
2023-05-26 00:00:00-04:00,37.77014783625685,39.046097794109826,37.431223153373296,38.82280731201172,714397000
2023-05-30 00:00:00-04:00,40.466589564016765,41.80533984454601,39.8226331071268,39.9841194152832,923401000
2023-05-31 00:00:00-04:00,39.36309242889398,40.16753897447458,37.70236187467744,37.714324951171875,1002580000
2023-06-01 00:00:00-04:00,38.367256795979486,39.92332013723305,38.21872982052202,39.64420700073242,635873000
2023-06-02 00:00:00-04:00,39.970171105133474,40.37189627228211,38.934456059073696,39.202606201171875,482731000
2023-06-05 00:00:00-04:00,38.78593155134608,39.439854864368684,38.58457081030142,39.04710388183594,396094000
2023-06-06 00:00:00-04:00,38.70718409484521,39.03613834073106,38.02733822176895,38.53173828125,388729000
2023-06-07 00:00:00-04:00,38.79592881153469,39.378141523481524,37.241697122376735,37.36033248901367,511998000
2023-06-08 00:00:00-04:00,37.60857182578051,38.74508306628558,37.39024395636986,38.39216613769531,417772000
2023-06-09 00:00:00-04:00,38.91754848393105,39.58948588191824,38.448989234454245,38.6513671875,427717000
2023-06-12 00:00:00-04:00,39.080044613876225,39.409032801395114,38.499824865261864,39.36117935180664,388701000
2023-06-13 00:00:00-04:00,40.06304000704874,40.97524120979665,39.61840552630367,40.896480560302734,613208000
2023-06-14 00:00:00-04:00,40.699085309650826,42.868425731448234,40.427914429279454,42.86543655395508,740465000
2023-06-15 00:00:00-04:00,42.471645001516485,43.15654315104166,42.01803541267758,42.52248764038086,568622000
2023-06-16 00:00:00-04:00,43.31705479881207,43.58722551638536,42.53046747800974,42.56137466430664,655709000
2023-06-20 00:00:00-04:00,42.86643489919533,43.85540013452972,42.54342497305457,43.673954010009766,451153000
2023-06-21 00:00:00-04:00,43.36790182544375,43.48155524685511,41.951251954396085,42.91329574584961,551603000
2023-06-22 00:00:00-04:00,42.12371527633215,43.293126539128146,42.104776210367746,42.89335632324219,417737000
2023-06-23 00:00:00-04:00,42.33407006327904,42.678011851996246,41.886442597723466,42.07984924316406,358140000
2023-06-26 00:00:00-04:00,42.33107741154621,42.63315169907878,39.97730148068593,40.50767517089844,594322000
2023-06-27 00:00:00-04:00,40.674163315350505,41.81167093605906,40.3242393713419,41.747867584228516,462175000
2023-06-28 00:00:00-04:00,40.535589450400664,41.71696498768914,40.39402564201727,40.99119186401367,582639000
2023-06-29 00:00:00-04:00,41.43083429013432,41.472705590731,40.475765515924735,40.697086334228516,380514000
2023-06-30 00:00:00-04:00,41.552455737741944,42.41979239427587,41.37400264204029,42.172550201416016,501148000
2023-07-03 00:00:00-04:00,42.386907892871406,42.76674265418085,42.072873075895245,42.283226013183594,198209000
2023-07-05 00:00:00-04:00,42.00607294813804,43.04488443654503,41.95622669958026,42.18751907348633,323618000
2023-07-06 00:00:00-04:00,41.7159643183622,42.04993834721711,41.219487041278335,41.97417068481445,303582000
2023-07-07 00:00:00-04:00,42.19250935690469,43.08178227500966,42.050945526720156,42.372955322265625,355881000
2023-07-10 00:00:00-04:00,42.52647159560561,42.679999688168024,41.52155283823929,42.05093002319336,353908000
2023-07-11 00:00:00-04:00,42.35101715208972,42.62717002333906,41.938286237141114,42.27524948120117,298244000
2023-07-12 00:00:00-04:00,42.901329149439654,43.80056964792914,42.64611193757971,43.767669677734375,481277000
2023-07-13 00:00:00-04:00,44.381783639889846,46.01377191487625,44.35586222212897,45.83631896972656,478204000
2023-07-14 00:00:00-04:00,46.44046966052176,47.940865860168145,44.922130787066145,45.32987976074219,772075000
2023-07-17 00:00:00-04:00,46.14736542203415,46.35372896631426,45.12350743190866,46.3188362121582,510488000
2023-07-18 00:00:00-04:00,46.55810196861849,47.74944513877749,45.59406179064249,47.34867477416992,569164000
2023-07-19 00:00:00-04:00,47.31876592185892,47.67168281088611,46.59897504315981,46.93294906616211,427502000
2023-07-20 00:00:00-04:00,46.36469771901338,46.942924858819666,44.92411943835553,45.38071823120117,537865000
2023-07-21 00:00:00-04:00,45.6478906079313,45.72565485492813,43.965056025974754,44.17341613769531,963769000
2023-07-24 00:00:00-04:00,44.59412592293156,44.97097143505105,43.90524224115585,44.47549057006836,382516000
2023-07-25 00:00:00-04:00,44.803489544215395,46.04168599596265,44.78554306973034,45.53923034667969,348081000
2023-07-26 00:00:00-04:00,45.88018262099463,45.912086196628444,44.493440026375104,45.312923431396484,364237000
2023-07-27 00:00:00-04:00,46.376665137451575,47.24998426093751,45.61001707056192,45.759559631347656,455976000
2023-07-28 00:00:00-04:00,46.52519903560094,46.88310168130462,46.23907847934213,46.60694885253906,331194000
2023-07-31 00:00:00-04:00,46.61094263427025,46.98579159307672,46.363700375175576,46.58601760864258,251055000
2023-08-01 00:00:00-04:00,46.31783562150429,46.75649169459333,45.88616190163857,46.36469268798828,237858000
2023-08-02 00:00:00-04:00,45.69076572472491,45.69973706046443,43.25424373168055,44.133544921875,530142000
2023-08-03 00:00:00-04:00,43.66597942336427,44.979947380659944,43.66597942336427,44.37879180908203,324176000
2023-08-04 00:00:00-04:00,44.84735241415571,45.50233976816819,44.25716479958756,44.54328536987305,362666000
2023-08-07 00:00:00-04:00,44.972970743442104,45.400658953676526,44.426647163135996,45.27803421020508,322154000
2023-08-08 00:00:00-04:00,44.71575315581905,45.10356277836036,43.92119104559553,44.5273323059082,353843000
2023-08-09 00:00:00-04:00,44.13853230621531,44.176418044924525,42.005080711454916,42.423797607421875,586449000
2023-08-10 00:00:00-04:00,42.03099019324286,43.44066481177175,41.70698393305918,42.25829315185547,492705000
2023-08-11 00:00:00-04:00,41.62325025169544,41.88943538762121,40.514653222522405,40.7299919128418,533085000
2023-08-14 00:00:00-04:00,40.36211972462702,43.665978621737146,40.187655955736346,43.61912155151367,690286000
2023-08-15 00:00:00-04:00,44.42365526404346,45.12948908567366,43.576253839259216,43.80554962158203,676512000
2023-08-16 00:00:00-04:00,44.38378393145876,44.53830846558312,43.27319018328481,43.35294723510742,527451000
2023-08-17 00:00:00-04:00,43.83545631480397,43.927173858554056,42.86941961752367,43.21137237548828,452395000
2023-08-18 00:00:00-04:00,42.504541812711565,43.44465716941068,41.53252668330837,43.16651153564453,583768000
2023-08-21 00:00:00-04:00,44.35785535241688,46.920987674468684,44.08668826541733,46.82328796386719,692573000
2023-08-22 00:00:00-04:00,47.98770953500303,48.03955236680591,45.194285260085415,45.52825927734375,755293000
2023-08-23 00:00:00-04:00,45.72565711329878,47.05557488119282,45.06966956482349,46.971832275390625,779046000
2023-08-24 00:00:00-04:00,50.062352051208165,50.112198303952155,47.01470644607622,47.01869201660156,1156044000
2023-08-25 00:00:00-04:00,46.8681553415664,47.6587282173918,44.88623538665841,45.877197265625,925341000
2023-08-28 00:00:00-04:00,46.33977183033874,46.836249134555814,44.750651224061855,46.69169235229492,685192000
2023-08-29 00:00:00-04:00,46.52321191086775,48.93082341552477,46.249051833640735,48.63473129272461,701397000
2023-08-30 00:00:00-04:00,48.89393031688107,49.7742278710723,48.276824895402335,49.113258361816406,735206000
2023-08-31 00:00:00-04:00,49.22890833319217,49.5917929853516,48.80819868484659,49.203983306884766,528570000
2023-09-01 00:00:00-04:00,49.60974109160753,49.64762302557311,47.9946951700236,48.360572814941406,463830000
2023-09-05 00:00:00-04:00,48.075449679419506,48.701530322132584,47.7135613998585,48.39945602416992,382653000
2023-09-06 00:00:00-04:00,48.296759777568035,48.40443608798967,46.441301191181296,46.920867919921875,468670000
2023-09-07 00:00:00-04:00,45.38943829933542,46.20599974475195,45.01754791417301,46.10330581665039,433330000
2023-09-08 00:00:00-04:00,45.80520704716036,46.46722761559108,45.1362035486202,45.43630599975586,473069000
2023-09-11 00:00:00-04:00,46.010585175997676,46.025539902373815,44.180053643461356,45.04347610473633,473966000
2023-09-12 00:00:00-04:00,44.60477844461375,45.53699557699163,44.39839411760551,44.736385345458984,349256000
2023-09-13 00:00:00-04:00,44.46719292129203,45.79323440179784,44.37048163678398,45.34955978393555,398355000
2023-09-14 00:00:00-04:00,45.81317890696642,45.8500674873585,44.99661733815953,45.44527816772461,370097000
2023-09-15 00:00:00-04:00,45.20598666420072,45.4632178335496,43.67755057038964,43.76927947998047,506831000
2023-09-18 00:00:00-04:00,42.62070760166484,44.110258303658966,41.874933874444345,43.835079193115234,500271000
2023-09-19 00:00:00-04:00,43.70247908606619,43.835082475156234,42.87395226873784,43.390411376953125,373064000
2023-09-20 00:00:00-04:00,43.470171462670386,43.7722706240914,42.09727282869751,42.113224029541016,367108000
2023-09-21 00:00:00-04:00,41.45917965283468,41.97463849257789,40.85797455001659,40.89486312866211,450736000
2023-09-22 00:00:00-04:00,41.44820657571994,41.98959271748376,41.10822239223327,41.4860954284668,479236000
2023-09-25 00:00:00-04:00,41.46715750384496,42.409343350786685,41.054388777119094,42.09627914428711,419091000
2023-09-26 00:00:00-04:00,41.87593363739022,42.692495155477644,41.53096324756663,41.78620147705078,402282000
2023-09-27 00:00:00-04:00,42.20395553022343,42.744341431006085,41.50504268914909,42.3415412902832,444935000
2023-09-28 00:00:00-04:00,42.33356473794384,43.31662875856255,41.98959464052307,42.960693359375,424663000
2023-09-29 00:00:00-04:00,43.69648724068338,44.0125445851486,43.17803529229858,43.36946487426758,397830000
2023-10-02 00:00:00-04:00,43.89888769595612,45.04047860898654,43.73039221652358,44.648651123046875,433298000
2023-10-03 00:00:00-04:00,44.67457296774722,44.995616545503985,43.11722389309479,43.38741683959961,470850000
2023-10-04 00:00:00-04:00,43.61174925416727,44.011556163058,43.16308846642664,43.90985870361328,361821000
2023-10-05 00:00:00-04:00,43.918830935362585,44.7663021604217,43.75731457253386,44.554931640625,393483000
2023-10-06 00:00:00-04:00,44.06140429622766,45.65265244811673,43.894901766019856,45.625732421875,434436000
2023-10-09 00:00:00-04:00,44.708471059532506,45.46919952767431,44.235883483851424,45.138187408447266,409675000
2023-10-10 00:00:00-04:00,45.17508663765547,46.121258407060864,44.95374754155894,45.6616325378418,368582000
2023-10-11 00:00:00-04:00,46.05843799423147,46.71946573957931,45.91287284021887,46.666622161865234,378137000
2023-10-12 00:00:00-04:00,46.63770730152995,47.46723049196412,46.1920397832419,46.805206298828125,481325000
2023-10-13 00:00:00-04:00,46.82016325151491,46.97570075879303,45.14516559213605,45.325626373291016,474115000
2023-10-16 00:00:00-04:00,44.928816083518186,46.08735476029038,44.77826474104746,45.95774459838867,375099000
2023-10-17 00:00:00-04:00,43.86897507163302,44.620731393430276,42.35350093093971,43.807159423828125,812333000
2023-10-18 00:00:00-04:00,42.46417874850183,43.09031094806606,41.70046078038666,42.07035446166992,627294000
2023-10-19 00:00:00-04:00,42.683520414055806,43.16807328895168,41.75728589082115,41.97563552856445,501233000
2023-10-20 00:00:00-04:00,41.76526014616155,42.34353485879464,40.955677830477995,41.26375961303711,477266000
2023-10-23 00:00:00-04:00,41.10623502417962,43.119224175669935,40.82308027803106,42.8470344543457,478530000
2023-10-24 00:00:00-04:00,42.9487282788918,43.5668810255137,42.56387990123347,43.532981872558594,401463000
2023-10-25 00:00:00-04:00,43.26876906154992,43.52002136864502,41.431258603349754,41.65459060668945,398379000
2023-10-26 00:00:00-04:00,41.72837068029658,42.13017050427248,39.76124631016128,40.20591735839844,541001000
2023-10-27 00:00:00-04:00,41.00753113322634,41.08330504631517,39.895849517473295,40.3794059753418,416784000
2023-10-30 00:00:00-04:00,40.96465972958588,41.64163496442114,40.36046137678986,41.03843688964844,388028000
2023-10-31 00:00:00-04:00,40.329553945294535,40.75727737613491,39.11318548755272,40.6585693359375,517969000
2023-11-01 00:00:00-04:00,40.762263418347544,42.2548076213784,40.74730869060931,42.198974609375,437593000
2023-11-02 00:00:00-04:00,43.19897442959199,43.75331849640394,42.766268706986494,43.37644577026367,409172000
2023-11-03 00:00:00-04:00,43.88892315557369,45.17408258825645,43.59280664299351,44.87099075317383,424610000
2023-11-06 00:00:00-05:00,45.15015318659169,45.798219181155844,44.765301009531704,45.61476516723633,400733000
2023-11-07 00:00:00-05:00,45.582867485335434,46.08037839216094,45.02353711440928,45.81816482543945,343165000
2023-11-08 00:00:00-05:00,45.96272281654572,46.727440958659734,45.831115913944224,46.4353141784668,346719000
2023-11-09 00:00:00-05:00,47.32565858468725,48.08638711878528,46.610794508396026,46.81019973754883,540496000
2023-11-10 00:00:00-05:00,47.35855787314543,48.32766364227746,47.14220498356334,48.191070556640625,421245000
2023-11-13 00:00:00-05:00,48.176113818422,48.96974494304787,47.9557712363459,48.4752197265625,384136000
2023-11-14 00:00:00-05:00,49.53206353654858,49.68560428700353,48.89396993275051,49.50813293457031,416954000
2023-11-15 00:00:00-05:00,49.78630718435211,49.811230458479834,48.05647298035821,48.74242401123047,475497000
2023-11-16 00:00:00-05:00,48.53405841671702,49.377540108718016,48.18609854298166,49.332672119140625,339756000
2023-11-17 00:00:00-05:00,49.37653194691317,49.56895804695832,48.861073108178935,49.151206970214844,325205000
2023-11-20 00:00:00-05:00,49.16516605663654,50.397485733557765,49.03455561243681,50.2588996887207,414120000
2023-11-21 00:00:00-05:00,49.97673388984551,50.366568411025234,49.07542649691953,49.7952766418457,565747000
2023-11-22 00:00:00-05:00,49.703557028583894,50.18511670142029,47.547992253967436,48.57093811035156,899420000
2023-11-24 00:00:00-05:00,48.32567320692598,48.77533048753054,47.60282974083701,47.63373947143555,294645000
2023-11-27 00:00:00-05:00,47.65765776865844,48.38548347808236,47.51009967784497,48.09834289550781,395662000
2023-11-28 00:00:00-05:00,48.09236161129522,48.1791043355462,47.33163320625364,47.67859649658203,401491000
2023-11-29 00:00:00-05:00,48.23494506927642,48.616804044774916,47.71748947427739,47.99665451049805,382005000
2023-11-30 00:00:00-05:00,47.88099334816859,47.96673960192544,46.283766368785,46.63072967529297,526247000
2023-12-01 00:00:00-05:00,46.38645686608777,47.059446054000745,46.049462133229746,46.62574005126953,369317000
2023-12-04 00:00:00-05:00,45.93979415914972,45.93979415914972,44.87597007312704,45.374481201171875,437543000
2023-12-05 00:00:00-05:00,45.33459625037478,46.46531769952222,45.14016013303565,46.431419372558594,371718000
2023-12-06 00:00:00-05:00,47.07854443551646,47.25004822206123,45.2807538725136,45.371490478515625,380590000
2023-12-07 00:00:00-05:00,45.56792383673814,46.49423979899288,45.47220061553475,46.461334228515625,350823000
2023-12-08 00:00:00-05:00,46.46034676903338,47.60303486322498,46.41547483619609,47.36871337890625,359224000
2023-12-11 00:00:00-05:00,47.35374994188855,47.39363144924944,45.69755100849952,46.492244720458984,509728000
2023-12-12 00:00:00-05:00,45.91292392475919,47.5282408991093,45.91292392475919,47.51926803588867,372387000
2023-12-13 00:00:00-05:00,47.49135865819483,48.45357005871663,47.47041943734218,47.949031829833984,447792000
2023-12-14 00:00:00-05:00,48.25014760759364,48.52933716331639,47.28494671232897,48.210262298583984,391232000
2023-12-15 00:00:00-05:00,48.05470783522104,49.261209727379025,47.98092040479684,48.748695373535156,479948000
2023-12-18 00:00:00-05:00,49.25723229515319,50.28724399732617,49.0079548114807,49.932273864746094,412587000
2023-12-19 00:00:00-05:00,49.281159865930675,49.55636317420033,48.75368939419547,49.46063995361328,464444000
2023-12-20 00:00:00-05:00,49.51149468672903,49.854502283693236,47.95899524383034,47.97195816040039,397894000
2023-12-21 00:00:00-05:00,48.66993945324694,48.95311910291898,48.27907021417121,48.84842300415039,300425000
2023-12-22 00:00:00-05:00,49.05282392386867,49.24028032151343,48.326927237730985,48.688880920410156,252507000
2023-12-26 00:00:00-05:00,48.82647939940057,49.45665286845571,48.81850309781851,49.13658142089844,244200000
2023-12-27 00:00:00-05:00,49.36791528650649,49.536425600159234,48.94314392704513,49.27418518066406,233648000
2023-12-28 00:00:00-05:00,49.49953204501984,49.73983287122963,49.26919684127221,49.37887954711914,246587000
2023-12-29 00:00:00-05:00,49.66903891502132,49.85250906748791,48.61010784761711,49.37887954711914,389293000
2024-01-02 00:00:00-05:00,49.101683898702085,49.152535199799544,47.457451257375006,48.02879333496094,411254000
2024-01-03 00:00:00-05:00,47.34776550065434,48.04474284454288,47.183241449788504,47.431522369384766,320896000
2024-01-04 00:00:00-05:00,47.62895205059956,48.35983539054749,47.37070168440111,47.85928726196289,306535000
2024-01-05 00:00:00-05:00,48.321937950337194,49.40380119345811,48.16638677946172,48.955101013183594,415039000
2024-01-08 00:00:00-05:00,49.36891016503661,52.1239255155236,49.336004592518634,52.101985931396484,642510000
2024-01-09 00:00:00-05:00,52.24956456447165,54.16800408255062,51.54061697774943,52.986427307128906,773100000
2024-01-10 00:00:00-05:00,53.4610522035269,54.442205820352854,53.334416522190715,54.192928314208984,533796000
2024-01-11 00:00:00-05:00,54.84004936433209,55.186046630349715,53.40520900250216,54.66355895996094,596759000
2024-01-12 00:00:00-05:00,54.4621436511034,54.81113441098262,54.172984660391826,54.551883697509766,352994000
2024-01-16 00:00:00-05:00,54.858995015384636,56.67074127144449,54.74133601464206,56.219051361083984,449580000
2024-01-17 00:00:00-05:00,56.18415552246115,56.3077977062965,54.581801354818275,55.89100646972656,474394000
2024-01-18 00:00:00-05:00,57.094509439987654,57.433526947681614,55.9448418824529,56.941951751708984,491650000
2024-01-19 00:00:00-05:00,57.82140334356974,59.32803795704181,57.05961145486245,59.31906509399414,543501000
2024-01-22 00:00:00-05:00,59.87545679775879,60.15664330232137,58.89928603895681,59.481597900390625,452955000
2024-01-23 00:00:00-05:00,59.39784070948938,59.736858252012084,58.41568677878363,59.69996643066406,294654000
2024-01-24 00:00:00-05:00,60.12971710051197,62.667360005652704,59.76477374613349,61.18465805053711,560271000
2024-01-25 00:00:00-05:00,62.16979849805745,62.53773532424112,60.67413370207847,61.43891906738281,482777000
2024-01-26 00:00:00-05:00,60.78382030493906,61.60444363196895,60.39794153183259,60.8546142578125,390309000
2024-01-29 00:00:00-05:00,61.055035142050976,62.30840232360706,60.73097744998884,62.28447341918945,348733000
2024-01-30 00:00:00-05:00,62.718214176475605,63.30949885561756,62.08006064595033,62.59257507324219,410735000
2024-01-31 00:00:00-05:00,61.26243177102061,62.089038263544516,60.524572564425924,61.34918212890625,453795000
2024-02-01 00:00:00-05:00,61.92052952927185,63.00837994825412,61.471833071842404,62.844852447509766,369146000
2024-02-02 00:00:00-05:00,63.789108872006786,66.40751896695984,63.50592925992764,65.96879577636719,476578000
2024-02-05 00:00:00-05:00,68.02781943535477,69.29614635606846,67.01077071404906,69.13162231445312,680078000
2024-02-06 00:00:00-05:00,69.42877233327619,69.552414531284,66.10840153882174,68.02584075927734,683111000
2024-02-07 00:00:00-05:00,68.12155362100862,70.01706057362387,67.40462981569888,69.89640808105469,495575000
2024-02-08 00:00:00-05:00,69.87148269785355,70.5894031052992,69.25427593719057,69.43973541259766,414422000
2024-02-09 00:00:00-05:00,70.32914813919767,71.97637408306973,70.00907672049794,71.92453002929688,436637000
2024-02-12 00:00:00-05:00,72.39017224345903,74.39536169687851,71.04407549243956,72.03919219970703,613710000
2024-02-13 00:00:00-05:00,70.19655257557241,73.2377338167756,69.41880791459157,71.9195556640625,602580000
2024-02-14 00:00:00-05:00,72.99043592470231,74.02144406218807,71.73008918323228,73.68641662597656,504917000
2024-02-15 00:00:00-05:00,73.655504112388,73.76119293905592,72.19074811074873,72.447998046875,420122000
2024-02-16 00:00:00-05:00,73.88585465278437,74.18698384135303,72.29147662486973,72.40315246582031,495327000
2024-02-20 00:00:00-05:00,71.73908193071625,71.74805859977327,67.53825946181827,69.25129699707031,704833000
2024-02-21 00:00:00-05:00,67.80947678404895,68.68893180309685,66.05656133581022,67.27702331542969,673755000
2024-02-22 00:00:00-05:00,74.80816501857926,78.34790027976082,74.00549131721554,78.3110122680664,865100000
2024-02-23 00:00:00-05:00,80.55651569183838,82.15587637734276,77.3458203592003,78.58921813964844,829388000
2024-02-26 00:00:00-05:00,79.46966317926245,80.41293598535317,78.27811704521838,78.8634262084961,503973000
2024-02-27 00:00:00-05:00,79.151576284054,79.25029679601072,76.9389952975712,78.47354125976562,391705000
2024-02-28 00:00:00-05:00,77.39567785845682,78.7048791588161,76.90210568945557,77.43855285644531,393110000
2024-02-29 00:00:00-05:00,78.86541608909434,79.75882270864132,78.12356300049603,78.88336181640625,507289000
2024-03-01 00:00:00-05:00,79.76879352380037,82.06214938054762,79.20542398518815,82.04120635986328,479135000
2024-03-04 00:00:00-05:00,83.88685863778845,87.44155809825308,83.47705094561937,84.99066162109375,615616000
2024-03-05 00:00:00-05:00,85.02755456111447,85.85220668028344,83.17982622827054,85.7195816040039,520639000
2024-03-06 00:00:00-05:00,87.77173362164056,89.4688902523757,86.78254975478006,88.44779968261719,582520000
2024-03-07 00:00:00-05:00,89.90164797406622,92.50323087612081,89.34722911034507,92.40550994873047,608119000
2024-03-08 00:00:00-05:00,94.86749190765931,97.12306133342042,86.26003174516178,87.27912902832031,1142269000
2024-03-11 00:00:00-04:00,86.18325727083518,88.54452056286361,83.92669117198699,85.53012084960938,678364000
2024-03-12 00:00:00-04:00,87.79864556262245,91.69852054360098,85.90504309917876,91.65165710449219,668075000
2024-03-13 00:00:00-04:00,90.79611026460987,91.24383116033475,88.18355678072699,90.62958526611328,635713000
2024-03-14 00:00:00-04:00,89.32231468480107,90.3882755061813,86.35377401546849,87.69395446777344,602318000
2024-03-15 00:00:00-04:00,86.68283850567245,89.29139794365639,86.01175546714047,87.5872573852539,642086000
2024-03-18 00:00:00-04:00,90.13100142686399,92.14226481208601,86.83739140527486,88.20349884033203,668976000
2024-03-19 00:00:00-04:00,86.4534797466604,90.28655172899164,84.7682901573293,89.14381408691406,672171000
2024-03-20 00:00:00-04:00,89.54168915568671,90.15295286698971,87.97216679685033,90.11505889892578,479063000
2024-03-21 00:00:00-04:00,92.0375720151123,92.38458214165158,90.1479556941056,91.1750259399414,480372000
2024-03-22 00:00:00-04:00,90.88186017417289,94.50852022791372,90.57573384993215,94.02091217041016,586719000
2024-03-25 00:00:00-04:00,93.67391499463383,96.49088009677016,93.24414062902237,94.73189544677734,552136000
2024-03-26 00:00:00-04:00,95.57846759747075,96.10097979295517,92.23899068459922,92.29782104492188,513648000
2024-03-27 00:00:00-04:00,92.84725495724012,92.97488937266765,88.8695984293379,89.99339294433594,586067000
2024-03-28 00:00:00-04:00,89.74410760252643,91.04041442208826,88.93940289555813,90.0990982055664,435212000
2024-04-01 00:00:00-04:00,90.04226569169144,91.96278458075767,88.95037777581965,90.1060791015625,452441000
2024-04-02 00:00:00-04:00,88.19652672274349,89.83785060298682,87.37088554101891,89.19767761230469,433064000
2024-04-03 00:00:00-04:00,88.23242095077572,90.11704664082849,88.14866014711569,88.71105194091797,370067000
2024-04-04 00:00:00-04:00,90.14895342900508,90.37630961608212,85.6358209019151,85.66075134277344,434965000
2024-04-05 00:00:00-04:00,86.61901544259366,88.22942906906539,85.68169327218381,87.75777435302734,399678000
2024-04-08 00:00:00-04:00,88.44779987998065,88.57743512523471,86.4854007087341,86.88526153564453,283220000
2024-04-09 00:00:00-04:00,87.19338119556187,87.38583323801888,82.78595022062588,85.11131286621094,501700000
2024-04-10 00:00:00-04:00,83.68737890315158,87.15150043777531,83.47099303047223,86.7915267944336,431929000
2024-04-11 00:00:00-04:00,87.17144056555283,90.48100403591603,86.67884945614712,90.35835266113281,431637000
2024-04-12 00:00:00-04:00,89.44395551817271,89.91860764142923,87.28112393379013,87.93525695800781,426805000
2024-04-15 00:00:00-04:00,88.84465613304712,90.35534773623158,85.68466822355283,85.75646209716797,443077000
2024-04-16 00:00:00-04:00,86.18724040676238,87.86744694735988,85.81929391974823,87.16645050048828,370453000
2024-04-17 00:00:00-04:00,88.08881052064652,88.52257881551526,83.71129364888468,83.79605865478516,495400000
2024-04-18 00:00:00-04:00,84.7283978612392,85.94493013538192,82.167698910902,84.43024444580078,447260000
2024-04-19 00:00:00-04:00,82.91358934859076,84.08424741361141,75.3910397359179,75.98334503173828,875198000
2024-04-22 00:00:00-04:00,77.88192715774476,79.8453305652036,76.18277728835372,79.29190826416016,596341000
2024-04-23 00:00:00-04:00,80.53934787289336,82.53366130187051,80.03578647084935,82.18864440917969,438559000
2024-04-24 00:00:00-04:00,83.71130021339918,83.84292866853282,78.95785602564062,79.45045471191406,512208000
2024-04-25 00:00:00-04:00,78.64375847887948,83.08609383460076,78.00059569231401,82.39706420898438,424641000
2024-04-26 00:00:00-04:00,83.57967974791617,88.07984835062736,83.14990546047017,87.48554229736328,551011000
2024-04-29 00:00:00-04:00,87.34593487887717,87.74180161200195,85.02355474971789,87.50747680664062,388971000
2024-04-30 00:00:00-04:00,86.99195638809022,88.56646933597486,86.05463417701857,86.15634155273438,363709000
2024-05-01 00:00:00-04:00,84.83510772715242,85.75547993219622,81.02396844600167,82.80489349365234,559863000
2024-05-02 00:00:00-04:00,84.20888384405981,85.99180203592717,82.96343457532701,85.572998046875,377898000
2024-05-03 00:00:00-04:00,87.53939567590184,89.02715032615576,86.79252471992756,88.53655242919922,398341000
2024-05-06 00:00:00-04:00,89.13584021044993,91.95779560513117,88.80179361610953,91.87802124023438,376203000
2024-05-07 00:00:00-04:00,90.8389759868272,91.52003263915564,88.75791206874568,90.29652404785156,437342000
2024-05-08 00:00:00-04:00,89.22857072950318,90.93470430679172,89.1657463302182,90.1549301147461,325721000
2024-05-09 00:00:00-04:00,90.27159797496299,90.81305333122494,87.9801353538175,88.49466705322266,378013000
2024-05-10 00:00:00-04:00,90.04823199188911,91.14111635473476,88.97329419694542,89.62244415283203,335325000
2024-05-13 00:00:00-04:00,90.22073791617511,90.73926364427145,88.2772820639822,90.1419677734375,289680000
2024-05-14 00:00:00-04:00,89.34425178727211,91.39041950305226,88.68114159761363,91.09626007080078,296507000
2024-05-15 00:00:00-04:00,92.20905528757648,94.592258695813,91.33853657419638,94.36091613769531,417735000
2024-05-16 00:00:00-04:00,94.64014168326462,95.54655367350442,93.8354294469824,94.09070587158203,323952000
2024-05-17 00:00:00-04:00,94.10068232469492,94.47062203748345,91.5449662156453,92.21604919433594,359691000
2024-05-20 00:00:00-04:00,93.48344309476195,94.9293173048801,93.17432694405993,94.51051330566406,318764000
2024-05-21 00:00:00-04:00,93.33287026664621,95.1287520032466,92.915062881723,95.11479187011719,328946000
2024-05-22 00:00:00-04:00,95.18758628884531,95.74698824605449,92.98387077371804,94.6800308227539,548648000
2024-05-23 00:00:00-04:00,101.73792243712086,106.01771960058372,101.23136351439217,103.50389099121094,835065000
2024-05-24 00:00:00-04:00,104.15202926452054,106.172269937542,102.7071515406011,106.16629028320312,429494000
2024-05-28 00:00:00-04:00,109.93054862844438,114.61219912037285,109.57057499198291,113.5771484375,652728000
2024-05-29 00:00:00-04:00,112.72858027740573,115.16363093573716,110.58568822600918,114.49852752685547,557442000
2024-05-30 00:00:00-04:00,114.32401567603497,115.48969056494155,109.35119576529627,110.1858139038086,484553000
2024-05-31 00:00:00-04:00,112.20007402311614,112.39652011050696,106.63594514688756,109.3212890625,613263000
2024-06-03 00:00:00-04:00,113.29793498606988,114.67301177978516,111.68453173387806,114.67301177978516,438392000
2024-06-04 00:00:00-04:00,115.38699108204422,116.26847269779265,113.72073695926161,116.1059341430664,403324000
2024-06-05 00:00:00-04:00,118.03444954327455,122.10085027973177,117.13401707628022,122.09188079833984,528402000
2024-06-06 00:00:00-04:00,123.69529221491227,125.22991785379394,117.98358173920542,120.65396881103516,664696000
2024-06-07 00:00:00-04:00,119.42946352714927,121.34600353396539,117.68643999762348,120.5442886352539,412386000
2024-06-10 00:00:00-04:00,120.02775723865274,122.74999082651334,116.6773100476689,121.44371795654297,313434100
2024-06-11 00:00:00-04:00,121.43373663493091,122.53070514239239,118.41210500224047,120.57611846923828,222551200
2024-06-12 00:00:00-04:00,122.72018091821553,126.5296321042774,122.23153612962203,124.8542709350586,299595000
2024-06-13 00:00:00-04:00,129.03269675342705,129.44156821528892,126.8088590238474,129.25209045410156,260704500
2024-06-14 00:00:00-04:00,129.60114223243076,132.4731792100278,127.9656714477386,131.51583862304688,309320400
2024-06-17 00:00:00-04:00,132.62277611443673,133.36072299109455,129.2221885999668,130.61831665039062,288504400
2024-06-18 00:00:00-04:00,130.77788509132313,135.95355648117285,130.32913071079423,135.20562744140625,294335100
2024-06-20 00:00:00-04:00,139.41394956266274,140.37129003031137,129.16233868973217,130.41885375976562,517768400
2024-06-21 00:00:00-04:00,126.76898143871918,130.269291272292,123.9567687165166,126.22049713134766,649445800
2024-06-24 00:00:00-04:00,122.89967494041525,124.11630717061917,117.71403760101381,117.78384399414062,476060900
2024-06-25 00:00:00-04:00,120.86531742755339,126.15068514494095,118.9905115651875,125.74181365966797,414192600
2024-06-26 00:00:00-04:00,125.78169805160451,127.7662006748868,122.26144711805412,126.05095672607422,362975900
2024-06-27 00:00:00-04:00,123.75731801767638,126.0609445300648,122.58057607711103,123.64762115478516,252571700
2024-06-28 00:00:00-04:00,124.23598924744037,127.35734339260638,122.41104074475835,123.19886016845703,315516700
2024-07-01 00:00:00-04:00,123.12906191428952,124.49527404629498,118.50187501478464,123.95677185058594,284885500
2024-07-02 00:00:00-04:00,120.79550474728765,123.06921506851164,120.69578241236393,122.33125305175781,218374000
2024-07-03 00:00:00-04:00,121.32404411348101,127.9257583618164,121.02486950892705,127.9257583618164,215749000
2024-07-05 00:00:00-04:00,127.02825159880693,128.49420118342798,125.3329490025218,125.48253631591797,214176700
2024-07-08 00:00:00-04:00,127.1379469199517,130.40889591730686,126.6891925935073,127.84598541259766,237677300
2024-07-09 00:00:00-04:00,129.99007251430768,133.45049207075732,128.29475452643044,131.01722717285156,285366600
2024-07-10 00:00:00-04:00,133.65991582693005,134.72696865235594,132.0543607420923,134.53749084472656,248978600
2024-07-11 00:00:00-04:00,135.37514352274295,135.7740328866088,126.69917051710233,127.04820251464844,374782700
2024-07-12 00:00:00-04:00,127.90582806874107,131.5557253023775,126.86870653322082,128.8831329345703,252680500
2024-07-15 00:00:00-04:00,130.19949911473634,131.0272091690287,126.82883461080432,128.08535766601562,208326200
2024-07-16 00:00:00-04:00,128.0853361228611,128.68367018979245,124.23599428065054,126.01107788085938,214769500
2024-07-17 00:00:00-04:00,121.01490699704938,121.51352631521466,116.39769484983655,117.6641845703125,390086200
2024-07-18 00:00:00-04:00,121.51352635797906,122.0620106514847,116.23813305693453,120.75562286376953,320979500
2024-07-19 00:00:00-04:00,120.0176550049735,121.26420316166896,117.04588846007418,117.60433959960938,217223800
2024-07-22 00:00:00-04:00,120.01766653236042,123.72739542032818,119.52902173833405,123.19886016845703,258068900
2024-07-23 00:00:00-04:00,122.44095023584373,124.34567955387372,121.76282770486009,122.25147247314453,173911000
2024-07-24 00:00:00-04:00,118.84094520389964,119.61879024555279,113.12677117739956,113.93453216552734,327776900
2024-07-25 00:00:00-04:00,112.72784359363192,116.30792624049836,106.00645807651574,111.96994018554688,460067000
2024-07-26 00:00:00-04:00,115.8691646723326,115.87913158113766,111.27189374853045,112.747802734375,293399100
2024-07-29 00:00:00-04:00,113.3760676606231,115.95891218291776,110.99266783046404,111.2818603515625,248152100
2024-07-30 00:00:00-04:00,111.21203931839821,111.68074265241845,102.25684143468115,103.44355773925781,486833300
2024-07-31 00:00:00-04:00,112.58824297616627,118.01321595584747,110.57381668062193,116.69686126708984,473174200
2024-08-01 00:00:00-04:00,117.20545726694776,119.82819978465332,106.51505772619602,108.90843200683594,523462300
2024-08-02 00:00:00-04:00,103.47348325737674,108.41978599115991,101.09008352011347,106.97378540039062,482027500
2024-08-05 00:00:00-04:00,91.80577675325813,103.12444016973573,90.43956483475881,100.172607421875,552842400
2024-08-06 00:00:00-04:00,103.55324859386288,107.41256456659957,100.27234042123098,103.96212005615234,409012100
2024-08-07 00:00:00-04:00,107.51229690555586,108.4995686514933,98.41748524596572,98.63687896728516,411440400
2024-08-08 00:00:00-04:00,101.71833034514779,105.20866520993226,97.25069837056012,104.68013000488281,391910000
2024-08-09 00:00:00-04:00,105.34829623370402,106.30564447792429,103.14439960768745,104.46075439453125,290844200
2024-08-12 00:00:00-04:00,106.02641463942724,110.76329830179426,105.96658275414626,108.71895599365234,325559900
2024-08-13 00:00:00-04:00,112.1295177782614,115.90905322658823,111.27189191883488,115.81929779052734,312646700
2024-08-14 00:00:00-04:00,118.20269109826258,118.2724974965541,113.75500781546704,117.75393676757812,339246400
2024-08-15 00:00:00-04:00,118.43206727440648,122.89969228155606,117.1456284695593,122.52074432373047,318086700
2024-08-16 00:00:00-04:00,121.60328301302395,124.6548308372553,120.84537951120186,124.23599243164062,302589900
2024-08-19 00:00:00-04:00,123.93680096772643,129.64100646972656,123.07917523933753,129.64100646972656,318333600
2024-08-20 00:00:00-04:00,128.04543898793298,129.52136317375601,125.54237540722741,126.89862060546875,300087400
2024-08-21 00:00:00-04:00,126.9683999190984,128.9928003758598,126.31022649443915,128.1451416015625,257883600
2024-08-22 00:00:00-04:00,129.66096486520394,130.3889447703718,122.7600680862335,123.39830017089844,376189100
2024-08-23 00:00:00-04:00,125.51245424374224,129.2421321879317,124.87422213092064,129.01275634765625,323230300
2024-08-26 00:00:00-04:00,129.21222218734667,130.8975427630235,124.0265765218376,126.11080169677734,331964700
2024-08-27 00:00:00-04:00,124.70469137157046,128.843225521312,123.5379164141598,127.94571685791016,303134600
2024-08-28 00:00:00-04:00,127.76621672239743,127.97564354365645,122.30135293496008,125.26315307617188,448101100
2024-08-29 00:00:00-04:00,121.02487540717718,124.08639756190335,116.38771446055243,117.2652816772461,453023300
2024-08-30 00:00:00-04:00,119.19992133635782,121.41379211002894,116.89630274618307,119.04036712646484,333751600
2024-09-03 00:00:00-04:00,115.68965834345619,115.88910303086084,106.99373606605621,107.70177459716797,477155100
2024-09-04 00:00:00-04:00,105.11892359162538,112.95721192187169,103.83248489547353,105.91670989990234,372470300
2024-09-05 00:00:00-04:00,104.70008464878364,109.34722045042044,104.47072401794104,106.91395568847656,306850700
2024-09-06 00:00:00-04:00,107.74166341909986,107.85136027800363,100.67123751563678,102.54605102539062,413638100
2024-09-09 00:00:00-04:00,104.59039657492258,106.255791057235,103.40368764500458,106.17601013183594,273912000
2024-09-10 00:00:00-04:00,107.5122906776436,109.09790400275718,104.66018768236026,107.8014907836914,268283700
2024-09-11 00:00:00-04:00,109.08794174088705,116.86640671242463,107.12338026732812,116.5871810913086,441422400
2024-09-12 00:00:00-04:00,116.52733397843357,120.46676839354188,115.07124183313299,118.82118225097656,366052700
2024-09-13 00:00:00-04:00,118.76132975848293,119.63897203588232,117.28528706438033,118.7812728881836,238358300
2024-09-16 00:00:00-04:00,116.47746652004345,117.8637462195167,114.05396898625607,116.46749114990234,248772300
2024-09-17 00:00:00-04:00,117.85378334767174,118.4821023805688,114.52272461121468,115.28068542480469,231925900
2024-09-18 00:00:00-04:00,115.57987289959789,117.38502682895009,112.91701975753097,113.06661987304688,310318900
2024-09-19 00:00:00-04:00,117.03596036023049,119.3397837869768,116.93622949013678,117.55457305908203,293506400
2024-09-20 00:00:00-04:00,116.74674381909426,118.30257441739377,115.0812145821692,115.68958282470703,382462400
2024-09-23 00:00:00-04:00,116.2381155598996,116.67693294698849,114.55263556044001,115.94889068603516,206228500
2024-09-24 00:00:00-04:00,116.20818172536411,121.47405850127808,115.07123304654733,120.54654693603516,354966800
2024-09-25 00:00:00-04:00,121.69345582540069,124.60564732192762,121.28455699350084,123.17947387695312,284692900
2024-09-26 00:00:00-04:00,126.46067739619816,127.32834434574869,121.47405774507013,123.70806121826172,302582900
2024-09-27 00:00:00-04:00,123.63824884420143,123.6980858451405,118.94085404604166,121.07512664794922,271009200
2024-09-30 00:00:00-04:00,117.99339940741461,121.1748653861715,117.83383152489164,121.11502838134766,226553700
2024-10-01 00:00:00-04:00,121.44413691318621,122.11234975829879,115.48014381228901,116.68690490722656,302094500
2024-10-02 00:00:00-04:00,116.12839762685847,119.06052472572213,114.83187351018621,118.53194427490234,221845900
2024-10-03 00:00:00-04:00,120.59640479294298,124.02720146176961,120.01795510176126,122.521240234375,277118000
2024-10-04 00:00:00-04:00,124.6056517279934,124.70538259718006,121.50397375972977,124.58570098876953,243678100
2024-10-07 00:00:00-04:00,124.65550686574433,130.2903881845544,124.61561299835192,127.37820434570312,346250200
2024-10-08 00:00:00-04:00,129.9114112143918,133.1227955252644,129.07366275536995,132.5343780517578,285722500
2024-10-09 00:00:00-04:00,133.75109763690637,134.16000405397224,131.0284078789419,132.2949981689453,246191600
2024-10-10 00:00:00-04:00,131.55698582348705,134.63871270645942,130.64941751515693,134.44921875,242311300
2024-10-11 00:00:00-04:00,133.6513755856735,135.4166432187145,133.30232133780012,134.43927001953125,170209500
2024-10-14 00:00:00-04:00,136.10479144805439,139.22642006970023,135.9352482142016,137.7005157470703,232347700
2024-10-15 00:00:00-04:00,137.50104323972985,138.1991821543322,128.3954862474048,131.24783325195312,377831000
2024-10-16 00:00:00-04:00,133.62146232310147,136.25439701653355,131.22789086287455,135.3568115234375,264879700
2024-10-17 00:00:00-04:00,138.96712260930138,140.512977854023,136.50373111006368,136.56356811523438,306435900
2024-10-18 00:00:00-04:00,138.2988966827743,138.52827690762766,136.91261713769273,137.6306915283203,176090200
2024-10-21 00:00:00-04:00,137.76036967912168,143.325439453125,137.63071268872676,143.325439453125,264554500
2024-10-22 00:00:00-04:00,142.52756130979012,144.03351491090646,141.40058044009385,143.2057342529297,226311600
2024-10-23 00:00:00-04:00,141.649914730207,142.04883820987033,137.09215234233463,139.1865234375,285930000
2024-10-24 00:00:00-04:00,140.44316244306268,140.9717429059513,138.08947737101022,140.0342559814453,172354900
2024-10-25 00:00:00-04:00,140.55285615055817,143.74430494634163,140.4232143860229,141.16122436523438,205122100
2024-10-28 00:00:00-04:00,142.6173258267159,142.7569505719539,139.67522319765803,140.1439666748047,173586700
2024-10-29 00:00:00-04:00,139.91457158033694,141.8793009979601,138.52829188537018,140.87200927734375,157593600
2024-10-30 00:00:00-04:00,139.1665637778278,139.95445814390004,136.44387391965424,138.96710205078125,179418100
2024-10-31 00:00:00-04:00,137.2317836775648,137.24175143875112,131.756469630996,132.40472412109375,270039600
2024-11-01 00:00:00-04:00,134.33951978002003,136.94253564166783,134.2098780275083,135.0376434326172,207127800
2024-11-04 00:00:00-05:00,136.84282779526694,138.58814473225323,135.207217103038,135.68592834472656,187528200
2024-11-05 00:00:00-05:00,137.082190110359,139.99437456292023,136.962516091939,139.53561401367188,160537400
2024-11-06 00:00:00-05:00,142.577419626437,146.09797148430005,141.58009580907174,145.22032165527344,242043900
2024-11-07 00:00:00-05:00,145.9982407267333,148.53143666074,145.77882825788768,148.48158264160156,207323300
2024-11-08 00:00:00-05:00,148.37188826922187,149.369212218998,145.8685954157921,147.2349395751953,175665800
2024-11-11 00:00:00-05:00,148.28212306443757,148.45168153400843,143.18581210072784,144.87127685546875,182325600
2024-11-12 00:00:00-05:00,146.3871892091523,149.2495037052901,145.61924560605905,147.8931427001953,198634700
2024-11-13 00:00:00-05:00,148.67108050956173,148.93037924410717,145.5095503668412,145.87857055664062,191903300
2024-11-14 00:00:00-05:00,147.24491377788954,148.60127501764129,145.16051028397845,146.3672637939453,194463300
2024-11-15 00:00:00-05:00,144.4823175216733,144.85133773586546,139.70514243904907,141.6000518798828,250132900
2024-11-18 00:00:00-05:00,139.1266784396513,141.1711953957962,136.7829612819808,139.77493286132812,221205300
2024-11-19 00:00:00-05:00,140.94184642833903,146.7362969039442,140.61272765546158,146.61660766601562,227834900
2024-11-20 00:00:00-05:00,147.0155400700263,147.16513258851916,142.34805565960622,145.49960327148438,309871700
2024-11-21 00:00:00-05:00,148.95031679761973,152.48083638169973,140.32345672847936,146.27748107910156,400946600
2024-11-22 00:00:00-05:00,145.539474391015,146.7661937868221,140.72241318136372,141.57012939453125,236406200
2024-11-25 00:00:00-05:00,141.61003096699034,141.66986796819967,135.45654411602544,135.656005859375,344941900
2024-11-26 00:00:00-05:00,137.33151565059862,138.9272401830298,135.30694909062626,136.55360412597656,190287700
2024-11-27 00:00:00-05:00,134.64869500572706,136.85278753282546,131.44729379106425,134.97781372070312,226370900
2024-11-29 00:00:00-05:00,136.41395288721657,138.977082446908,135.68591074894266,137.88002014160156,141863200
2024-12-02 00:00:00-05:00,138.45846440112203,140.07412408062024,137.45117284579777,138.25900268554688,171682800
2024-12-03 00:00:00-05:00,137.89001081273594,140.16390831614373,137.58084280749418,139.88465881347656,164414000
2024-12-04 00:00:00-05:00,141.61997562000002,145.3998260198739,139.91454527402882,144.75157165527344,231224300
2024-12-05 00:00:00-05:00,144.73165063129176,146.1579148411047,143.57467148409813,144.68177795410156,172621200
2024-12-06 00:00:00-05:00,144.22297517109268,145.32009789302302,140.9415450143936,142.068603515625,188505600
2024-12-09 00:00:00-05:00,138.60766082087318,139.58510137793925,136.77246195727844,138.4480743408203,189308600
2024-12-10 00:00:00-05:00,138.6475487860502,141.4502349567079,133.44115786086326,134.71783447265625,210020900
2024-12-11 00:00:00-05:00,137.00183449376547,139.80450498546415,134.85744670503564,138.94674682617188,184905200
2024-12-12 00:00:00-05:00,136.72260169557995,138.0790564611993,135.445940177233,136.98191833496094,159211400
2024-12-13 00:00:00-05:00,138.57773734651352,139.2360201486468,132.19441524956173,133.89996337890625,231514900
2024-12-16 00:00:00-05:00,133.8301468202068,134.04957443441504,130.07995570111123,131.6558380126953,237951100
2024-12-17 00:00:00-05:00,128.75340490862754,131.24688636654815,126.52922370948323,130.05001831054688,259410300
2024-12-18 00:00:00-05:00,133.51098920213212,136.3435808551527,127.94553603601128,128.5738983154297,277444500
2024-12-19 00:00:00-05:00,131.41644980197495,133.68053537391728,129.212220572867,130.33926391601562,209719200
2024-12-20 00:00:00-05:00,129.4715360054975,134.92727495716574,127.88568536239204,134.34878540039062,306528600
2024-12-23 00:00:00-05:00,135.92467137837366,139.42551415908295,134.76769223262775,139.3058319091797,176053500
2024-12-24 00:00:00-05:00,139.63497303105362,141.53001300601622,138.28848684636677,139.85440063476562,105157000
2024-12-26 00:00:00-05:00,139.33575896662117,140.48276971800976,137.37089410442982,139.56515502929688,116205600
2024-12-27 00:00:00-05:00,138.1887488761999,138.65752461945982,134.35876491420703,136.6527557373047,170582600
2024-12-30 00:00:00-05:00,134.47844750631418,139.9042657427297,133.67056192681179,137.1315155029297,167734700
2024-12-31 00:00:00-05:00,137.67010377599792,137.71000800391963,133.48105776544256,133.93984985351562,155659200
2025-01-02 00:00:00-05:00,135.64541181631114,138.51790776015002,134.2789886408903,137.9493865966797,198247200
2025-01-03 00:00:00-05:00,139.64492988439244,144.52217900012494,139.36566117903786,144.0933074951172,229322500
2025-01-06 00:00:00-05:00,148.20255341856054,151.76325208073058,147.43457212276107,149.0403594970703,265377400
2025-01-07 00:00:00-05:00,152.63098706400407,152.73073241075815,139.6449312609891,139.77459716796875,351782200
2025-01-08 00:00:00-05:00,142.2082666228464,143.57468988273558,137.20135052761552,139.7447052001953,227349900
2025-01-10 00:00:00-05:00,137.09162690267476,139.55518814906236,133.87005266470834,135.55564880371094,207602500
2025-01-13 00:00:00-05:00,129.65108668370792,133.14196124495902,129.1723272147668,132.88262939453125,204808900
2025-01-14 00:00:00-05:00,135.6952813829554,136.02442280388445,129.71092511662002,131.4164581298828,195590500
2025-01-15 00:00:00-05:00,133.30152233922777,136.094224818832,130.9476750631476,135.88478088378906,185217300
2025-01-16 00:00:00-05:00,138.27852927433761,138.38824308482273,133.14196273572836,133.2217559814453,209235600
2025-01-17 00:00:00-05:00,136.33360735729912,138.13888566634566,135.10681862678206,137.3509521484375,201188800
2025-01-21 00:00:00-05:00,138.79718544321284,141.46022238799446,136.73257504591786,140.46282958984375,197749000
2025-01-22 00:00:00-05:00,144.2828338584672,147.40466270866227,143.2954095914058,146.68655395507812,237651400
2025-01-23 00:00:00-05:00,144.67181084027297,146.8461195709751,143.34527675360425,146.83615112304688,155915500
2025-01-24 00:00:00-05:00,147.98313043457708,148.58157206293976,141.5100624088345,142.2481231689453,234657600
2025-01-27 00:00:00-05:00,124.47460659166907,128.06521102414737,116.39571998533557,118.11123657226562,818830900
2025-01-28 00:00:00-05:00,121.49239920882492,128.66365497133788,115.94689837533355,128.6536865234375,579666400
2025-01-29 00:00:00-05:00,126.17018228394103,126.55916484585856,119.73700212037913,123.37747955322266,467120600
2025-01-30 00:00:00-05:00,122.77902774247364,124.6740752075284,117.79206473417251,124.32498931884766,392925500
2025-01-31 00:00:00-05:00,123.45726093608867,127.51664871512425,118.8792323275003,119.7569351196289,388161100
2025-02-03 00:00:00-05:00,114.45081126895413,118.26085104341853,112.71535011762803,116.3558349609375,371235700
2025-02-04 00:00:00-05:00,116.65504122535879,120.88398385074507,116.39571701060105,118.34063720703125,256550000
2025-02-05 00:00:00-05:00,121.44253659311748,124.67408679210826,120.44514389878061,124.50453186035156,262230800
2025-02-06 00:00:00-05:00,127.08777312720079,128.43425932928383,124.88353622330139,128.344482421875,251483600
2025-02-07 00:00:00-05:00,128.88307105233656,130.03006643749526,124.67407312607986,129.50144958496094,228186300
2025-02-10 00:00:00-05:00,129.75081827828257,134.64802029874645,129.6211675706223,133.2217559814453,216989100
2025-02-11 00:00:00-05:00,132.23432300379022,134.12936300336048,130.67839286199495,132.45375061035156,178902400
2025-02-12 00:00:00-05:00,129.68102059860516,131.89523390864048,128.74346889916592,130.798095703125,160278600
2025-02-13 00:00:00-05:00,131.2169852346524,136.14410776005724,130.8280026783839,134.937255859375,197430000
2025-02-14 00:00:00-05:00,136.12416013401827,138.88694235090182,135.14671948687393,138.4879913330078,195479600
2025-02-18 00:00:00-05:00,140.90167961185236,143.06602007700403,137.57037622357197,139.0365447998047,219176600
2025-02-19 00:00:00-05:00,139.1462426003846,140.99142508356047,136.86222013681927,138.86697387695312,167536000
2025-02-20 00:00:00-05:00,139.6649119502666,140.29327428157626,136.4333538136822,139.7447052001953,143903600
2025-02-21 00:00:00-05:00,139.6748562571626,141.09116717483585,133.68053207054632,134.07948303222656,228217600
2025-02-24 00:00:00-05:00,136.20396396001723,138.22867021014434,129.74086261032588,129.94033813476562,251381100
2025-02-25 00:00:00-05:00,129.64108357480436,129.8605111604116,124.11553536570229,126.29981994628906,271428700
2025-02-26 00:00:00-05:00,129.6510686159171,133.38130717279842,128.15497972672858,130.9376983642578,322553800
2025-02-27 00:00:00-05:00,134.64801917362388,134.65798762212813,119.69710421233928,119.83673858642578,443175800
2025-02-28 00:00:00-05:00,117.71228067710521,124.76384661623277,116.09650940652436,124.59429168701172,389091100
2025-03-03 00:00:00-05:00,123.18796891235903,123.37746834229016,111.98724605192426,113.76260375976562,411381400
2025-03-04 00:00:00-05:00,110.36150296756519,118.9989197292815,109.82291000037466,115.68757629394531,398163300
2025-03-05 00:00:00-05:00,117.27342459632162,117.971596377653,114.2114295961939,116.99415588378906,284337900
2025-03-06 00:00:00-05:00,113.2339891683523,115.04924353236196,109.93262184934352,110.28170776367188,321181900
2025-03-07 00:00:00-05:00,110.9599388924034,113.18412798197828,107.27955736061682,112.39618682861328,341755500
2025-03-10 00:00:00-04:00,109.61344966651625,111.5583622176382,105.18502403072868,106.70106506347656,366487400
2025-03-11 00:00:00-04:00,106.71103594468934,111.94734728122161,104.49682307629253,108.47642517089844,354865700
2025-03-12 00:00:00-04:00,113.83292501602207,116.46628328215824,112.59603885298675,115.44884490966797,323857500
2025-03-13 00:00:00-04:00,116.73561035179827,117.46377738862115,113.50376268785924,115.28926086425781,299033100
2025-03-14 00:00:00-04:00,118.31162236591584,121.57339292473429,117.85278046649132,121.36392211914062,277593500
2025-03-17 00:00:00-04:00,122.43124092622188,122.58086511779604,117.73309001608916,119.22931671142578,255501500
2025-03-18 00:00:00-04:00,117.70316797338417,118.72059878873276,114.25187260535502,115.13963317871094,299686900
2025-03-19 00:00:00-04:00,116.97498651717953,120.14698705841565,115.3889900516623,117.22435760498047,273426200
2025-03-20 00:00:00-04:00,116.25680439544837,119.89761619602571,116.17700382075364,118.23181915283203,248829700
2025-03-21 00:00:00-04:00,116.64582513098318,117.6931791575635,115.1296446207881,117.4039077758789,266498500
2025-03-24 00:00:00-04:00,119.57842622721644,121.91254366285413,119.03978374206928,121.10458374023438,228452500
2025-03-25 00:00:00-04:00,120.24675110401866,120.9848874515059,118.6208466122723,120.38639831542969,167447200
2025-03-26 00:00:00-04:00,118.4313220614094,118.5410383402261,112.42646191953317,113.47382354736328,293463300
2025-03-27 00:00:00-04:00,111.0698805170997,114.16208047077859,110.38162149260253,111.1496810913086,236902100
2025-03-28 00:00:00-04:00,111.20953292547101,112.58606625933987,108.79562251910656,109.39411163330078,229872500
2025-03-31 00:00:00-04:00,104.86552901006266,110.68086470981991,103.38925640513808,108.10735321044922,299212700
2025-04-01 00:00:00-04:00,108.24699756669231,109.92277156753886,106.20215922942107,109.8729019165039,222614000
2025-04-02 00:00:00-04:00,107.02008887029169,111.69829255934154,106.52134673236147,110.1422119140625,220601200
2025-04-03 00:00:00-04:00,103.24961220285616,105.36427425680411,101.344413349133,101.54391479492188,338769400
2025-04-04 00:00:00-04:00,98.6612043631732,99.87812916933382,91.87830611304719,94.07276916503906,532273800
2025-04-07 00:00:00-04:00,87.23998007579976,101.49403230771996,86.40209687721266,97.39437103271484,611041300
2025-04-08 00:00:00-04:00,103.54884894952201,105.5837179566193,94.2223717079774,96.05774688720703,476243400
2025-04-09 00:00:00-04:00,98.6412345329499,114.8104562069238,97.28465510127192,114.04239654541016,612918300
2025-04-10 00:00:00-04:00,109.09487535601897,110.58112503277279,98.90058321638736,107.29940032958984,437812400
2025-04-11 00:00:00-04:00,108.2270675758849,111.26939832601622,107.2096367407114,110.65095520019531,313417300
2025-04-14 00:00:00-04:00,113.82294410726054,114.00249160148302,108.79562187923341,110.4314956665039,264705000
2025-04-15 00:00:00-04:00,110.69084593782598,113.33418114021705,110.22202704858428,111.9177474975586,228966900
2025-04-16 00:00:00-04:00,104.28698893886386,106.52135168992342,100.19729712933866,104.22713470458984,397016900
2025-04-17 00:00:00-04:00,104.1872406628714,104.20719461222582,99.79831546993584,101.23468780517578,292517500
2025-04-21 00:00:00-04:00,98.52152791683338,99.18984822876095,94.80091547691985,96.66621398925781,288501100
2025-04-22 00:00:00-04:00,98.53151145469249,99.55891920701856,97.03528479941322,98.6412353515625,241004800
2025-04-23 00:00:00-04:00,104.25705857766793,104.53636058197965,101.76334775853866,102.45161437988281,247526000
2025-04-24 00:00:00-04:00,103.21968611105362,106.2719858525715,102.85061415392688,106.16226196289062,220815000
2025-04-25 00:00:00-04:00,106.58119738151521,111.63844254684066,105.46401982086034,110.7307357788086,251064700
2025-04-28 00:00:00-04:00,109.4140660423662,110.09235573735528,105.75329251827114,108.45648193359375,207708500
2025-04-29 00:00:00-04:00,107.39914041879526,109.92277466025524,107.16972327513623,108.74574279785156,170444300
2025-04-30 00:00:00-04:00,104.20719367744803,108.64599609375,103.81817538074749,108.64599609375,235044600
2025-05-01 00:00:00-04:00,112.79554223516973,114.65086390129245,111.02002115064856,111.32923889160156,236121500
2025-05-02 00:00:00-04:00,113.8927727544179,115.10970497913567,113.08481279973248,114.21196746826172,190194800
2025-05-05 00:00:00-04:00,112.62596928442517,114.38153638068397,112.3765981799359,113.53367614746094,133163200
2025-05-06 00:00:00-04:00,111.19956385128708,114.45135750397539,110.54122049681273,113.25437927246094,158525600
2025-05-07 00:00:00-04:00,112.76561133481998,117.38396123898741,111.9975441064208,116.76551818847656,206758800
2025-05-08 00:00:00-04:00,117.95252869863282,118.38144728921775,115.55856464909375,117.07474517822266,198428100
2025-05-09 00:00:00-04:00,117.05479580716789,117.9325869721132,114.92017974547274,116.35655975341797,132972200
2025-05-12 00:00:00-04:00,121.66316698651148,122.6905746459961,119.97741600529791,122.6905746459961,225023300
2025-05-13 00:00:00-04:00,124.66559728217729,130.88989748886456,124.1568781333485,129.60313415527344,330430100
2025-05-14 00:00:00-04:00,132.86491109788813,135.09928149974084,131.34873063875938,134.99952697753906,281180800
2025-05-15 00:00:00-04:00,133.95217934435928,135.95713281870513,132.32629004982778,134.49082946777344,226632600
2025-05-16 00:00:00-04:00,135.87731640314823,136.00699423634137,133.12426513669956,135.0593719482422,226542500
2025-05-19 00:00:00-04:00,132.05696494191162,135.5282065455698,132.05696494191162,135.22897338867188,193154600
2025-05-20 00:00:00-04:00,133.95217650431997,134.24145551049554,132.286379343903,134.04196166992188,161514200
2025-05-21 00:00:00-04:00,132.72528507307794,137.05436414816955,130.26149714159004,131.4684600830078,270608700
2025-05-22 00:00:00-04:00,131.89735290411087,133.9122755767364,131.21907084385478,132.495849609375,187344000
2025-05-23 00:00:00-04:00,129.67296865108418,132.3462194682512,128.8350854296202,130.959716796875,198821300
2025-05-27 00:00:00-04:00,133.81252390577552,135.31873506532702,132.9746406768617,135.1591339111328,192953600
2025-05-28 00:00:00-04:00,135.68778777349254,136.9047198340945,134.4509017652276,134.47085571289062,304021100
2025-05-29 00:00:00-04:00,141.89214330786072,143.12902933343943,137.56306504893934,138.83984375,369241900
2025-05-30 00:00:00-04:00,138.37105052724368,139.26878048564038,132.5856374053386,134.7900848388672,333170900
2025-06-02 00:00:00-04:00,135.14917875467413,137.77255260816483,135.05939358324852,137.034423828125,197663100
2025-06-03 00:00:00-04:00,138.43088175862894,141.64278269656361,137.60296789247522,140.86474609375,225578800
2025-06-04 00:00:00-04:00,141.83231333868676,142.03180718032695,139.18897047063936,141.56298828125,167120800
2025-06-05 00:00:00-04:00,141.81237210270294,143.63777059715719,138.48077746536075,139.6378631591797,231397900
2025-06-06 00:00:00-04:00,142.1515008770834,142.9095987862069,141.15401644541944,141.36349487304688,153986200
2025-06-09 00:00:00-04:00,142.82976792727268,144.63521193059032,141.58291265200896,142.27117919921875,185114500
2025-06-10 00:00:00-04:00,142.3310452201821,143.92701105784593,141.17395971410352,143.5978546142578,155881900
2025-06-11 00:00:00-04:00,144.25623511410478,144.6353103750697,141.52293261104455,142.4805908203125,167694000
2025-06-12 00:00:00-04:00,141.62269259555393,144.64527893066406,141.50299102868564,144.64527893066406,162365000
2025-06-13 00:00:00-04:00,142.13145812905782,143.2287733742275,140.50545582034982,141.62271118164062,180820600
2025-06-16 00:00:00-04:00,142.9993260342438,145.82238955213242,142.84968384945327,144.33604431152344,183133700
2025-06-17 00:00:00-04:00,144.13653073401778,144.8647406282524,143.42826095310537,143.76742553710938,139108000
2025-06-18 00:00:00-04:00,143.6576946584193,145.2936820241915,142.7698725249477,145.1240997314453,161494100
2025-06-20 00:00:00-04:00,145.09418472037632,145.84235000620308,142.3010312756641,143.49810791015625,242956200
2025-06-23 00:00:00-04:00,142.1513937655616,144.42581484809375,141.68254233682853,143.8173065185547,154308900
2025-06-24 00:00:00-04:00,145.20392063963206,147.59805875973223,145.14406985038545,147.53819274902344,187566100
2025-06-25 00:00:00-04:00,148.90483162044157,154.0721520137232,148.8948463426075,153.9324951171875,269146500
2025-06-26 00:00:00-04:00,155.59840525486092,156.33660039378947,153.6232534017049,154.64076232910156,198145700
2025-06-27 00:00:00-04:00,155.65826650868465,158.32174817747665,154.880175871103,157.3640899658203,263234500
2025-06-30 00:00:00-04:00,158.01250107649778,158.2718747820143,155.57848281781088,157.603515625,194580300
2025-07-01 00:00:00-04:00,155.9076636637482,156.81544119896878,151.1194180014287,152.92498779296875,213143600
2025-07-02 00:00:00-04:00,152.6057523429847,157.21446053326332,152.59578228626097,156.8653106689453,171224100
2025-07-03 00:00:00-04:00,157.98256705200242,160.58618269349765,157.3840439934681,158.9501953125,143716100
2025-07-07 00:00:00-04:00,157.8129946008361,158.92027983286837,156.9550977974466,157.8529052734375,140139000
2025-07-08 00:00:00-04:00,158.9402376292259,159.8280598400772,158.00253468758166,159.6085968017578,138133000
2025-07-09 00:00:00-04:00,160.8256093227867,164.01777813022636,160.7657585360006,162.48155212402344,183656400
2025-07-10 00:00:00-04:00,163.91802564623063,164.0975779997467,161.214648514871,163.6985626220703,167704100
2025-07-11 00:00:00-04:00,163.319494380175,167.4792915182188,163.07010595303956,164.5165557861328,193633300
2025-07-14 00:00:00-04:00,164.96544774793,165.08516454052796,161.62365204151925,163.66864013671875,136975800
2025-07-15 00:00:00-04:00,170.77121644956358,171.97824787505814,168.78607915204378,170.28240966796875,230627400
2025-07-16 00:00:00-04:00,170.64152069930245,171.32983513615645,168.48680121561864,170.9507598876953,158831500
2025-07-17 00:00:00-04:00,171.59918390717252,173.7339481189201,170.4120926228971,172.5767822265625,160841100
2025-07-18 00:00:00-04:00,173.21520688358655,173.82371518980958,170.8410244393951,171.98822021484375,146456400
2025-07-21 00:00:00-04:00,172.32739806402674,172.9558617527255,170.58167912560677,170.96075439453125,123126100
2025-07-22 00:00:00-04:00,170.9208374301641,170.97071815657463,164.17738028748298,166.6213836669922,193114300
2025-07-23 00:00:00-04:00,169.11525591048226,170.84101932871772,167.5590747729789,170.36219787597656,154082200
2025-07-24 00:00:00-04:00,172.01816431437092,173.40476336343244,170.88095369299285,173.3149871826172,128984600
2025-07-25 00:00:00-04:00,173.18529303585547,174.29257821699642,172.53688923976992,173.0755615234375,122316800
2025-07-28 00:00:00-04:00,173.594294429185,176.56700011257405,173.54441370124516,176.31761169433594,140023500
2025-07-29 00:00:00-04:00,177.52466141853475,178.9411858321479,174.5918511336965,175.0806427001953,154077500
2025-07-30 00:00:00-04:00,176.07819353379378,179.4499298230835,175.60934208925488,178.83145141601562,174312200
2025-07-31 00:00:00-04:00,182.45256948733228,182.85160010862035,175.49961883405416,177.43487548828125,221685400
2025-08-01 00:00:00-04:00,173.6641186818972,176.1081221843386,170.47194991004753,173.29502868652344,204529000
2025-08-04 00:00:00-04:00,174.7315057215643,179.75916955634796,174.09307197712414,179.55966186523438,148174600
2025-08-05 00:00:00-04:00,179.18057181311008,179.81900550487381,175.4696712230272,177.8238983154297,156407600
2025-08-06 00:00:00-04:00,175.898641889325,179.4599006050506,175.81883576850015,178.9810791015625,137192300
2025-08-07 00:00:00-04:00,181.12583532286254,183.43018196887525,178.3626072705472,180.32778930664062,151878400
2025-08-08 00:00:00-04:00,181.10585596760288,182.85157473717487,179.9586602147226,182.25303649902344,123396700
2025-08-11 00:00:00-04:00,181.6046539661726,183.39026839012567,179.80905426349312,181.6146240234375,138323200
2025-08-12 00:00:00-04:00,182.51243687865426,184.02870758664506,179.02099882862018,182.71194458007812,145485700
2025-08-13 00:00:00-04:00,182.1732462738988,183.51994981646104,178.9112567337155,181.14576721191406,179871700
2025-08-14 00:00:00-04:00,179.3102712094187,182.57227595462552,179.02098734413144,181.57472229003906,129554000
2025-08-15 00:00:00-04:00,181.43505449173978,181.45499460438234,177.6044370814236,180.008544921875,156602200
2025-08-18 00:00:00-04:00,180.15820389652,182.49247589603021,180.14821861780752,181.5647430419922,132008000
2025-08-19 00:00:00-04:00,181.98369406640825,182.0535301239894,175.0606849397743,175.21031188964844,185229200
2025-08-20 00:00:00-04:00,174.74146841521826,175.56943975883806,168.38705663117767,174.9709014892578,215142700
2025-08-21 00:00:00-04:00,174.42226928848822,176.4672421817212,173.38480492387563,174.55194091796875,140040900
2025-08-22 00:00:00-04:00,172.1877371490149,178.15310374912357,170.78118284108405,177.55458068847656,172789400
2025-08-25 00:00:00-04:00,177.91371253514103,181.46500135257926,176.13806812642193,179.37013244628906,163012800
2025-08-26 00:00:00-04:00,179.61950918930867,181.94381103857447,178.37256711704984,181.32533264160156,168688200
2025-08-27 00:00:00-04:00,181.53480649120215,182.04356858750407,178.6618623689453,181.15574645996094,235518900
2025-08-28 00:00:00-04:00,180.37766708382995,184.01873199506826,175.97845161993425,179.729248046875,281787800
2025-08-29 00:00:00-04:00,177.67428483075477,177.714180280125,172.72641192849127,173.75389099121094,243257900
2025-09-02 00:00:00-04:00,169.58410730722488,171.95828968039308,166.81090959368234,170.36219787597656,231164900
2025-09-03 00:00:00-04:00,170.64151696331535,171.9882204164984,168.46685741418958,170.2025909423828,164424900
2025-09-04 00:00:00-04:00,170.15273668191406,171.43957421789176,168.99557077235426,171.2400665283203,141670100
2025-09-05 00:00:00-04:00,167.61894341349083,168.61649709218636,163.66863936987482,166.61141967773438,224441400
2025-09-08 00:00:00-04:00,167.14008871145546,170.54174973330151,166.9405810596359,167.89822387695312,163769100
2025-09-09 00:00:00-04:00,168.6763418810487,170.5617176578999,166.3320999523285,170.34225463867188,157548400
2025-09-10 00:00:00-04:00,176.2078799889887,178.85139113084074,175.04074401948455,176.8961944580078,226852000
2025-09-11 00:00:00-04:00,179.25053151190707,179.84910351407555,176.05818301908454,176.7465362548828,151159300
2025-09-12 00:00:00-04:00,177.34513598621658,178.17315412234487,176.02828346447401,177.39501953125,124911000
2025-09-15 00:00:00-04:00,175.2501343169162,178.4225418052247,174.0929031464731,177.32516479492188,147061600
2025-09-16 00:00:00-04:00,176.5769489507663,177.0757538913052,173.96321593348455,174.46202087402344,140737800
2025-09-17 00:00:00-04:00,172.22736966160153,172.78602876073558,168.00748411706098,169.8829803466797,211843800
2025-09-18 00:00:00-04:00,173.56416328312818,176.67671647107687,172.54661216194535,175.8187713623047,191763300
2025-09-19 00:00:00-04:00,175.34989886544702,177.65437533147113,174.76129744715922,176.24774169921875,237182100
2025-09-22 00:00:00-04:00,174.8810364137678,184.1089289332547,174.29245016588177,183.17117309570312,269637000
2025-09-23 00:00:00-04:00,181.53508786527138,181.98400930831284,175.78885990523673,178.0035400390625,192559600
2025-09-24 00:00:00-04:00,179.34035389001875,179.35032450997934,174.98078784059663,176.5470428466797,143564100
2025-09-25 00:00:00-04:00,174.06297010669513,179.82915407834395,172.7162058826927,177.2653045654297,191586700
2025-09-26 00:00:00-04:00,177.74415791919978,179.3403398828169,174.51189629291883,177.7641143798828,148573700
2025-09-29 00:00:00-04:00,179.99874009736317,183.56021461148362,179.8890176259668,181.4153594970703,193063500
2025-09-30 00:00:00-04:00,181.6448190078555,186.90222763381766,181.04624695721463,186.13406372070312,236981000
2025-10-01 00:00:00-04:00,184.79726069745416,187.6903232769056,183.46045188172369,186.79248046875,173844900
2025-10-02 00:00:00-04:00,189.146847340247,190.59337868298996,187.6105195355423,188.43853759765625,136805800
2025-10-03 00:00:00-04:00,188.73782471792558,189.90502650703218,184.93693332773543,187.17156982421875,137596900
2025-10-06 00:00:00-04:00,185.05662940294908,186.78249020197808,182.89181782906448,185.09652709960938,157678100
2025-10-07 00:00:00-04:00,185.78489078203316,188.6081286768816,183.56022492696124,184.5977325439453,140088000
2025-10-08 00:00:00-04:00,186.12409742063042,189.14685437964263,186.0941551173159,188.65802001953125,130168900
2025-10-09 00:00:00-04:00,191.7705575158363,194.833227386451,190.60335569438294,192.10975646972656,182997200
2025-10-10 00:00:00-04:00,193.04749823427522,195.15245586263575,181.61489659616785,182.7222442626953,268774400
2025-10-13 00:00:00-04:00,187.52076447158947,189.65564939423433,185.51557372807815,187.86993408203125,153482800
2025-10-14 00:00:00-04:00,184.32839277968645,184.35831986008523,179.2705030798172,179.59971618652344,205641400
2025-10-15 00:00:00-04:00,184.35831474003746,184.42813951825556,176.86625456034105,179.4001922607422,214450500
2025-10-16 00:00:00-04:00,181.79445210488134,182.84194556906473,179.34034021746592,181.37545776367188,179723300
2025-10-17 00:00:00-04:00,179.74934657743225,183.65999082680747,179.3203816221287,182.78208923339844,173135200
2025-10-20 00:00:00-04:00,182.69231029505525,184.75735492260156,181.2956472677441,182.20347595214844,128544700
2025-10-21 00:00:00-04:00,182.35311411361405,182.35311411361405,179.37027013728058,180.72702026367188,124240200
2025-10-22 00:00:00-04:00,180.7070509305708,183.00155667206866,176.33751483638122,179.84910583496094,162249600
2025-10-23 00:00:00-04:00,179.988777912505,182.59254038327154,179.3602787988416,181.72462463378906,111363700
2025-10-24 00:00:00-04:00,183.40060514170608,187.02193404421294,183.06142142022418,185.8148193359375,131296700
2025-10-27 00:00:00-04:00,189.53590332097463,191.54109366524804,187.97961914819697,191.03231811523438,153452700
2025-10-28 00:00:00-04:00,192.58860677151606,202.6644582837766,191.45133202040452,200.54953002929688,297986200
2025-10-29 00:00:00-04:00,207.48289118740504,211.68283533037862,204.29054272961417,206.54513549804688,308829600
2025-10-30 00:00:00-04:00,204.6596525726598,205.66724825327245,200.92860151360617,202.40505981445312,178864400
2025-10-31 00:00:00-04:00,205.95656932325562,207.4729406961805,201.5870481318289,202.00604248046875,179802200
2025-11-03 00:00:00-05:00,207.58267267525224,210.83487551397138,205.06869143040765,206.3855438232422,180267300
2025-11-04 00:00:00-05:00,202.51481474882632,203.4824975937368,197.4569251230167,198.21511840820312,188919300
2025-11-05 00:00:00-05:00,198.29491205487744,202.43498679977526,194.18474916506034,194.74342346191406,171350300
2025-11-06 00:00:00-05:00,195.95052515240693,197.14765392942226,185.9345289438528,187.63046264648438,223029800
2025-11-07 00:00:00-05:00,184.45806985353664,187.86990920765928,178.4823961188316,187.70030212402344,264942300
2025-11-10 00:00:00-05:00,194.6436788693004,199.46213677715232,193.32682642239038,198.5742645263672,198897100
2025-11-11 00:00:00-05:00,194.69355355890158,194.9529266552934,190.84277869998112,192.69833374023438,176483300
2025-11-12 00:00:00-05:00,195.25221648764446,195.4218083488666,190.673190567689,193.33680725097656,154935300
2025-11-13 00:00:00-05:00,190.59339473372378,190.98246202725863,183.4106057333689,186.4134063720703,207423100
2025-11-14 00:00:00-05:00,182.4229582335574,190.55347333374138,180.14840873831534,189.71548461914062,186591900
2025-11-17 00:00:00-05:00,185.52553828625676,188.54829545593932,183.87948782755396,186.15403747558594,173628900
2025-11-18 00:00:00-05:00,182.94170515591497,184.35830936263392,179.22060933347112,180.92652893066406,213598900
2025-11-19 00:00:00-05:00,184.3483273978252,187.41099710874653,182.39302051116815,186.07420349121094,247246400
2025-11-20 00:00:00-05:00,195.4816571057099,195.53154064523628,179.42014682895694,180.208251953125,343504800
2025-11-21 00:00:00-05:00,180.80682891210233,184.11888595894638,172.51667761994415,178.4524688720703,346926200
2025-11-24 00:00:00-05:00,179.0610093294625,183.06141961318156,176.0581937395723,182.1136932373047,256618300
2025-11-25 00:00:00-05:00,174.49197074476177,177.73420328176402,169.14478047484366,177.39501953125,320600300
2025-11-26 00:00:00-05:00,181.19589856886267,182.47283807635972,177.81400147563977,179.82916259765625,183852000
2025-11-28 00:00:00-05:00,178.58215589898685,178.86148547381688,176.0781603452176,176.57696533203125,121332800
2025-12-01 00:00:00-05:00,174.3423041351479,179.8690716163194,173.2648835948944,179.48997497558594,188131000
2025-12-02 00:00:00-05:00,181.32557695606172,185.2162648499111,179.56978894419797,181.02630615234375,182632200
2025-12-03 00:00:00-05:00,180.64719551618873,182.013916155068,178.68190287158453,179.16075134277344,165138000
2025-12-04 00:00:00-05:00,181.19598816136636,184.08922700452197,179.53987513877786,182.95188903808594,167364900
2025-12-05 00:00:00-05:00,183.4606866221248,184.22889322931675,180.4876480440623,181.98414611816406,143971100
2025-12-08 00:00:00-05:00,182.21361127014939,187.5610985176648,181.97416608957425,185.1168212890625,204378100
2025-12-09 00:00:00-05:00,185.12679644575,185.2864265695677,182.89203560496765,184.53817749023438,144719700
2025-12-10 00:00:00-05:00,184.53819180758595,185.0469957406681,181.61502392815055,183.35096740722656,162785400
2025-12-11 00:00:00-05:00,179.85913764092777,180.896718300432,176.20767820623186,180.5076141357422,182136600
2025-12-12 00:00:00-05:00,180.6871989054384,182.39321360477518,174.21234434473615,174.61141967773438,204274900
2025-12-15 00:00:00-05:00,177.52459033283526,178.0034654802094,174.6213802569945,175.87843322753906,164775600
2025-12-16 00:00:00-05:00,175.84850127733236,178.0733061224419,174.4916756985292,177.3050994873047,148588100
2025-12-17 00:00:00-05:00,175.68889685369163,175.71882560019336,169.91240520818417,170.5409393310547,222775500
2025-12-18 00:00:00-05:00,174.1225483861358,175.7387615308714,171.41888356310693,173.73345947265625,176096000
2025-12-19 00:00:00-05:00,176.2575523358494,181.0263919449467,175.92832091222974,180.56747436523438,324925900
2025-12-22 00:00:00-05:00,183.49062822521734,183.73007341419415,181.9243013805983,183.26116943359375,129064400
2025-12-23 00:00:00-05:00,182.5428423541149,188.88799500778453,182.47299846788633,188.76828002929688,174873600
2025-12-24 00:00:00-05:00,187.50124372172942,188.4689804086018,186.154389299292,188.169677734375,65528500
2025-12-26 00:00:00-05:00,189.47662851874142,192.240166195598,187.5611125998212,190.085205078125,139740300
2025-12-29 00:00:00-05:00,187.2717899684254,188.31932652162573,185.47598909796272,187.7805938720703,120006100
2025-12-30 00:00:00-05:00,187.8005508490403,188.5487999407664,186.49359631469858,187.1021728515625,97687300
2025-12-31 00:00:00-05:00,189.12744593978846,190.11512498868174,186.05463453876877,186.06460571289062,120100500
2026-01-02 00:00:00-05:00,189.39681300359115,192.47959571470966,187.8204997023152,188.4091339111328,148240500
2026-01-05 00:00:00-05:00,191.31231822272787,193.17796293683364,185.7154145267434,187.68081665039062,183529700
2026-01-06 00:00:00-05:00,190.07522846701318,191.72137039337454,186.3838692947835,186.80288696289062,176862600
2026-01-07 00:00:00-05:00,188.12978540958392,190.9232365533545,186.12446806753155,188.66851806640625,153543200
2026-01-08 00:00:00-05:00,188.66852284990722,189.10749810453436,183.28113525242415,184.60801696777344,172457000
2026-01-09 00:00:00-05:00,184.64792389684447,185.9049768874807,183.2412119543349,184.42843627929688,131327500
2026-01-12 00:00:00-05:00,182.79226917353867,186.6831584288149,182.59273912358015,184.5082550048828,137968500
2026-01-13 00:00:00-05:00,184.56809890645206,187.6708389078061,182.97182817799478,185.37620544433594,160128900
2026-01-14 00:00:00-05:00,183.88970125566945,184.02937380837906,180.37791464347094,182.7124481201172,159586100
2026-01-15 00:00:00-05:00,186.06460797964908,189.25713440169068,185.895006678512,186.6133270263672,206188600
2026-01-16 00:00:00-05:00,188.63859508159712,189.99542077422674,185.64559857342888,185.7952423095703,187967200
2026-01-20 00:00:00-05:00,181.4753422141945,181.95423259865512,177.1953640623503,177.654296875,223345300
2026-01-21 00:00:00-05:00,178.6320081827799,184.94723253133864,177.9835164834521,182.8920440673828,200381000
2026-01-22 00:00:00-05:00,184.31869154642928,185.7353746560278,183.5005985718231,184.40847778320312,139636600
2026-01-23 00:00:00-05:00,187.06227125943187,189.15737478680413,186.38386606278428,187.23187255859375,142748100
2026-01-26 00:00:00-05:00,186.7230748442759,188.6784906596197,185.55580805974404,186.03468322753906,124799600
2026-01-27 00:00:00-05:00,186.80288446054914,189.55643562401056,185.2664711415707,188.07989501953125,143711600
2026-01-28 00:00:00-05:00,190.82347487286611,191.9009553855833,189.3968053634026,191.07289123535156,148552700
2026-01-29 00:00:00-05:00,190.89331059974717,193.0283141326731,185.62563804704834,192.06057739257812,171764400
2026-01-30 00:00:00-05:00,190.76362243793778,194.0359639826301,189.0276790286862,190.68380737304688,179489500
2026-02-02 00:00:00-05:00,186.7629659025267,189.8557348322644,184.44839001538193,185.1766815185547,165794100
2026-02-03 00:00:00-05:00,185.8052266227915,185.83515536968403,175.8185853097543,179.9189910888672,204019600
2026-02-04 00:00:00-05:00,179.04105715530034,179.16077214377114,171.50867959294058,173.78335571289062,207014100
2026-02-05 00:00:00-05:00,174.52161198787914,176.40721432559468,170.63072277473634,171.47874450683594,206312900
2026-02-06 00:00:00-05:00,176.27751351666032,186.56344202919422,174.19239634754115,184.97715759277344,231346200
2026-02-09 00:00:00-05:00,183.8298238555102,193.20788788877485,183.5205500126207,189.59632873535156,196387400
2026-02-10 00:00:00-05:00,190.93321971968697,192.0306425866914,187.6808205923615,188.09983825683594,136764800
2026-02-11 00:00:00-05:00,192.00071425091673,192.80882083578368,188.329312674443,189.6063232421875,144192700
2026-02-12 00:00:00-05:00,192.5793648877844,193.1580126884611,186.07458174632154,186.5035858154297,189932500
2026-02-13 00:00:00-05:00,187.04230481693136,187.0622623874058,181.16605622339495,182.38320922851562,161888000
2026-02-17 00:00:00-05:00,181.3256935584433,186.71308084037668,178.76168607280786,184.53817749023438,162276900
2026-02-18 00:00:00-05:00,188.3093443160685,189.92555739322245,186.3239846890322,187.5411376953125,164749100
2026-02-19 00:00:00-05:00,186.62329889395997,187.9900957055448,185.22657333636724,187.46133422851562,126554500
2026-02-20 00:00:00-05:00,186.13444888465776,189.88566546751952,185.5059147845697,189.37686157226562,178422300
2026-02-23 00:00:00-05:00,190.9531547742145,193.49720463285962,189.13741163084848,191.10281372070312,171584800
2026-02-24 00:00:00-05:00,191.04296985904048,193.31764595479845,186.96250644177093,192.39979553222656,175123600
2026-02-25 00:00:00-05:00,193.9960453222018,197.16862939564908,193.33758246616242,195.10345458984375,250637100
2026-02-26 00:00:00-05:00,193.81648130196652,193.83642365132246,183.8897126034445,184.4583740234375,360807900
2026-02-27 00:00:00-05:00,180.82687141264745,182.16373952566906,175.96824531148394,176.77635192871094,311636500
2026-03-02 00:00:00-05:00,174.6014235260267,183.03170868955394,174.23229218389588,182.05398559570312,209095300
2026-03-03 00:00:00-05:00,178.07331350693755,180.4776756968921,176.50697142699124,179.62966918945312,178099400
2026-03-04 00:00:00-05:00,180.01874995283958,184.26879914121506,179.6396322236537,182.6126708984375,177731200
2026-03-05 00:00:00-05:00,180.74703993972415,183.63029235671348,177.46472744924466,182.91197204589844,198779700
2026-03-06 00:00:00-05:00,179.4201653790109,182.33334690173646,176.40722643712078,177.40489196777344,189021900
2026-03-09 00:00:00-04:00,176.4171968477281,182.4830050745951,175.1501573668019,182.22360229492188,177213600
2026-03-10 00:00:00-04:00,181.97417604353973,186.00475307627937,181.5850871183009,184.33865356445312,179118500
2026-03-11 00:00:00-04:00,185.4860219488843,187.1921136401388,184.02934488988058,185.60574340820312,145280400
2026-03-12 00:00:00-04:00,183.63026415055788,184.5182338343672,181.3355064165816,182.7223358154297,155762700
2026-03-13 00:00:00-04:00,184.49829181300376,185.66562182453413,179.52965286608148,179.8389434814453,160988400
2026-03-16 00:00:00-04:00,182.55272468439094,188.44925014875608,180.99628481489137,182.80215454101562,217307400
2026-03-17 00:00:00-04:00,184.63797319169822,184.9771941770484,181.2656763194747,181.51510620117188,182497800
2026-03-18 00:00:00-04:00,182.06384475172882,182.96180140975886,179.91875397930713,179.98858642578125,156683100
2026-03-19 00:00:00-04:00,177.6040222894031,179.56953069628346,175.3890840362079,178.15277099609375,170968500
2026-03-20 00:00:00-04:00,177.59406866914642,177.85347025510498,171.32839150930033,172.30615234375,241323500
2026-03-23 00:00:00-04:00,176.85574153065542,177.96321071223454,174.36144294367455,175.23944091796875,182836300
2026-03-24 00:00:00-04:00,174.4312942297872,175.81812366395545,173.58322660302642,174.80044555664062,147667800
2026-03-25 00:00:00-04:00,176.69612335614488,180.8067226806179,176.44669348987364,178.2725067138672,162602100
2026-03-26 00:00:00-04:00,175.66847416549638,176.10745794358192,170.74970926821888,170.8494873046875,186152200
2026-03-27 00:00:00-04:00,169.61230999497113,170.58009909933227,166.629123297364,167.13796997070312,196212700
2026-03-30 00:00:00-04:00,168.3950875250076,169.0635577295173,163.89537828689438,164.79331970214844,185627000
2026-03-31 00:00:00-04:00,166.58921042239905,174.22175778800025,166.57923870897636,174.00225830078125,226181300
2026-04-01 00:00:00-04:00,175.5986119754623,176.9654826629128,174.35146274268203,175.34918212890625,168132000
2026-04-02 00:00:00-04:00,171.78733317216196,177.0852364118599,170.97918282725632,176.98545837402344,143143200
2026-04-06 00:00:00-04:00,176.75597747742694,177.3845303646084,175.35916114415525,177.23487854003906,107564300
2026-04-07 00:00:00-04:00,175.32922705160684,177.8235255680002,173.26395579650787,177.69383239746094,132534900
2026-04-08 00:00:00-04:00,184.079243714486,184.83750503722598,179.8888249511496,181.66476440429688,147732700
2026-04-09 00:00:00-04:00,181.42531387192042,183.66021107746678,180.2080948395415,183.4906005859375,116428500
2026-04-10 00:00:00-04:00,183.88967366981893,189.56669990817062,183.87970195572368,188.1998291015625,160459500
2026-04-13 00:00:00-04:00,185.605746824658,189.2274732756209,185.3164148846483,188.87826538085938,133648200
2026-04-14 00:00:00-04:00,190.40477641072036,196.0618438720703,190.33494396561244,196.0618438720703,161307000
2026-04-15 00:00:00-04:00,196.09178511161633,199.94298301571828,195.2936216855987,198.41647338867188,185338400
2026-04-16 00:00:00-04:00,196.97974400923295,199.39423847906178,195.36344336942167,197.8976593017578,134012900
2026-04-17 00:00:00-04:00,199.44410763257105,201.2400056483541,198.8155547450397,201.2200469970703,160324400
2026-04-20 00:00:00-04:00,199.52392392325544,201.70893187328167,197.38880498867078,201.59918212890625,119381400
2026-04-21 00:00:00-04:00,201.66904795828867,202.28762917830338,198.54618104306965,199.42417907714844,107945300
2026-04-22 00:00:00-04:00,200.53164182940822,202.03819274902344,198.54617460274403,202.03819274902344,107501000
2026-04-23 00:00:00-04:00,201.99828375930824,203.3651545152774,196.77022843278436,199.18470764160156,113561800
2026-04-24 00:00:00-04:00,199.50398270942756,210.46890943516505,199.35431566144254,207.79502868652344,214134400
2026-04-27 00:00:00-04:00,209.17187844164343,216.33551207209098,206.90706623150768,216.1160125732422,187172400
2026-04-28 00:00:00-04:00,209.01225288404052,214.2402930542568,207.72518626919629,212.68385314941406,180275400
2026-04-29 00:00:00-04:00,212.2149257168926,212.23488436877426,207.10660696252424,208.77279663085938,123711800
2026-04-30 00:00:00-04:00,209.45122654333912,209.82039307402036,198.24684193288383,199.1148681640625,225239200
2026-05-01 00:00:00-04:00,200.82098460367052,202.5370634031337,196.6704677294345,197.9974365234375,128647000
2026-05-04 00:00:00-04:00,199.04502180842945,201.2699318245734,194.29588290907526,198.02734375,125368100
2026-05-05 00:00:00-04:00,198.84548202478717,199.7833407086998,195.58293528206713,196.05186462402344,113406600
2026-05-06 00:00:00-04:00,199.43413852494058,207.7950323152332,198.15705885791613,207.3560333251953,188362800
2026-05-07 00:00:00-04:00,207.86487247229027,213.7115092245668,206.02907228582575,211.01766967773438,168307900
2026-05-08 00:00:00-04:00,212.5441790763045,217.30330524675068,212.40449895841255,214.709228515625,136421400
2026-05-11 00:00:00-04:00,213.55186573785767,221.79303819063418,213.40221390900197,218.93955993652344,160685800
2026-05-12 00:00:00-04:00,218.05159434962442,223.23973257586303,214.42986778297353,220.27650451660156,159176600
2026-05-13 00:00:00-04:00,224.41703053540263,227.32039781394542,221.0647077692387,225.3149871826172,150405400
2026-05-14 00:00:00-04:00,229.32582552778115,236.00055597235212,228.77707677625682,235.202392578125,180782900
2026-05-15 00:00:00-04:00,229.23601388526635,230.97205119780003,223.72861351776262,224.80615234375,180977600
2026-05-18 00:00:00-04:00,229.34577348371204,229.4754818886306,217.8719993892805,221.81300354003906,146280900
2026-05-19 00:00:00-04:00,219.11914008419038,223.96805720569674,217.41304835521052,220.1068878173828,140948200
2026-05-20 00:00:00-04:00,222.6710257508039,225.61431038954527,219.9971448577806,222.9603729248047,184201600
2026-05-21 00:00:00-04:00,221.78305837384474,226.8814055684356,217.43300079554024,219.0093994140625,203381800
2026-05-22 00:00:00-04:00,220.39621757095847,220.50596731800164,214.3101381389001,214.83892822265625,169275700
2026-05-26 00:00:00-04:00,216.04617181279934,217.68243116855118,211.5165320236786,214.37001037597656,187202600
2026-05-27 00:00:00-04:00,213.63168066177133,213.66161102691768,208.30386252985457,212.1151580810547,167601200
2026-05-28 00:00:00-04:00,210.79817024571656,215.0285063161196,210.73830951283205,213.7613983154297,143996000
2026-05-29 00:00:00-04:00,214.09065053210412,217.36316924965476,210.64852132770383,210.6584930419922,289410600
2026-06-01 00:00:00-04:00,215.23801892090273,224.35717434911126,215.20808855445495,223.8483428955078,212850700
2026-06-02 00:00:00-04:00,226.66188583823322,231.75026086454594,220.84519513709748,222.3118438720703,193362900
2026-06-03 00:00:00-04:00,221.2143597561905,222.31185725112735,214.02079575535723,214.26025390625,160907000
2026-06-04 00:00:00-04:00,213.67091279390368,221.35231998810906,210.73419644348996,218.4156036376953,169022200
2026-06-05 00:00:00-04:00,214.2902104723603,214.62982678346356,204.10161444712602,204.87075805664062,219655500
2026-06-08 00:00:00-04:00,209.94507132882276,210.23475572682116,205.76975069388217,208.40679931640625,138372800
2026-06-09 00:00:00-04:00,210.3845825512031,211.16370951624515,199.11719156565087,207.95730590820312,180962500
2026-06-10 00:00:00-04:00,204.20149632565034,206.98838641050182,199.696542748819,200.19598388671875,161746600
2026-06-11 00:00:00-04:00,201.26479475008583,205.43013200106668,199.31696212361035,204.64100646972656,158643200
2026-06-12 00:00:00-04:00,204.6310298517525,206.83856645475237,203.21261880599855,204.96066284179688,112001800
2026-06-15 00:00:00-04:00,208.68648640498938,212.47225882321928,208.10713284720606,212.21253967285156,149936700
2026-06-16 00:00:00-04:00,210.94395209283806,211.25361840198772,207.05830064217733,207.1781768798828,125694100
2026-06-17 00:00:00-04:00,208.29691745433288,208.9761653200819,202.8530121596522,204.42124938964844,128363500
2026-06-18 00:00:00-04:00,207.09826842291386,211.1537281092123,206.26919428756833,210.4545135498047,241272000
2026-06-22 00:00:00-04:00,211.2036686200953,213.7508214450341,207.48782537372824,208.41677856445312,122041400
2026-06-23 00:00:00-04:00,201.94403040148535,203.54224815949766,199.77645766483005,199.81640625,153496200
2026-06-24 00:00:00-04:00,199.89631590195674,201.44458647582786,196.36027935647695,198.77757263183594,151810700
2026-06-25 00:00:00-04:00,199.85637045714446,200.5755669254449,191.9152592982058,195.52122497558594,149550000
2026-06-26 00:00:00-04:00,192.90414096411192,195.33143282930595,191.0062707295152,192.31480407714844,179304100
2026-06-29 00:00:00-04:00,193.63333194293918,195.96071419295149,189.58785574691487,194.7520751953125,148835700
2026-06-30 00:00:00-04:00,197.0195429632178,200.4057532237791,194.89191886651452,199.86634826660156,166476700
2026-07-01 00:00:00-04:00,195.98069896251877,199.62662840490702,193.23377271109229,197.35916137695312,146147600
2026-07-02 00:00:00-04:00,196.9196593659626,199.8363939026278,192.1350197738411,194.61224365234375,142068700
2026-07-06 00:00:00-04:00,194.20269428466304,197.32920075051607,193.77318221313826,195.33143615722656,108999000
2026-07-07 00:00:00-04:00,192.15498377986222,198.18824142626735,190.92636281467173,196.7098846435547,124154600
2026-07-08 00:00:00-04:00,194.9618356993413,204.93069180759116,194.84197470333905,203.891845703125,147419100
2026-07-09 00:00:00-04:00,204.23147485952867,204.36131918975943,198.73762239526957,202.5533447265625,132037400
2026-07-10 00:00:00-04:00,201.7742207048944,210.7641612313501,201.69430829342895,210.72421264648438,148421000
2026-07-13 00:00:00-04:00,208.3069001369788,210.33464515051216,202.77309911383117,203.30250549316406,121411000
2026-07-14 00:00:00-04:00,207.96729575339148,212.31243993744155,203.57221964678251,211.5632781982422,124379600
2026-07-15 00:00:00-04:00,211.7230919717581,213.57101502024952,205.80969553973085,212.26248168945312,124797200
2026-07-16 00:00:00-04:00,209.93509060438328,210.84407715298516,205.61992700554663,207.16818237304688,122986100
2026-07-17 00:00:00-04:00,202.41350482950477,206.41901728963356,197.74872640584337,202.58331298828125,144281900
2026-07-20 00:00:00-04:00,205.63989694335598,207.50781723343968,202.05391309694542,203.05279541015625,88701500
2026-07-21 00:00:00-04:00,207.30802440628602,208.4167843613107,203.78197113093626,207.0583038330078,108685600
2026-07-22 00:00:00-04:00,205.57996827489498,214.15038042761168,204.72092886821054,211.82298278808594,137645600
2026-07-23 00:00:00-04:00,209.22588688656515,210.63429930291466,205.72979894313582,208.5266571044922,110505300
2026-07-24 00:00:00-04:00,207.21812923496972,211.6731509810223,204.5810805834776,206.6088104248047,114836800
2026-07-27 00:00:00-04:00,207.96729627325774,208.51668459839084,195.22156333884286,196.2903594970703,154353700
2026-07-28 00:00:00-04:00,194.78204700134697,198.47790843456414,192.52457850774027,196.789794921875,134111500
2026-07-29 00:00:00-04:00,195.63110696844683,196.84974460884015,189.79762268066406,189.79762268066406,147680800
2026-07-30 00:00:00-04:00,193.23377181769484,197.02952748682713,191.3059363552755,194.82199096679688,129010200
2026-07-31 00:00:00-04:00,198.2182038580375,201.77422236802423,194.73209918257555,200.52561950683594,139961200
2026-08-03 00:00:00-04:00,197.46904862701152,208.50670133078404,196.62999113475112,206.40904235839844,128406900
2026-08-04 00:00:00-04:00,211.06382570110384,212.82185300096492,208.8163406042335,211.70310974121094,134922000
2026-08-05 00:00:00-04:00,216.6176127852948,221.9716224388697,216.15812022814887,218.9749755859375,158187400
2026-08-06 00:00:00-04:00,221.28239358061882,223.38005249670454,216.75745800384053,218.7452392578125,113940600
2026-08-07 00:00:00-04:00,221.29237770419127,224.50877992471257,220.41337164588714,223.70968627929688,105669400
2026-08-10 00:00:00-04:00,223.15029107269072,223.88946943306019,216.5277120448001,217.3068389892578,115846600
2026-08-11 00:00:00-04:00,221.92167541427946,221.9516406634887,215.95834695389817,217.25689697265625,101273100
2026-08-12 00:00:00-04:00,220.7929293559802,224.84840415873398,219.95387191061064,223.8395233154297,108783600
2026-08-13 00:00:00-04:00,224.80845001468583,226.97602279610956,223.45996804263754,225.04818725585938,98867200
2026-08-14 00:00:00-04:00,226.51654155338588,227.23573802273873,224.24907448357243,224.90834045410156,75680900
2026-08-17 00:00:00-04:00,225.72741618855906,227.66525027466162,224.60867289832842,224.7584991455078,93678700
2026-08-18 00:00:00-04:00,220.20359791537197,221.39227027986857,218.44557057093272,219.49440002441406,103128200
2026-08-19 00:00:00-04:00,221.4222404106533,222.62089613745684,216.51772459764655,217.31683349609375,96797300
2026-08-20 00:00:00-04:00,218.1159423024499,219.6142657707553,215.41896310784705,216.60763549804688,92457000
2026-08-21 00:00:00-04:00,218.17587248780362,218.49552214328025,214.26025565862156,214.48001098632812,98869300
2026-08-24 00:00:00-04:00,215.28910206110334,215.34903256074918,207.01835779182306,208.24697875976562,135187300
2026-08-25 00:00:00-04:00,210.79412790131315,214.48998931653267,209.87515802586688,212.81187438964844,122309000
2026-08-26 00:00:00-04:00,212.40232405945306,213.3612577394914,208.99613188036045,209.4256591796875,179900000
2026-08-27 00:00:00-04:00,222.61090164325523,230.21239627098788,220.6530857022795,227.7251739501953,298909800
2026-08-28 00:00:00-04:00,227.10587153371227,229.00374173344596,216.56766062888835,217.3068389892578,195116400
2026-08-31 00:00:00-04:00,218.62536478578363,221.05265670783686,215.96834944345454,220.53323364257812,124702700
2026-09-01 00:00:00-04:00,216.50774446342592,220.1636574397174,214.8595947199138,217.1969757080078,109756200
2026-09-02 00:00:00-04:00,218.5454508199983,227.6952163087265,218.23579974693772,224.1591796875,157104700
2026-09-03 00:00:00-04:00,225.76737972053164,230.14247379152744,224.49879494304554,228.1946563720703,134681600
2026-09-04 00:00:00-04:00,230.83170360414334,234.49759976142684,229.37334400327853,230.10252380371094,135352400
2026-09-08 00:00:00-04:00,232.84944771666764,233.44878317831424,224.59868561283858,225.47769165039062,122965600
2026-09-09 00:00:00-04:00,225.0281992525124,225.92718720955042,223.21024142511232,223.4199981689453,82955500
2026-09-10 00:00:00-04:00,220.52999877929688,220.99000549316406,217.1999969482422,218.36000061035156,105768000
2026-09-11 00:00:00-04:00,221.24000549316406,222.0,218.14999389648438,218.2899932861328,89060100
2026-09-14 00:00:00-04:00,211.24000549316406,212.77000427246094,208.92999267578125,210.9600067138672,132267200
2026-09-15 00:00:00-04:00,213.3800048828125,213.94000244140625,211.16000366210938,212.1699981689453,88059700
2026-09-16 00:00:00-04:00,214.13999938964844,216.75999450683594,212.5,213.89999389648438,96563600
2026-09-17 00:00:00-04:00,218.3800048828125,219.91000366210938,217.14999389648438,219.33999633789062,94191300
2026-09-18 00:00:00-04:00,219.35000610351562,222.72999572753906,218.02999877929688,222.27000427246094,190287400
2026-09-21 00:00:00-04:00,222.94000244140625,228.5,221.55999755859375,227.3800048828125,109806100
2026-09-22 00:00:00-04:00,,,,,93296546
