Date,Open,High,Low,Close,Volume
2021-09-23 00:00:00-04:00,107.97604336882664,107.97604336882664,106.702148647781,107.25601959228516,5484700
2021-09-24 00:00:00-04:00,107.08061836889561,107.5975570314757,106.64675611590401,106.74829864501953,4455900
2021-09-27 00:00:00-04:00,106.80369771835846,107.60680500280944,106.16675736163312,107.21910095214844,5198800
2021-09-28 00:00:00-04:00,105.53903799752136,106.19444444512287,103.24972491845604,103.29588317871094,9792300
2021-09-29 00:00:00-04:00,103.66515956725696,104.1728653702058,102.48357394839505,103.03744506835938,6522400
2021-09-30 00:00:00-04:00,103.78512537952079,104.63438380746481,103.06510162353516,103.06510162353516,6433400
2021-10-01 00:00:00-04:00,103.38821062928692,103.66514615343482,101.81892810648327,102.98204040527344,5315200
2021-10-04 00:00:00-04:00,102.46509558892636,102.86203272742279,100.17578224632223,100.63733673095703,8514500
2021-10-05 00:00:00-04:00,101.35736640118022,101.8650721024011,100.82196151530007,100.85888671875,8039600
2021-10-06 00:00:00-04:00,100.10193918774188,101.0988915251057,99.30806490831857,100.93273162841797,7553600
2021-10-07 00:00:00-04:00,102.46510861716108,103.12051522354464,101.99432101100037,102.30818176269531,7821900
2021-10-08 00:00:00-04:00,102.44665858762956,102.52973503224241,101.08968698350712,101.57893371582031,5143400
2021-10-11 00:00:00-04:00,101.61580731549124,103.12047196004953,101.44964746789654,101.78196716308594,5318500
2021-10-12 00:00:00-04:00,101.9758496573661,102.49278842999776,100.21270813351336,100.80349731445312,9294600
2021-10-13 00:00:00-04:00,100.91425857618766,101.58813113133522,100.5727057684058,101.52351379394531,7845100
2021-10-14 00:00:00-04:00,105.36364986877584,105.9175138033049,102.61278927541798,103.90513610839844,16930500
2021-10-15 00:00:00-04:00,105.95442414381708,106.11135094541723,104.27436645381992,106.02827453613281,11558800
2021-10-18 00:00:00-04:00,104.69901466021665,106.48061520251986,104.69901466021665,106.47138214111328,6773800
2021-10-19 00:00:00-04:00,106.89601706507757,107.98528588575704,106.73908319425223,107.9668197631836,5406100
2021-10-20 00:00:00-04:00,107.89297512649793,108.03144288215248,106.66524553469296,106.70216369628906,8205800
2021-10-21 00:00:00-04:00,106.1667720869486,107.40373481331798,105.7975270643973,107.34835052490234,4640300
2021-10-22 00:00:00-04:00,107.30220641942476,108.14223913267834,105.44676208496094,105.44676208496094,6283000
2021-10-25 00:00:00-04:00,105.6036566968762,105.74212443666326,104.41284540312645,104.90209197998047,6667700
2021-10-26 00:00:00-04:00,106.1021384614284,106.43445822647445,104.9759444846348,105.40057373046875,4852300
2021-10-27 00:00:00-04:00,105.26210859089394,106.21290964776917,104.96671401941074,105.0036392211914,5394500
2021-10-28 00:00:00-04:00,104.92056210788941,107.09909265649637,104.80978650327737,107.0898666381836,5714300
2021-10-29 00:00:00-04:00,105.29904952850744,105.40982515040369,104.51440824100779,104.9574966430664,7118900
2021-11-01 00:00:00-04:00,104.84671988943715,105.54827764512608,104.63440172471378,105.34519958496094,4955700
2021-11-02 00:00:00-04:00,104.85594739607284,105.97291547802206,104.80979617196526,105.33596801757812,4479700
2021-11-03 00:00:00-04:00,104.7174653465468,105.32671349708677,104.06205893854053,105.24363708496094,6073000
2021-11-04 00:00:00-04:00,104.6528619286791,108.78838599110003,103.76667820101747,108.73300170898438,14682800
2021-11-05 00:00:00-04:00,109.08378672176208,110.33921550080765,107.3114191664375,108.74224090576172,8668100
2021-11-08 00:00:00-05:00,109.2868822323989,112.8500838059717,108.04991945914203,111.61312103271484,15776300
2021-11-09 00:00:00-05:00,111.92696734132952,113.79164444069521,110.93000792134573,112.41621398925781,10874100
2021-11-10 00:00:00-05:00,110.40382699848544,111.51156194394585,108.63145953706349,109.1114730834961,9046100
2021-11-11 00:00:00-05:00,110.08996004419392,111.20692087328179,108.74222200968883,109.10223388671875,6994000
2021-11-12 00:00:00-05:00,109.28686151147605,109.68379861802144,108.25297701372104,109.56379699707031,6947200
2021-11-15 00:00:00-05:00,110.14537147461003,110.440766088659,108.47454634915461,109.03764343261719,5157000
2021-11-16 00:00:00-05:00,108.64068999241744,109.27763035194765,108.1514433964152,109.00070190429688,5555100
2021-11-17 00:00:00-05:00,108.9268564945847,110.35767818937276,108.47453507941965,109.90534973144531,6391400
2021-11-18 00:00:00-05:00,110.74538150586193,114.05933924528834,110.58845467512437,113.90241241455078,13229700
2021-11-19 00:00:00-05:00,112.64699205551489,115.20400797287134,112.63775899338458,114.70552825927734,9071800
2021-11-22 00:00:00-05:00,114.00396587853442,118.24103297074073,113.73626341312126,115.15785217285156,16076100
2021-11-23 00:00:00-05:00,113.28392444614653,113.72701277072386,110.32997176366266,112.02849578857422,10984000
2021-11-24 00:00:00-05:00,110.77306795268095,111.5761752307322,109.29609512186427,111.42847442626953,6992600
2021-11-26 00:00:00-05:00,108.46530821217132,109.88689692663685,107.56065828741588,108.08683013916016,6766900
2021-11-29 00:00:00-05:00,109.25917802411183,110.66230055676178,108.83454874393142,110.10843658447266,7634000
2021-11-30 00:00:00-05:00,109.01917026649843,110.9300055933176,106.85909861129531,108.14221954345703,10561800
2021-12-01 00:00:00-05:00,110.05304956619341,114.01318778596688,110.05304956619341,111.35462951660156,12924400
2021-12-02 00:00:00-05:00,111.09615817544055,113.91164322545926,110.79153053866564,112.34235382080078,8425500
2021-12-03 00:00:00-05:00,111.69619243796778,112.48083370356619,108.90840627097636,110.15460205078125,7809000
2021-12-06 00:00:00-05:00,109.74842502769698,110.31152206357642,107.61604555780893,109.97920227050781,5681200
2021-12-07 00:00:00-05:00,111.271555282502,113.15469841278562,111.01308589961725,112.91468811035156,7459200
2021-12-08 00:00:00-05:00,112.27775086291166,112.82238886293521,110.87462821014125,112.43468475341797,5795700
2021-12-09 00:00:00-05:00,111.86233133690872,112.70235673276996,110.30227511818715,110.31150817871094,6103900
2021-12-10 00:00:00-05:00,110.77307036930227,111.50232726103164,109.1483966985791,109.96996307373047,5973900
2021-12-13 00:00:00-05:00,109.72072601517851,109.87765284020081,107.44064587213398,107.46833801269531,5854300
2021-12-14 00:00:00-05:00,106.56370925370771,107.98529801273426,106.38831628337417,107.34835052490234,6267300
2021-12-15 00:00:00-05:00,107.80988005927078,111.24384600053678,107.52371857841908,111.14230346679688,6700700
2021-12-16 00:00:00-05:00,111.54643881074878,111.92648243547396,107.6533465982728,108.05192565917969,9116100
2021-12-17 00:00:00-05:00,107.79240662262048,108.90471686402107,107.45871213582109,107.8202133178711,11725600
2021-12-20 00:00:00-05:00,107.44943880143417,108.09829232294544,105.5863195367261,106.54105377197266,6980800
2021-12-21 00:00:00-05:00,107.58848977916234,108.91399657352882,106.67083340518451,108.85838317871094,6122900
2021-12-22 00:00:00-05:00,108.37635543991462,112.5660714619276,108.29293536416819,112.4363021850586,9300100
2021-12-23 00:00:00-05:00,112.12114897977122,112.89050049810396,111.08298763918143,111.86161041259766,6512500
2021-12-27 00:00:00-05:00,112.36214488571508,114.25307770314791,112.34360237674004,113.73399353027344,6309900
2021-12-28 00:00:00-05:00,114.36432941641802,114.62387509541912,112.96467377497666,113.14078521728516,6321000
2021-12-29 00:00:00-05:00,112.89976254148405,114.15111314362542,112.13041108592415,112.53826141357422,5847700
2021-12-30 00:00:00-05:00,112.15824043680534,112.66805344936756,111.40743133821044,111.62062072753906,4187800
2021-12-31 00:00:00-05:00,112.48266708800936,112.85343955637266,111.43524140638742,111.51866149902344,3888200
2022-01-03 00:00:00-05:00,115.0595179727456,120.1205417114999,114.93901993321437,119.38827514648438,18592000
2022-01-04 00:00:00-05:00,121.30700454530275,125.59868364914301,120.77866319394906,123.65213012695312,25554900
2022-01-05 00:00:00-05:00,121.15870759353328,121.31628358148168,117.60856626950408,117.7754135131836,17891200
2022-01-06 00:00:00-05:00,117.71979004467059,119.57364500600397,115.68981659900398,119.0823745727539,16249000
2022-01-07 00:00:00-05:00,117.30267953233103,117.8495633701807,114.29942930015068,114.47554779052734,21248100
2022-01-10 00:00:00-05:00,115.96788969156678,116.67235650852592,114.2530753847184,115.87519836425781,11857700
2022-01-11 00:00:00-05:00,117.29340726908467,120.08346103778489,116.32940181576875,119.7312240600586,12113100
2022-01-12 00:00:00-05:00,120.96405376868331,123.20721689993555,120.70451516796275,122.56763458251953,16389200
2022-01-13 00:00:00-05:00,130.46504762794297,134.40448956342257,128.76876857964618,129.01904296875,52020000
2022-01-14 00:00:00-05:00,126.14557171841199,133.36634553010828,126.14557171841199,130.3816375732422,28255300
2022-01-18 00:00:00-05:00,126.7573314700805,127.15590349299612,123.55015620193888,124.05070495605469,15191400
2022-01-19 00:00:00-05:00,124.7829686039118,125.96943460661079,121.3718823820998,121.43675994873047,11155100
2022-01-20 00:00:00-05:00,122.2802803305361,123.04963189197447,118.83210872341584,118.9526138305664,11421900
2022-01-21 00:00:00-05:00,117.79394280492068,118.62817892969396,115.1892718446899,115.4302749633789,15573700
2022-01-24 00:00:00-05:00,114.72582465557025,116.8577609404536,111.351808795107,116.75579833984375,17083400
2022-01-25 00:00:00-05:00,116.32012155401561,116.62600930407359,112.80706573531558,113.53007507324219,11370500
2022-01-26 00:00:00-05:00,116.21817953456168,117.41391698299601,112.98320420203711,114.08625030517578,13592100
2022-01-27 00:00:00-05:00,114.93903059486925,115.06879990236976,107.55141596464713,107.87583923339844,18599800
2022-01-28 00:00:00-05:00,110.03557198584981,110.86053696489371,105.84586244301664,109.01595306396484,14005900
2022-01-31 00:00:00-05:00,110.7863904679526,113.79890535360904,110.12827268002142,113.66913604736328,10189100
2022-02-01 00:00:00-05:00,113.91940823129433,114.23456023399916,111.3240080137044,114.0584487915039,6956300
2022-02-02 00:00:00-05:00,117.00605957259422,117.2285201889194,113.594966144061,115.07804870605469,8562900
2022-02-03 00:00:00-05:00,112.57533872098685,114.82777276233018,110.53610110998017,111.0829849243164,9926800
2022-02-04 00:00:00-05:00,111.63916804019748,112.9275969034585,110.66589118232845,112.1767807006836,5743200
2022-02-07 00:00:00-05:00,113.60423707305695,115.03170633370746,112.97392606279435,113.37250518798828,6562900
2022-02-08 00:00:00-05:00,113.0851664550611,114.80925234545553,112.72366525919416,114.67021179199219,7036200
2022-02-09 00:00:00-05:00,115.75470549392047,116.37575230343202,113.78962368870067,116.34793853759766,10979700
2022-02-10 00:00:00-05:00,115.6805569757114,119.25849775786722,115.27270660513538,115.59712982177734,10474900
2022-02-11 00:00:00-05:00,116.32941393502803,117.33049744144515,111.64842672083608,112.16751098632812,9845700
2022-02-14 00:00:00-05:00,111.18495178758612,112.66804145832607,109.37744597522831,111.01810455322266,8081800
2022-02-15 00:00:00-05:00,113.10369405433244,115.50444003347087,112.58461690074394,115.42101287841797,9248700
2022-02-16 00:00:00-05:00,114.14186670636131,115.2078348850977,112.68659062398447,114.56825256347656,5749500
2022-02-17 00:00:00-05:00,113.53933504677421,113.78033815048215,110.90686462989986,111.00882720947266,7976700
2022-02-18 00:00:00-05:00,111.71330203601711,111.87088508967467,109.79456234498291,110.59172058105469,8389000
2022-02-22 00:00:00-05:00,108.91396443453209,110.63804988409836,107.26403487077165,108.36708068847656,9793500
2022-02-23 00:00:00-05:00,109.88724429909162,110.70293785185055,107.30111604681827,107.4308853149414,8114700
2022-02-24 00:00:00-05:00,100.10817456093304,103.79734929064608,96.7526943121748,103.70465087890625,27539100
2022-02-25 00:00:00-05:00,104.08468315805598,104.74280079228272,101.36878547410593,103.10214233398438,14258900
2022-02-28 00:00:00-05:00,101.3780630734093,101.74882841535347,97.32738735841933,99.19051361083984,26390800
2022-03-01 00:00:00-05:00,101.96201613717517,102.9909061384928,99.22758307861801,100.15451049804688,20377900
2022-03-02 00:00:00-05:00,100.47893591907952,101.93421171712973,99.97839425280876,101.60051727294922,13342400
2022-03-03 00:00:00-05:00,101.87860784789112,101.96202793077904,99.7374004524556,100.84044647216797,10841700
2022-03-04 00:00:00-05:00,99.18122935067213,100.21939055891639,96.22432875468786,97.38298797607422,22372100
2022-03-07 00:00:00-05:00,95.74234765774028,96.48388545591638,91.82144100265995,92.03463745117188,29422900
2022-03-08 00:00:00-05:00,92.88740294775926,95.57549408381806,91.41359163279645,92.6927490234375,25650000
2022-03-09 00:00:00-05:00,96.87320069129748,97.99478218350349,95.2510774710837,97.28104400634766,14348400
2022-03-10 00:00:00-05:00,96.57659980400243,97.81867953363934,95.02862516269907,96.3634033203125,11811000
2022-03-11 00:00:00-05:00,97.66107837398712,97.66107837398712,93.89775512540065,93.99971771240234,18116400
2022-03-14 00:00:00-04:00,94.10166475540127,94.4168237428219,91.8306954971395,92.04389190673828,17959400
2022-03-15 00:00:00-04:00,90.86671160298707,94.67638460920348,90.48667496392778,94.63003540039062,13415600
2022-03-16 00:00:00-04:00,95.92467435768087,98.53259150023348,95.7570224398596,98.439453125,20347100
2022-03-17 00:00:00-04:00,98.495322634413,99.22181182042996,97.5639247844422,99.18455505371094,8042000
2022-03-18 00:00:00-04:00,98.45806699384318,99.69682785391352,97.69432103237156,99.3987808227539,10218200
2022-03-21 00:00:00-04:00,99.39878338510287,99.86448232741988,97.91785705341378,99.5850601196289,10366100
2022-03-22 00:00:00-04:00,99.09141311825726,100.55370740576434,98.94239316275409,99.69682312011719,10401200
2022-03-23 00:00:00-04:00,99.19386585083683,100.76793040915081,98.12275695800781,98.12275695800781,12905300
2022-03-24 00:00:00-04:00,99.45469379400224,100.57237584293105,98.56986838968709,100.51648712158203,10834000
2022-03-25 00:00:00-04:00,100.30223740265988,100.57234363366344,98.57914568398193,99.40809631347656,7432100
2022-03-28 00:00:00-04:00,98.3742460814269,99.39878232237001,97.43353223832375,99.03553771972656,8151200
2022-03-29 00:00:00-04:00,100.5164726916381,102.23024874490109,99.46399548637534,101.75523376464844,14076200
2022-03-30 00:00:00-04:00,100.39537576707448,101.83903818050518,99.20318764816341,99.40809631347656,15456300
2022-03-31 00:00:00-04:00,99.62231535267397,99.79928322194819,97.04234637863281,97.1075439453125,13021600
2022-04-01 00:00:00-04:00,98.51395758973378,98.68160950419934,95.19818317697312,95.73839569091797,12085100
2022-04-04 00:00:00-04:00,96.88401585692891,98.32768558478024,96.19478333355602,97.6011962890625,9077200
2022-04-05 00:00:00-04:00,97.31245557281086,97.42421877280206,95.1050399949581,95.4682846069336,12291000
2022-04-06 00:00:00-04:00,93.53097381421684,95.13297931180063,92.87899813775921,94.23883819580078,14902600
2022-04-07 00:00:00-04:00,93.5309842420369,94.2854214443384,92.81381091797547,93.6241226196289,12431000
2022-04-08 00:00:00-04:00,93.71726903733415,93.79177547654876,92.3201720415206,92.47850799560547,11796200
2022-04-11 00:00:00-04:00,91.48189775424608,91.63091771478359,90.26176884746364,90.8764877319336,12480500
2022-04-12 00:00:00-04:00,93.13977764512292,93.27948873279082,90.75540161132812,90.75540161132812,13291500
2022-04-13 00:00:00-04:00,92.95350701203387,95.20748807303148,92.67408481842192,94.53688049316406,15776800
2022-04-14 00:00:00-04:00,96.86538865776798,97.33108764169955,91.58436388542451,91.6123046875,17828500
2022-04-18 00:00:00-04:00,91.23041755216036,92.99075893922613,90.78335055868429,91.9941635131836,10277400
2022-04-19 00:00:00-04:00,91.68681849564815,92.62752532958984,91.00689485049969,92.62752532958984,10103000
2022-04-20 00:00:00-04:00,93.5123395026969,94.07117675529047,92.1152428182124,92.21769714355469,8596900
2022-04-21 00:00:00-04:00,92.90692986644575,93.74518930147859,90.7274624413616,90.96031188964844,13038500
2022-04-22 00:00:00-04:00,90.37354336267116,91.08140780540474,88.81811046732454,89.11615753173828,11650100
2022-04-25 00:00:00-04:00,88.52937477134951,89.67499022883845,87.97053033686478,89.63773345947266,10654400
2022-04-26 00:00:00-04:00,88.42691574908318,88.5014221778668,86.40577697753906,86.40577697753906,14176000
2022-04-27 00:00:00-04:00,85.53958121229695,86.33127512586286,84.03072113590545,84.06797790527344,15846300
2022-04-28 00:00:00-04:00,85.83763079580775,89.60047192354946,85.48369505866245,88.68770599365234,15176200
2022-04-29 00:00:00-04:00,86.78765905187409,89.0323243590066,86.405782491232,86.5548095703125,10629300
2022-05-02 00:00:00-04:00,86.15430983071386,87.80288106515782,84.98074643144726,87.32787322998047,8251900
2022-05-03 00:00:00-04:00,86.41510027662477,87.59797964718305,86.16362595789325,87.206787109375,9511900
2022-05-04 00:00:00-04:00,87.46757460154242,89.47939024165564,85.61408778285288,89.40487670898438,9082500
2022-05-05 00:00:00-04:00,87.58864936697528,87.90532120593355,84.96210787314004,85.82830810546875,11517200
2022-05-06 00:00:00-04:00,85.12976136462134,86.5082261458324,84.07727729012768,85.34397888183594,7944900
2022-05-09 00:00:00-04:00,83.76993277214903,84.00278225652258,81.04093653105093,81.31104278564453,11428600
2022-05-10 00:00:00-04:00,83.84443549740527,84.09591690876476,82.04683727332505,82.72676086425781,11690400
2022-05-11 00:00:00-04:00,82.77334226626174,84.35671601330331,81.77674669714675,81.8046875,11531300
2022-05-12 00:00:00-04:00,80.30512230764639,82.15860200585352,79.53206040072529,81.67427825927734,11592900
2022-05-13 00:00:00-04:00,82.77333716809251,85.09251604010569,82.11204548595231,84.71995544433594,11180600
2022-05-16 00:00:00-04:00,83.70473166023648,85.10182850738362,83.36011187977945,84.20768737792969,6729100
2022-05-17 00:00:00-04:00,86.89942784178155,87.07638861259274,86.03322750127754,86.91805267333984,7668800
2022-05-18 00:00:00-04:00,85.75380399081658,86.83422896093579,84.1704304101958,84.31945037841797,9610900
2022-05-19 00:00:00-04:00,83.6767882819505,85.7817496352309,83.41599799333216,84.02140808105469,7739000
2022-05-20 00:00:00-04:00,86.65726854446117,86.65726854446117,82.73608391800877,84.55230712890625,10469900
2022-05-23 00:00:00-04:00,84.77582631111552,85.60477690708116,84.43121366612003,85.222900390625,6920500
2022-05-24 00:00:00-04:00,83.37875065408814,83.63954807820907,82.44735260023727,82.63363647460938,8788600
2022-05-25 00:00:00-04:00,83.20177594254325,84.68269518963825,82.93166969937457,84.20768737792969,9113500
2022-05-26 00:00:00-04:00,83.27628301628506,85.10182190214663,82.93166326257594,84.7572021484375,9762700
2022-05-27 00:00:00-04:00,86.2660716168355,87.38374619691821,86.18224211502837,87.33717346191406,6279000
2022-05-31 00:00:00-04:00,88.9857481466869,89.6842965083205,88.0264095336703,88.76221466064453,9621700
2022-06-01 00:00:00-04:00,89.04164104612721,89.74950546546444,87.3930698300154,88.24995422363281,6152400
2022-06-02 00:00:00-04:00,87.54208195171843,89.75881338306337,87.19746929498116,89.73086547851562,6335000
2022-06-03 00:00:00-04:00,87.88670188975593,88.09161055417148,86.52686187845468,87.33717346191406,9137100
2022-06-06 00:00:00-04:00,88.4827993248834,88.98575503692402,86.49892438239145,86.72245788574219,9440200
2022-06-07 00:00:00-04:00,86.3126479799688,87.42101383569212,85.47438838765716,87.40238189697266,7360200
2022-06-08 00:00:00-04:00,87.55140956469926,88.41760996484543,86.75040673849946,87.05776977539062,6446300
2022-06-09 00:00:00-04:00,86.62000727080891,87.08570623463046,84.57093467239498,84.61750030517578,8086700
2022-06-10 00:00:00-04:00,84.32877535154664,84.49642727494943,82.54980176955023,82.59637451171875,10460400
2022-06-13 00:00:00-04:00,80.15609143519592,80.87327171197722,79.1874368820635,79.68108367919922,14603700
2022-06-14 00:00:00-04:00,80.78945431512693,81.85124738496218,80.37032808977173,81.20858764648438,10449600
2022-06-15 00:00:00-04:00,81.50662770431028,83.64883849205941,81.37623257401258,83.01548767089844,11742500
2022-06-16 00:00:00-04:00,79.79179991179268,80.45657466037642,78.64014325441826,79.13638305664062,10505200
2022-06-17 00:00:00-04:00,79.5858154296875,80.14759622756391,78.60269367583096,79.5858154296875,9735500
2022-06-21 00:00:00-04:00,80.52211260969175,82.16064397093548,80.52211260969175,81.4115982055664,9604000
2022-06-22 00:00:00-04:00,79.24875798385193,80.6906667826422,79.16449406546396,79.5015640258789,7868700
2022-06-23 00:00:00-04:00,78.77122160150066,78.86485767898445,77.48849020375815,78.7618637084961,10370300
2022-06-24 00:00:00-04:00,78.78993539606147,81.03706506624091,78.78993539606147,80.44718933105469,10670100
2022-06-27 00:00:00-04:00,81.3835166324666,81.45842264357364,80.12887309186044,80.39103698730469,7358000
2022-06-28 00:00:00-04:00,80.66257205983996,81.28052883993446,78.96785736083984,78.96785736083984,8289200
2022-06-29 00:00:00-04:00,79.05212362235368,79.22065857823884,78.02219095569122,78.32180786132812,7981300
2022-06-30 00:00:00-04:00,76.27128727202921,76.98287997901758,75.0166439283098,76.54281616210938,14201600
2022-07-01 00:00:00-04:00,74.005435205578,74.173970134315,71.32760641755092,72.09537506103516,19531700
2022-07-05 00:00:00-04:00,69.80146074734556,71.29954560469477,69.04304970750621,71.26209259033203,22253100
2022-07-06 00:00:00-04:00,69.55800585024465,71.43997837182125,69.08048894166508,70.74710845947266,11530500
2022-07-07 00:00:00-04:00,73.59346826379307,75.80314553341317,73.35002730536232,75.51289367675781,15847800
2022-07-08 00:00:00-04:00,74.82939614374884,76.92672174750841,74.67959125401225,76.31812286376953,10004200
2022-07-11 00:00:00-04:00,74.68896367331543,75.15711565285928,73.79947776955503,74.07100677490234,9519600
2022-07-12 00:00:00-04:00,75.99041313505705,76.29003003889584,73.90245270208997,74.0616226196289,10363700
2022-07-13 00:00:00-04:00,74.230156759894,76.51474009123744,73.87436392281198,76.11212921142578,14706500
2022-07-14 00:00:00-04:00,77.6663981391266,78.68697300604576,75.38182170152469,78.34053802490234,23377000
2022-07-15 00:00:00-04:00,80.12887116962494,80.55957000801267,78.6214216635528,80.1756820678711,14061000
2022-07-18 00:00:00-04:00,80.57830072794108,80.59703080379431,78.05964842643127,78.25627136230469,11352500
2022-07-19 00:00:00-04:00,79.58580890133798,80.96217638646283,79.17383301642175,80.66255950927734,10673100
2022-07-20 00:00:00-04:00,79.75435119135766,81.22434774668434,79.68881021666527,81.04644775390625,11664800
2022-07-21 00:00:00-04:00,81.15881468531329,82.20747752607086,80.89665076098169,82.19811248779297,7135000
2022-07-22 00:00:00-04:00,81.84231399611502,82.14193090957154,80.334864391197,80.82173919677734,8612100
2022-07-25 00:00:00-04:00,80.80301666259766,81.17753244868842,80.1756877196911,80.80301666259766,5960900
2022-07-26 00:00:00-04:00,79.36109443332263,79.77306315614204,78.50905473602226,79.0427474975586,6977700
2022-07-27 00:00:00-04:00,79.87606225148623,82.30109242430242,79.87606225148623,82.04828643798828,9399500
2022-07-28 00:00:00-04:00,81.58014106090734,82.97523875568068,80.94345424159812,82.96587371826172,10668200
2022-07-29 00:00:00-04:00,82.22619048826604,83.52765205725922,82.19810252026956,82.84415435791016,10366200
2022-08-01 00:00:00-04:00,79.86671624387961,81.35543584298755,78.93041245271306,80.8123779296875,20102600
2022-08-02 00:00:00-04:00,79.13638849475525,81.93594180410686,78.80868361637496,80.56893920898438,15541600
2022-08-03 00:00:00-04:00,80.484656324054,81.24305995156773,79.17382985984258,80.99962615966797,20779400
2022-08-04 00:00:00-04:00,81.45841444922104,82.7879638671875,81.10262164739935,82.7879638671875,13472500
2022-08-05 00:00:00-04:00,82.42281264534017,85.18491281547708,82.40408971465912,84.0519790649414,13293500
2022-08-08 00:00:00-04:00,83.31230342371548,83.42465529194801,81.3741551189733,82.33854675292969,12120300
2022-08-09 00:00:00-04:00,81.40224878580892,81.58950667492832,79.06148945466356,79.78244018554688,13075000
2022-08-10 00:00:00-04:00,81.2805159941046,83.02204132080078,80.81236417818477,83.02204132080078,10704600
2022-08-11 00:00:00-04:00,84.22987751308762,85.20363418960903,83.62127869733295,83.81790161132812,11158800
2022-08-12 00:00:00-04:00,83.9677319406374,85.5313577001621,83.93027892836098,85.07257080078125,12098800
2022-08-15 00:00:00-04:00,84.27670362217974,86.08377016867131,84.26733858439863,85.73733520507812,15949500
2022-08-16 00:00:00-04:00,85.33473150572428,85.531354455142,82.92843091985301,84.22052764892578,10566100
2022-08-17 00:00:00-04:00,83.33103738728468,84.05198816314366,82.84416255914277,83.51829528808594,9093100
2022-08-18 00:00:00-04:00,83.05950397822816,83.95835471206622,82.78797503622022,83.58383178710938,10947700
2022-08-19 00:00:00-04:00,82.86286552194247,82.94712941396618,81.47713310230844,81.64566802978516,9602800
2022-08-22 00:00:00-04:00,79.9697010420292,80.55020475404342,79.52963716780539,79.8105239868164,8054000
2022-08-23 00:00:00-04:00,79.73562936910771,81.08390188773716,79.57645230541465,80.55020904541016,8462500
2022-08-24 00:00:00-04:00,80.33486360932596,80.64383841398005,79.77307565156082,80.11014556884766,7085800
2022-08-25 00:00:00-04:00,80.83110418938084,82.01084176727889,80.53148727609123,81.99211883544922,6602100
2022-08-26 00:00:00-04:00,81.92656126865833,82.1980901575031,79.2580975588793,79.34236145019531,9381500
2022-08-29 00:00:00-04:00,78.56524833333646,78.94912914277646,77.50722056118256,77.57276153564453,9639700
2022-08-30 00:00:00-04:00,78.44352499194312,78.63079002313128,76.52410664042053,77.51658630371094,8392300
2022-08-31 00:00:00-04:00,78.75251699481063,79.46410991735563,77.76939509993356,78.04092407226562,8887100
2022-09-01 00:00:00-04:00,76.26195743818845,76.61775752763187,75.0166785554342,76.43985748291016,11566000
2022-09-02 00:00:00-04:00,76.35556227634962,77.69447672479849,75.47543459678151,75.74696350097656,8850100
2022-09-06 00:00:00-04:00,75.8686997845901,75.8686997845901,74.4548789716367,74.9323959350586,12704400
2022-09-07 00:00:00-04:00,73.39684384689087,75.07282826717014,73.2470389748316,74.85747528076172,9843500
2022-09-08 00:00:00-04:00,73.97735590376442,75.59715727305793,73.75263787684875,75.1290054321289,8181700
2022-09-09 00:00:00-04:00,75.68142805094757,76.45856181856041,75.59715700529513,76.33683776855469,7084700
2022-09-12 00:00:00-04:00,76.74881581646139,77.2450556369987,76.55219289568795,76.91735076904297,7903000
2022-09-13 00:00:00-04:00,75.29752642943758,75.97166609841928,73.51854833483121,73.79007720947266,12835100
2022-09-14 00:00:00-04:00,74.66083634824378,75.05408923280915,73.94925085764241,74.5859375,8849600
2022-09-15 00:00:00-04:00,73.99085367346476,74.6217233009115,73.13399510593489,73.42589569091797,10533100
2022-09-16 00:00:00-04:00,72.6067022774259,73.44472484518373,72.42779616166955,73.34114837646484,10604500
2022-09-19 00:00:00-04:00,72.0794288169647,73.66131591796875,72.0794288169647,73.66131591796875,10378600
2022-09-20 00:00:00-04:00,73.01159201594531,73.85903260719297,72.98334519354218,73.58596801757812,8202800
2022-09-21 00:00:00-04:00,73.04924693032939,74.6782090611195,72.63494110107422,72.63494110107422,10869000
2022-09-22 00:00:00-04:00,71.98526113651452,72.26774379033539,70.95892138304112,71.21315002441406,10817900
2022-09-23 00:00:00-04:00,69.96081900905585,70.04555948345742,68.82147772733835,69.5559310913086,12685500
2022-09-26 00:00:00-04:00,69.17928952473866,69.85724205063505,68.66140712750357,68.74615478515625,13441500
2022-09-27 00:00:00-04:00,69.21694719997073,69.71599354001376,68.12468886914932,68.76497650146484,12430600
2022-09-28 00:00:00-04:00,66.95710604704402,68.06819316406056,66.57104700544788,67.91753387451172,12943600
2022-09-29 00:00:00-04:00,66.40156679850493,66.55222610598246,64.48071091498487,65.2339859008789,16120300
2022-09-30 00:00:00-04:00,63.84983096729401,65.58237700062473,63.78391931940719,64.5560302734375,10472400
2022-10-03 00:00:00-04:00,64.10407258835974,65.50705332641274,63.69918466188158,65.20574188232422,11945100
2022-10-04 00:00:00-04:00,66.66522913784752,68.67083293504352,66.5898994744461,68.5578384399414,14900700
2022-10-05 00:00:00-04:00,68.6613955141999,70.53518264629773,68.34125531102542,70.13029479980469,14037100
2022-10-06 00:00:00-04:00,69.65009132711381,70.54460765959466,69.54651484434257,70.00789642333984,11796800
2022-10-07 00:00:00-04:00,67.61622053287309,67.82337345812456,65.67652893066406,65.67652893066406,14758600
2022-10-10 00:00:00-04:00,65.77069982267203,65.79894664803041,63.096561659217436,63.50144958496094,16042200
2022-10-11 00:00:00-04:00,60.45066448204408,61.11920622161124,58.962939645450724,59.744468688964844,28699300
2022-10-12 00:00:00-04:00,59.88569966662207,60.478911680863966,59.66913231064281,60.36591720581055,16468700
2022-10-13 00:00:00-04:00,59.37724524485936,66.10025918505016,58.68046027519488,62.729339599609375,36639300
2022-10-14 00:00:00-04:00,63.33196040859328,63.51085936086796,60.05519222805272,60.187015533447266,19440900
2022-10-17 00:00:00-04:00,61.18512761913356,61.533514773551246,60.300021950181616,61.100379943847656,11280100
2022-10-18 00:00:00-04:00,62.05138512825563,62.249120086760556,59.11359320797244,59.989280700683594,16656100
2022-10-19 00:00:00-04:00,59.07592648303944,60.36591618684342,58.539211715383914,59.942195892333984,12385200
2022-10-20 00:00:00-04:00,60.02695247336132,61.46759818330884,59.678561754938706,59.86688232421875,11300900
2022-10-21 00:00:00-04:00,58.397977179028864,60.055190030647914,58.397977179028864,60.02694320678711,13699000
2022-10-24 00:00:00-04:00,57.04207871067183,58.021339105048526,56.19463803178112,57.71061325073242,25010800
2022-10-25 00:00:00-04:00,56.45828674939561,57.77652705634271,56.03456639416863,57.569374084472656,21700600
2022-10-26 00:00:00-04:00,57.30572053517257,58.36031049814676,56.90083264376083,57.286888122558594,14006000
2022-10-27 00:00:00-04:00,58.23790567263393,58.80286731469749,57.35280376955807,57.39046859741211,12937600
2022-10-28 00:00:00-04:00,57.22098032349614,58.407393662660084,56.56186020533143,58.3885612487793,11972300
2022-10-31 00:00:00-04:00,57.99308627222863,58.633373920637474,57.50345432980332,57.955421447753906,10802800
2022-11-01 00:00:00-04:00,59.56556016499601,59.725633886992675,57.98367691040039,57.98367691040039,11561900
2022-11-02 00:00:00-04:00,58.84993843348437,59.21716147460288,56.985572814941406,56.985572814941406,16547200
2022-11-03 00:00:00-04:00,56.49594735869546,57.333970003142944,55.9592361461411,56.75959396362305,11040900
2022-11-04 00:00:00-04:00,57.91776337815556,58.84994813709001,57.456381796233615,58.83111572265625,14662800
2022-11-07 00:00:00-05:00,58.96294139506849,59.254838442617654,58.35090406506117,59.094764709472656,8507100
2022-11-08 00:00:00-05:00,60.61073701928592,61.910141198955536,60.46949571666658,61.22277069091797,14102800
2022-11-09 00:00:00-05:00,62.644586815158476,62.71049846463855,61.156858516801506,61.203941345214844,15086800
2022-11-10 00:00:00-05:00,63.783917612787256,66.73112723588814,63.3884477360476,66.70287322998047,21367900
2022-11-11 00:00:00-05:00,68.4919104771113,70.24328522323327,68.15293425632444,69.51825714111328,15524700
2022-11-14 00:00:00-05:00,68.96271484934184,69.37702074481926,68.0211157660429,68.54841613769531,11575300
2022-11-15 00:00:00-05:00,77.13578867632722,78.08680568175052,75.33733831444763,75.76105499267578,48742400
2022-11-16 00:00:00-05:00,75.85522661470776,75.86464461785307,74.29217573266776,74.81005096435547,24006600
2022-11-17 00:00:00-05:00,74.66881771530745,78.09623814973158,74.09444164181805,76.72150421142578,24278400
2022-11-18 00:00:00-05:00,77.94556479598064,78.0020584376807,76.26951970979552,77.46534729003906,18578400
2022-11-21 00:00:00-05:00,76.0906286310045,76.29778160326826,74.82888915824421,75.26202392578125,18659700
2022-11-22 00:00:00-05:00,76.59909906372883,78.33164545354305,76.48611174914969,77.7196044921875,16504700
2022-11-23 00:00:00-05:00,77.62543697047265,78.10564736922679,76.95690242961066,77.1828842163086,14683800
2022-11-25 00:00:00-05:00,77.34295292319742,77.55952388667048,76.64617156982422,76.64617156982422,5908300
2022-11-28 00:00:00-05:00,75.5821500002187,76.34485008966456,74.28274594179413,74.59347534179688,13214200
2022-11-29 00:00:00-05:00,75.24318884300266,75.52566426763612,74.34866537208545,74.69705963134766,11502300
2022-11-30 00:00:00-05:00,75.92113967241734,78.5576202629793,75.77048753846529,78.13390350341797,21667300
2022-12-01 00:00:00-05:00,78.19038614555933,78.74592613803912,76.40134650986919,77.85140991210938,15975100
2022-12-02 00:00:00-05:00,77.03223466398937,77.36180015848207,76.41078287586312,76.74034118652344,10519800
2022-12-05 00:00:00-05:00,77.15463632953262,77.38061811312171,76.22244800254383,76.85332489013672,11523300
2022-12-06 00:00:00-05:00,76.64615822025307,76.68382304142006,74.53697852171308,74.91361236572266,13992100
2022-12-07 00:00:00-05:00,74.3863457519609,75.05488040235532,74.00028658526169,74.6123275756836,14925300
2022-12-08 00:00:00-05:00,74.81004279141379,76.24127739221575,74.48048455564714,76.08120727539062,11197500
2022-12-09 00:00:00-05:00,76.12829037409205,77.39003697952424,75.9776382446289,75.9776382446289,13787900
2022-12-12 00:00:00-05:00,75.13021087008393,75.73283386230469,74.1980295514663,75.73283386230469,11516600
2022-12-13 00:00:00-05:00,77.29586469600271,77.29586469600271,74.97953183124021,75.80814361572266,16938000
2022-12-14 00:00:00-05:00,76.1000304209134,76.74973602571164,74.8759488549692,75.34674835205078,17910000
2022-12-15 00:00:00-05:00,75.00681085815836,75.00681085815836,73.28338737060089,73.49171447753906,17080200
2022-12-16 00:00:00-05:00,73.4917123290509,73.9178306902039,72.18494309357241,72.25122833251953,11929100
2022-12-19 00:00:00-05:00,72.83832356083994,73.02771511682458,71.73988143432561,72.06183624267578,12561300
2022-12-20 00:00:00-05:00,71.12436802076992,72.15652485804121,70.9255123151823,71.60730743408203,12080600
2022-12-21 00:00:00-05:00,71.83458413902201,73.31180236968177,71.74935612018768,73.04666137695312,10806100
2022-12-22 00:00:00-05:00,72.23229852685613,72.37434041424679,70.09222050394145,71.28536224365234,13019700
2022-12-23 00:00:00-05:00,70.91604614257812,71.35163589509341,70.23425097358053,70.91604614257812,7452600
2022-12-27 00:00:00-05:00,70.3857607513752,70.77400078846374,70.22478335122992,70.37628936767578,8974800
2022-12-28 00:00:00-05:00,70.25320144156619,70.5940990634269,68.9748317473135,69.18315887451172,10275700
2022-12-29 00:00:00-05:00,70.40469426170871,72.0050185069091,70.21530994048149,71.9671401977539,11142500
2022-12-30 00:00:00-05:00,70.34790047582824,70.61304149099294,69.7418618055801,70.53728485107422,7784100
2023-01-03 00:00:00-05:00,71.82510813681826,71.93874307977623,69.85547913951176,70.1016845703125,9276200
2023-01-04 00:00:00-05:00,71.01074521094564,72.54478449025795,70.51834155468183,72.27017211914062,12316400
2023-01-05 00:00:00-05:00,71.96714877358974,72.38380299939799,71.34216743487738,71.71147918701172,10039200
2023-01-06 00:00:00-05:00,72.44061014243329,74.56174493941644,72.10918395924044,73.92729949951172,13744100
2023-01-09 00:00:00-05:00,76.28516540753013,76.91014666447431,75.81169738543862,76.04843139648438,22247600
2023-01-10 00:00:00-05:00,76.23783038092235,77.25105175810747,76.19048068427236,76.9574966430664,10269000
2023-01-11 00:00:00-05:00,77.24158920182074,77.5446085111844,76.35146681982424,77.44044494628906,11771400
2023-01-12 00:00:00-05:00,80.4517025611251,84.11634843252149,79.94035612154302,82.38345336914062,36086800
2023-01-13 00:00:00-05:00,80.87782059964134,82.47813779153539,80.39488113692146,82.19406127929688,18719900
2023-01-17 00:00:00-05:00,81.64483522237985,84.96858309973346,81.58802136578302,84.2678451538086,21850000
2023-01-18 00:00:00-05:00,85.67877373007217,86.37950435759582,84.6182027934984,84.72236633300781,19209800
2023-01-19 00:00:00-05:00,84.30571936054072,85.23371991220695,83.57658174637723,83.70915222167969,13651100
2023-01-20 00:00:00-05:00,85.22425709995504,86.19960021972656,84.46670525813552,86.19960021972656,14287200
2023-01-23 00:00:00-05:00,86.8908705934385,90.65020858704243,86.85299227724639,90.58392333984375,22875100
2023-01-24 00:00:00-05:00,90.70702450338536,92.79975275468269,86.6920168152405,89.54228973388672,11370500
2023-01-25 00:00:00-05:00,87.76204011869646,88.06505938890211,86.2848220795126,87.5063705444336,14147300
2023-01-26 00:00:00-05:00,88.90783463821202,89.27713915913301,87.72416444947818,88.49118041992188,15759400
2023-01-27 00:00:00-05:00,87.89461905003607,89.12563901743334,87.3453943123019,88.34915161132812,13646600
2023-01-30 00:00:00-05:00,87.92301517665197,89.24872715758964,87.66734560921962,88.18815612792969,14079800
2023-01-31 00:00:00-05:00,86.17119207207783,87.83780176579633,85.22425589546158,87.80939483642578,13342100
2023-02-01 00:00:00-05:00,88.06507098985075,90.68808121580011,87.65788811457158,89.71273803710938,16788500
2023-02-02 00:00:00-05:00,91.4740202421471,92.32626412513501,90.75434682711858,91.52136993408203,14925300
2023-02-03 00:00:00-05:00,89.99681128044845,91.80545554440867,89.30554472199756,89.63697814941406,12242200
2023-02-06 00:00:00-05:00,86.92873876322709,87.16547279338343,85.92498156267072,86.95714569091797,12425200
2023-02-07 00:00:00-05:00,86.9097894928475,89.67484102431234,86.81509733277927,89.53280639648438,15258900
2023-02-08 00:00:00-05:00,89.97787616347104,90.84906297379743,89.22980290962064,89.27714538574219,12899700
2023-02-09 00:00:00-05:00,90.90586168521162,93.33948706842752,90.54602858354522,91.55924987792969,16997400
2023-02-10 00:00:00-05:00,90.8585207603826,91.37933853303315,89.24873219418005,90.3093032836914,11511400
2023-02-13 00:00:00-05:00,90.4039865258435,91.27516596447009,89.87370464573144,91.01002502441406,7803500
2023-02-14 00:00:00-05:00,90.73542094028359,93.73720677993349,90.1672606993496,92.7618637084961,15345100
2023-02-15 00:00:00-05:00,87.43063142787993,88.70899400427254,85.95340586834669,87.83781433105469,30208300
2023-02-16 00:00:00-05:00,86.15225330163902,86.91926926412371,85.11061776672229,86.00074005126953,15568400
2023-02-17 00:00:00-05:00,85.19584011964434,85.50833075937166,84.22049711493388,85.31893920898438,11235300
2023-02-21 00:00:00-05:00,83.69022514233575,84.67503973244202,82.83798827693357,82.98949432373047,14007600
2023-02-22 00:00:00-05:00,83.09365272697909,83.41560757175549,82.06149572214305,82.22247314453125,10106400
2023-02-23 00:00:00-05:00,85.50833014340866,87.10864719149689,84.71290008660985,85.30000305175781,15468300
2023-02-24 00:00:00-05:00,83.41561991028729,83.47244100419081,82.61072545473931,83.43456268310547,8817600
2023-02-27 00:00:00-05:00,83.99323878649341,84.13528066264857,82.6107127893197,82.66753387451172,10609400
2023-02-28 00:00:00-05:00,82.51600752512432,83.47241496668192,82.28874489405328,82.44972229003906,7520400
2023-03-01 00:00:00-05:00,84.31519136280133,85.26212746450679,83.5860465187406,83.72808837890625,8176700
2023-03-02 00:00:00-05:00,82.98948441433208,84.59927299515242,82.49708079034984,84.30572509765625,9761600
2023-03-03 00:00:00-05:00,83.96481962535384,85.08220447736625,83.2167392628198,85.025390625,10844000
2023-03-06 00:00:00-05:00,85.30002148276427,86.48369182785852,84.7602680943833,84.82655334472656,9960000
2023-03-07 00:00:00-05:00,85.17691285461433,85.45152523424392,83.61447382071015,84.13528442382812,8761100
2023-03-08 00:00:00-05:00,83.66181083234204,86.01967991948914,83.46295509964769,86.01021575927734,8813000
2023-03-09 00:00:00-05:00,84.94965515705252,85.87765591587397,83.87014834601469,84.1636962890625,10354700
2023-03-10 00:00:00-05:00,83.35878725599679,84.43829387773287,82.5728285258321,82.62017822265625,11928800
2023-03-13 00:00:00-04:00,81.79634137825764,84.27731667214046,81.73005613727275,83.08417510986328,11847600
2023-03-14 00:00:00-04:00,83.35879918780054,84.87389578389882,83.0557798685809,84.55194091796875,11100100
2023-03-15 00:00:00-04:00,82.57284100537039,82.61071932364452,80.90623834861171,82.09937286376953,12171500
2023-03-16 00:00:00-04:00,81.81285390174367,85.16342522811355,81.68911397528483,85.0016098022461,13184600
2023-03-17 00:00:00-04:00,84.77315322502486,85.69646407574687,84.71604360940366,85.16342163085938,13287700
2023-03-20 00:00:00-04:00,84.91592821279423,86.0200957804341,84.39240649681996,85.70597839355469,8217500
2023-03-21 00:00:00-04:00,86.61976334855363,88.5234944111592,86.42939314715615,88.04756164550781,12299700
2023-03-22 00:00:00-04:00,88.99943570324243,90.45578894371378,88.08564557710665,88.16179656982422,12812400
2023-03-23 00:00:00-04:00,89.94178692942046,91.2077700388383,88.93281162286793,90.03697204589844,11169700
2023-03-24 00:00:00-04:00,89.42776869940052,89.64670097903938,87.65729813243605,88.3236083984375,7653700
2023-03-27 00:00:00-04:00,87.60971454953393,87.7429751584236,86.19143677654618,86.296142578125,9349800
2023-03-28 00:00:00-04:00,86.29615264357014,86.49604358021959,85.59176675767087,86.43892669677734,7521300
2023-03-29 00:00:00-04:00,87.34319355974304,88.73291652904747,87.04811027172408,88.29505920410156,9264000
2023-03-30 00:00:00-04:00,88.85665155772627,89.01846696544277,87.6001892668156,88.01901245117188,10232800
2023-03-31 00:00:00-04:00,86.84822925520115,88.77100214273577,86.74352344141661,88.54254913330078,8701800
2023-04-03 00:00:00-04:00,88.5330308793213,89.09462815704903,87.29560256321493,88.37120819091797,6863600
2023-04-04 00:00:00-04:00,88.56157754128823,88.79002325509757,87.30511522209943,87.73345184326172,6338400
2023-04-05 00:00:00-04:00,87.19088969302129,87.74297349777733,84.76363670947676,85.8582763671875,9171800
2023-04-06 00:00:00-04:00,85.3442781146239,86.53411018339465,85.09679101091517,85.89635467529297,5874500
2023-04-10 00:00:00-04:00,84.1639589671556,84.74459759419416,82.30782385590679,84.73507690429688,12232900
2023-04-11 00:00:00-04:00,84.37336301004085,85.51559878195133,84.2115476070825,84.9444808959961,11079200
2023-04-12 00:00:00-04:00,84.63036702159926,85.19196419357601,82.67903979721855,82.68856048583984,11299100
2023-04-13 00:00:00-04:00,82.3934820664827,83.41197794394577,81.83188486158011,82.85990142822266,7910500
2023-04-14 00:00:00-04:00,83.71656942678676,84.11635846369899,82.37444282235116,83.00267028808594,7656400
2023-04-17 00:00:00-04:00,83.5262006065191,83.81176317157541,82.96460342730812,83.75464630126953,8163600
2023-04-18 00:00:00-04:00,83.95454003000063,84.14491750052638,83.28823703855537,83.89743041992188,8468200
2023-04-19 00:00:00-04:00,82.07938427943769,83.17402404835704,81.89852746863993,83.03125,11191300
2023-04-20 00:00:00-04:00,84.06877743677437,87.45741696873779,83.85936582306267,84.9920883178711,19206300
2023-04-21 00:00:00-04:00,83.55476513255783,83.67851231415436,81.17510102072988,81.26077270507812,13175400
2023-04-24 00:00:00-04:00,81.28933028745097,81.82237274280618,79.94719619672743,80.56591033935547,10567600
2023-04-25 00:00:00-04:00,79.26184953944369,79.38559672181776,78.3004704609787,78.32902526855469,13423700
2023-04-26 00:00:00-04:00,78.28143389934623,78.41469451767537,77.3010133807137,78.29095458984375,11583500
2023-04-27 00:00:00-04:00,78.9096751820561,79.82346546597016,78.20529653319394,79.64260864257812,10013700
2023-04-28 00:00:00-04:00,80.41363045554719,80.44218526919113,79.69021037387354,80.24229431152344,8262600
2023-05-01 00:00:00-04:00,80.24227217451183,80.61349917379022,79.86152448592529,79.93767547607422,4931100
2023-05-02 00:00:00-04:00,79.48078231275312,80.00431132865866,78.57651284399843,78.9667739868164,6875000
2023-05-03 00:00:00-04:00,78.64313270506047,79.7282588283166,78.47179661916962,78.71927642822266,7151600
2023-05-04 00:00:00-04:00,79.00485552627609,79.72827551389716,78.66218328277975,79.47126770019531,7290600
2023-05-05 00:00:00-04:00,80.24225680234562,81.4511226752031,79.7187279230628,80.8800048828125,6865000
2023-05-08 00:00:00-04:00,80.43265097197184,81.42259216308594,80.34698654553027,81.42259216308594,6746600
2023-05-09 00:00:00-04:00,81.14653976541719,81.36547204165873,80.24227037963936,80.96568298339844,7287800
2023-05-10 00:00:00-04:00,80.44216562810898,81.05135904430364,80.11852754079149,80.81339263916016,7442300
2023-05-11 00:00:00-04:00,80.08997012043325,80.08997012043325,78.55746594034885,79.41414642333984,8730900
2023-05-12 00:00:00-04:00,79.36655023900107,79.89007921809504,78.95724774502527,79.41414642333984,5069800
2023-05-15 00:00:00-04:00,79.31896320922236,81.5463252559815,79.223778100432,81.53681182861328,8707300
2023-05-16 00:00:00-04:00,81.56536629301665,82.57434151384854,81.47017392246715,81.7462158203125,11283200
2023-05-17 00:00:00-04:00,84.04973874294627,87.38126847605263,83.82128576106487,86.50554656982422,23215600
2023-05-18 00:00:00-04:00,86.85773252504299,88.90424493559887,86.68639643341137,88.19034576416016,14879000
2023-05-19 00:00:00-04:00,87.6953819802785,88.323616811306,87.15281883628148,88.12372589111328,9295200
2023-05-22 00:00:00-04:00,87.63826625653226,87.99045914594342,86.81014056302087,87.30511474609375,9259800
2023-05-23 00:00:00-04:00,86.61977339247886,86.94340422481247,85.98202515547426,86.08673095703125,7656700
2023-05-24 00:00:00-04:00,84.98255695304147,85.81068261356572,84.88737184844463,85.79164123535156,9443900
2023-05-25 00:00:00-04:00,92.38809340184908,97.44250580255007,92.31194965611981,96.09085083007812,60793200
2023-05-26 00:00:00-04:00,95.9956392625893,99.41284036332311,95.88142004437324,98.2420425415039,26135800
2023-05-30 00:00:00-04:00,98.79413298297204,100.17433521889005,96.64291466117751,97.07125854492188,25248000
2023-05-31 00:00:00-04:00,94.9295702335785,95.16753666052684,93.3399489823228,93.84443664550781,22206700
2023-06-01 00:00:00-04:00,93.9300951160523,95.74815458574585,93.85394412722796,94.08238983154297,14998500
2023-06-02 00:00:00-04:00,96.37638892915814,96.42398511250487,93.87298509530108,94.17758178710938,13085100
2023-06-05 00:00:00-04:00,93.29233832745594,94.05382635905289,89.71332206626252,93.33041381835938,10568500
2023-06-06 00:00:00-04:00,92.91161353067383,95.75769000069728,92.73075671994302,95.0152359008789,13827600
2023-06-07 00:00:00-04:00,96.5001461378945,98.0612053710244,94.74871666156702,95.46261596679688,14367500
2023-06-08 00:00:00-04:00,94.22518639675708,95.85287592044472,93.88251415364819,95.12946319580078,9074200
2023-06-09 00:00:00-04:00,97.75660662941526,99.6413039521058,97.32826995988334,97.85179901123047,14902400
2023-06-12 00:00:00-04:00,99.31766988228826,102.22086335426704,99.28911507144247,101.90674591064453,20568100
2023-06-13 00:00:00-04:00,104.70522320621724,105.36201283931067,101.60213910324674,101.65925598144531,17858600
2023-06-14 00:00:00-04:00,100.92631183187697,102.51592569491655,100.15530299359664,102.2398910522461,12862600
2023-06-15 00:00:00-04:00,101.57844342753995,101.95123261707255,100.43142332806964,100.53656768798828,11987900
2023-06-16 00:00:00-04:00,100.77553260011328,101.08140511822424,99.74321011677273,99.95349884033203,11430800
2023-06-20 00:00:00-04:00,99.58070920022784,100.24980300268282,98.51971239020956,99.38954162597656,9295500
2023-06-21 00:00:00-04:00,98.59618660359452,99.15058280251989,97.133733448817,97.15284729003906,9340400
2023-06-22 00:00:00-04:00,96.94256513681775,98.86383082933014,96.8565419066309,98.57707214355469,8575900
2023-06-23 00:00:00-04:00,97.03813765364663,97.67856433841725,96.55065815410579,97.41092681884766,8919000
2023-06-26 00:00:00-04:00,97.51606596962569,98.49103957475725,95.67127040724796,95.69039154052734,8560000
2023-06-27 00:00:00-04:00,96.68446705336929,98.25206433032476,95.60434922623827,97.57341003417969,9732000
2023-06-28 00:00:00-04:00,96.06318143489773,97.38225533076589,95.79554388726443,96.46463775634766,8160900
2023-06-29 00:00:00-04:00,96.86608477159835,97.0381385060581,95.60435981641875,96.19699096679688,7383900
2023-06-30 00:00:00-04:00,96.92345018984489,97.39181589820315,95.97715820569113,96.46463775634766,11704600
2023-07-03 00:00:00-04:00,97.73593022066369,99.1027997565286,97.56387645766752,98.59619903564453,5638400
2023-07-05 00:00:00-04:00,96.9234429342436,98.53882866655427,96.5028655094032,96.53153991699219,9010800
2023-07-06 00:00:00-04:00,94.7249896388619,95.16468095249938,94.24706334674597,95.02130889892578,9140800
2023-07-07 00:00:00-04:00,94.70585256773839,97.43959087155321,94.629382629537,95.80508422851562,8036600
2023-07-10 00:00:00-04:00,95.82420697155544,96.30213319086495,95.01173385724437,95.36539459228516,8041600
2023-07-11 00:00:00-04:00,97.81238896782571,97.81238896782571,95.71906964009841,96.78962707519531,7677800
2023-07-12 00:00:00-04:00,98.29031791335102,99.81968051066592,98.22340852761148,99.31307983398438,10202000
2023-07-13 00:00:00-04:00,100.36450431591605,100.98580984876773,97.99398710048321,100.90933990478516,9265900
2023-07-14 00:00:00-04:00,101.32036287879393,102.56297401980942,100.23069163501296,100.49832916259766,9518300
2023-07-17 00:00:00-04:00,100.05865110111127,100.3931980547405,98.0609153621653,100.1637954711914,10722600
2023-07-18 00:00:00-04:00,99.11236032463304,99.15059530447405,97.50652763419437,98.59619903564453,10343600
2023-07-19 00:00:00-04:00,99.31307460328266,100.16378273112629,98.0417890486127,98.5101547241211,11204800
2023-07-20 00:00:00-04:00,94.19926681611713,96.01538073252084,92.76548806575052,93.53972625732422,22810200
2023-07-21 00:00:00-04:00,93.55884187090196,93.66398623132669,92.07727484300297,92.95665740966797,15381200
2023-07-24 00:00:00-04:00,92.9757750182402,93.93162757531816,92.50740930719334,93.91251373291016,9054900
2023-07-25 00:00:00-04:00,95.12644357490852,96.43596420760727,94.73454781739694,95.89112854003906,9202200
2023-07-26 00:00:00-04:00,95.09777156330621,95.70951663380848,94.21838893603125,95.02130889892578,8993500
2023-07-27 00:00:00-04:00,97.01902000022578,97.26754366973361,94.54336574893196,94.96393585205078,8049800
2023-07-28 00:00:00-04:00,95.69038304859755,96.5315305238536,95.37495001066091,96.40727233886719,6758700
2023-07-31 00:00:00-04:00,94.8014405182256,95.37495049483778,94.07499065847684,94.77276611328125,8647900
2023-08-01 00:00:00-04:00,94.76320642012996,94.81100195719405,93.75955848238465,94.05587768554688,6428500
2023-08-02 00:00:00-04:00,93.19561983451308,93.19561983451308,91.00671670893182,91.47508239746094,9820900
2023-08-03 00:00:00-04:00,90.65305442391988,91.58023258552993,90.40453800586617,90.78688049316406,8571700
2023-08-04 00:00:00-04:00,91.0736172384351,93.2720807173047,90.9302379171914,91.9147720336914,7562600
2023-08-07 00:00:00-04:00,92.45961839901263,92.660346555124,91.02583960458051,92.09638977050781,6601400
2023-08-08 00:00:00-04:00,90.69128624015681,90.7104073747721,89.5347055435202,90.3185043334961,7659000
2023-08-09 00:00:00-04:00,91.59935767526136,91.61847151879205,89.57294750990357,89.8310317993164,6426900
2023-08-10 00:00:00-04:00,91.2361130138694,91.73316036941482,90.11776740275536,90.61481475830078,7459600
2023-08-11 00:00:00-04:00,89.37221049996793,89.37221049996793,87.90975731314425,87.92887115478516,10658400
2023-08-14 00:00:00-04:00,87.64211548409526,89.17147798065433,87.26933360345197,88.96118927001953,7489700
2023-08-15 00:00:00-04:00,88.43546565991696,88.61707995944084,87.45093880106205,87.63255310058594,6069500
2023-08-16 00:00:00-04:00,87.403147832115,88.62663776589424,87.28844291610747,87.72813415527344,7439500
2023-08-17 00:00:00-04:00,88.81781223341973,88.81781223341973,87.3171241054681,87.59432220458984,7712500
2023-08-18 00:00:00-04:00,86.09362867467145,87.29800478673391,85.60614189007408,87.07815551757812,9066200
2023-08-21 00:00:00-04:00,86.50464774055837,88.80825567253878,86.50464774055837,88.47370147705078,8618300
2023-08-22 00:00:00-04:00,89.22882054441448,89.36263929770274,87.75680696566849,88.1678237915039,7059000
2023-08-23 00:00:00-04:00,89.64940033844405,90.9015646888691,89.1236785845994,90.06041717529297,10362600
2023-08-24 00:00:00-04:00,92.26843223392405,92.50739533710632,88.38767377186812,88.44502258300781,12254400
2023-08-25 00:00:00-04:00,88.17738742074259,89.28617974945044,87.37447487311998,88.98986053466797,10356000
2023-08-28 00:00:00-04:00,89.67808205998153,89.99351513801957,89.13324642181396,89.85013580322266,5174800
2023-08-29 00:00:00-04:00,89.6302671846112,91.39859977805732,89.38175083664821,90.88243865966797,8910300
2023-08-30 00:00:00-04:00,91.2361148971474,91.68536672265687,90.45231616729332,90.59569549560547,6073400
2023-08-31 00:00:00-04:00,89.219268149632,90.23247675063487,89.15235876685993,89.43911743164062,8661200
2023-09-01 00:00:00-04:00,90.13688635979531,90.40452387128629,88.98029851109108,89.07588958740234,7094600
2023-09-05 00:00:00-04:00,89.27662493684007,90.85378301997233,88.7700242787752,90.42364501953125,6396500
2023-09-06 00:00:00-04:00,89.70674484543376,89.81188919115658,87.5465164140943,88.18694305419922,7933700
2023-09-07 00:00:00-04:00,86.09363013671056,86.30391884315016,84.5260326974387,86.07451629638672,14684400
2023-09-08 00:00:00-04:00,86.74360631796259,87.04947879784909,85.37673707821897,85.68260955810547,5820800
2023-09-11 00:00:00-04:00,86.12230489046107,86.39950297801411,85.22380854011122,85.64437866210938,7268600
2023-09-12 00:00:00-04:00,86.46641353473224,87.52741035951486,86.42817856083482,86.48553466796875,8242600
2023-09-13 00:00:00-04:00,86.60023230773602,87.83328286892086,86.48553467860526,87.19286346435547,5757800
2023-09-14 00:00:00-04:00,89.14427583378696,89.28839932564264,87.69344538851028,87.88561248779297,6506300
2023-09-15 00:00:00-04:00,86.96323637725493,87.56854627420473,85.37789255523329,85.75260925292969,19940500
2023-09-18 00:00:00-04:00,85.07042327995825,86.15613983360015,84.96473321459911,85.34906005859375,6647400
2023-09-19 00:00:00-04:00,84.98393898318999,85.3586556081409,84.34980597574389,84.71491241455078,7172100
2023-09-20 00:00:00-04:00,85.05121183936731,85.81986560809206,83.86941528320312,83.86941528320312,6935300
2023-09-21 00:00:00-04:00,82.66839098267464,82.76447086259502,82.00542734950157,82.0150375366211,10652500
2023-09-22 00:00:00-04:00,82.87015436784621,83.3697741021265,82.10150072849645,82.2840576171875,7967200
2023-09-25 00:00:00-04:00,82.04385995983739,82.86054992675781,81.68835634416445,82.86054992675781,8758000
2023-09-26 00:00:00-04:00,81.62109438908821,81.89012829531984,80.72753764491455,80.9869613647461,8877600
2023-09-27 00:00:00-04:00,81.83247994943947,82.20719660929419,80.80440984899258,82.09190368652344,7860700
2023-09-28 00:00:00-04:00,81.90934059554658,83.71566710990322,81.64992420848992,83.02388763427734,6647700
2023-09-29 00:00:00-04:00,84.31137220057634,84.58039876806359,83.30251524207499,83.49468231201172,7338300
2023-10-02 00:00:00-04:00,83.76372560159383,84.95513235135026,83.60999191495397,84.2153091430664,6305000
2023-10-03 00:00:00-04:00,83.59076192109593,83.89822190161173,81.7267816658553,82.06307220458984,8201700
2023-10-04 00:00:00-04:00,82.1207237338516,83.36017391856478,82.03424671470088,83.27369689941406,7658500
2023-10-05 00:00:00-04:00,83.42744623119523,84.49394990830997,83.1391992204625,83.6196060180664,6651700
2023-10-06 00:00:00-04:00,84.63805038513149,86.49242057316297,83.95587373871079,85.79103088378906,9777100
2023-10-09 00:00:00-04:00,85.32023516274889,85.83906796202598,84.59001490645475,85.5027847290039,4781300
2023-10-10 00:00:00-04:00,85.77180950813238,87.10734688614997,85.64690640433449,87.0593032836914,7182900
2023-10-11 00:00:00-04:00,87.68384410116414,88.40445424291829,87.07852689061838,88.39484405517578,8051700
2023-10-12 00:00:00-04:00,88.88483974007734,89.77839639530303,88.24108926299205,88.7983627319336,8897800
2023-10-13 00:00:00-04:00,89.11543988402241,89.29799676968231,86.6653628633971,86.91517639160156,7985100
2023-10-16 00:00:00-04:00,86.93439355798532,88.2987467309591,86.8863499591863,87.64539337158203,8791800
2023-10-17 00:00:00-04:00,86.2906582131112,88.10659514428347,85.05120791668126,87.43402862548828,7997100
2023-10-18 00:00:00-04:00,85.39708803103844,86.48281180956084,85.10884842388116,86.08887481689453,9982700
2023-10-19 00:00:00-04:00,89.44211967997713,91.04668369713748,88.74072997327409,89.26918029785156,22751600
2023-10-20 00:00:00-04:00,88.39482848859944,90.6239151746602,87.52048481864124,87.73186492919922,12197300
2023-10-23 00:00:00-04:00,86.4540020111821,88.64465561972784,85.66613523389064,87.53971862792969,8227900
2023-10-24 00:00:00-04:00,87.62618230893112,88.39483598882998,87.2995092597502,88.04894256591797,7374800
2023-10-25 00:00:00-04:00,87.24186243605031,87.28989870932845,83.28330846278037,84.2056884765625,13027100
2023-10-26 00:00:00-04:00,83.7060770610167,84.68610363258203,83.14880345638863,84.02313995361328,9377300
2023-10-27 00:00:00-04:00,84.10960984100902,84.34020301525183,82.52426619093683,82.62034606933594,12480700
2023-10-30 00:00:00-04:00,83.88863141725213,84.83984214041541,82.62996797179021,82.68761444091797,9785500
2023-10-31 00:00:00-04:00,82.77407670583054,83.04310328765939,81.6210962160181,82.92780303955078,9004900
2023-11-01 00:00:00-04:00,83.08153717500625,84.42667742220594,82.95662673957385,84.35942077636719,9508800
2023-11-02 00:00:00-04:00,86.8575432546839,87.48207350575338,85.96398639218152,86.93441009521484,11032600
2023-11-03 00:00:00-04:00,88.05854854062895,88.82719485333595,87.28028471109168,88.19306182861328,9226700
2023-11-06 00:00:00-05:00,88.39483452081923,88.98093129266297,87.71265787318995,88.97132110595703,8402700
2023-11-07 00:00:00-05:00,88.63503891560723,89.4036925917607,88.15463220061748,88.78877258300781,6241300
2023-11-08 00:00:00-05:00,89.67272779918858,89.77841787307989,88.32758740182908,88.39484405517578,6537700
2023-11-09 00:00:00-05:00,89.00014806614978,89.71115530369923,88.01051137627076,88.02973175048828,8166000
2023-11-10 00:00:00-05:00,90.35489872218606,93.91951578166527,89.9417486408758,93.62166595458984,19281700
2023-11-13 00:00:00-05:00,93.20853118561847,93.37186774146542,91.96908073807023,92.64164733886719,9526300
2023-11-14 00:00:00-05:00,94.15972145730301,95.78349859143539,94.11167785092003,95.03406524658203,13873200
2023-11-15 00:00:00-05:00,96.03329716928259,96.75390722507137,94.56325382834139,94.9283676147461,10422900
2023-11-16 00:00:00-05:00,94.39028856361281,95.21658851822534,94.07322577252629,94.67853546142578,8459000
2023-11-17 00:00:00-05:00,95.06287545093295,95.81230869308484,94.46716853337482,95.67779541015625,7243000
2023-11-20 00:00:00-05:00,95.98526125590105,96.64821752501587,95.63936784139568,96.04290771484375,6448900
2023-11-21 00:00:00-05:00,96.08134743738873,96.22547092462983,94.39031366997168,94.55365753173828,10112600
2023-11-22 00:00:00-05:00,94.85150500036463,95.74506180249138,94.11167453848742,94.78424835205078,7413500
2023-11-24 00:00:00-05:00,94.62089852931996,94.86110185817844,93.65047502821301,93.99636840820312,4297600
2023-11-27 00:00:00-05:00,93.60245814556461,93.72736860369328,92.64164455590267,93.40068817138672,6856100
2023-11-28 00:00:00-05:00,94.03482810779938,94.3999346307768,93.429510858389,94.14051818847656,6358100
2023-11-29 00:00:00-05:00,95.12052638194241,95.82192338772128,94.73619955673855,95.0052261352539,7091100
2023-11-30 00:00:00-05:00,95.05327798577945,95.1013215920082,93.10282779186386,93.49675750732422,9681400
2023-12-01 00:00:00-05:00,93.87146650078388,94.90914673488199,93.21811309380632,94.68816375732422,7500400
2023-12-04 00:00:00-05:00,93.24693713621285,93.39105327218901,91.51747020025883,93.20850372314453,10619400
2023-12-05 00:00:00-05:00,92.68006406449324,93.21811724818627,92.1227905068541,92.90105438232422,8009600
2023-12-06 00:00:00-05:00,93.96755058274888,94.70737365277066,93.63126003867836,94.01558685302734,11262300
2023-12-07 00:00:00-05:00,94.12128625275169,95.73545316890088,94.05402960334652,95.399169921875,11373700
2023-12-08 00:00:00-05:00,95.23582902327746,96.43684580072303,95.07248517042211,96.4176254272461,10572500
2023-12-11 00:00:00-05:00,95.66819025014254,97.2439236447381,95.476030501699,96.99411010742188,9482800
2023-12-12 00:00:00-05:00,96.22548318989286,97.66670358515707,96.03331607226869,97.61865997314453,7378600
2023-12-13 00:00:00-05:00,97.42649160177578,98.65633172450617,96.9556950333236,98.11827850341797,8988800
2023-12-14 00:00:00-05:00,99.7680379451275,100.21209413082627,99.23710456362652,99.86457061767578,10074500
2023-12-15 00:00:00-05:00,99.912849123479,101.1291815228264,98.84131942773963,98.98612213134766,16379200
2023-12-18 00:00:00-05:00,99.27571766792624,99.72942935745995,98.5420634207798,99.36260223388672,5660600
2023-12-19 00:00:00-05:00,99.66185728444775,100.3762153179179,99.5170545822594,100.27002716064453,8498500
2023-12-20 00:00:00-05:00,99.1405660158748,99.51704859995002,96.47622886164567,96.57276153564453,10814100
2023-12-21 00:00:00-05:00,97.78908890958407,99.15987196003957,97.6539416998192,98.99576568603516,9068200
2023-12-22 00:00:00-05:00,99.36260537147824,99.99972696043143,99.15022905350334,99.57498168945312,5566400
2023-12-26 00:00:00-05:00,100.01903457342176,101.32224414066206,99.98042002917381,100.82991790771484,6407500
2023-12-27 00:00:00-05:00,101.40912543075787,101.71803440979184,100.47274301666306,101.02298736572266,5889700
2023-12-28 00:00:00-05:00,101.36085630811037,101.8628306416204,101.07125091552734,101.07125091552734,5335100
2023-12-29 00:00:00-05:00,101.0905548142126,101.3318901695311,100.07694337588663,100.3955078125,4409600
2024-01-02 00:00:00-05:00,98.70616304872202,99.06334203583792,97.10369271000668,98.01111602783203,9020900
2024-01-03 00:00:00-05:00,96.86236373566271,97.74082804637685,96.20593857816809,96.69825744628906,6650600
2024-01-04 00:00:00-05:00,96.08043585362309,96.95890013129019,95.68464967855391,95.69429779052734,7996700
2024-01-05 00:00:00-05:00,95.56881015299996,97.15196965118528,95.37574479564908,96.15766906738281,7347300
2024-01-08 00:00:00-05:00,97.14231746066922,99.22745874247235,97.01682571064222,98.69651794433594,12455600
2024-01-09 00:00:00-05:00,97.54774413901289,98.43585639316761,96.73685359372,98.35862731933594,7764000
2024-01-10 00:00:00-05:00,98.96680820998304,99.21779906438283,96.51484725958876,97.30642700195312,6975700
2024-01-11 00:00:00-05:00,98.17522041844053,98.61928395711358,96.52448745805636,97.71186065673828,7862700
2024-01-12 00:00:00-05:00,97.39330260486152,98.83165936672698,97.37399901559569,97.73117065429688,6519700
2024-01-16 00:00:00-05:00,97.04578200631968,98.80270328136355,96.7272175365386,98.14627075195312,11185500
2024-01-17 00:00:00-05:00,97.37398492644138,99.74872377097479,96.53413529795992,99.38188934326172,17649500
2024-01-18 00:00:00-05:00,107.34596460542627,109.46006470446147,105.68558352412005,109.11254119873047,58783700
2024-01-19 00:00:00-05:00,109.29596621599254,111.15907561253947,107.17221048908972,110.24199676513672,37812600
2024-01-22 00:00:00-05:00,110.80188870965651,111.11079767419844,108.62021500478309,109.11254119873047,17755500
2024-01-23 00:00:00-05:00,109.58557189965848,110.647453519739,109.23805570987142,110.17443084716797,11667900
2024-01-24 00:00:00-05:00,111.33283887444962,114.73083777221424,110.63779180411858,112.4815902709961,21859200
2024-01-25 00:00:00-05:00,113.92959261487647,114.72117229487077,112.44297329010746,112.52019500732422,15485300
2024-01-26 00:00:00-05:00,112.84842221242867,113.94891092727678,112.26921878855667,113.1959457397461,10196400
2024-01-29 00:00:00-05:00,113.10905378474148,113.78479720591413,111.74792619582867,112.92564392089844,10042200
2024-01-30 00:00:00-05:00,112.32714202868293,113.91995704048051,111.55486585175942,112.03753662109375,11030800
2024-01-31 00:00:00-05:00,109.56626824197636,110.7632897270975,108.96775381692993,109.04498291015625,12853900
2024-02-01 00:00:00-05:00,109.85585362651076,110.07787802283492,108.70709501040723,109.4600601196289,8807600
2024-02-02 00:00:00-05:00,110.87912031328185,111.94099444272972,109.97169698713162,111.73827362060547,10044000
2024-02-05 00:00:00-05:00,113.07043472055628,115.39691101307483,112.5395013733422,114.67290496826172,13267600
2024-02-06 00:00:00-05:00,115.95682014953219,116.79666251573255,114.18058801308246,115.24246215820312,11503800
2024-02-07 00:00:00-05:00,115.85062100153736,120.6676724224499,115.84096552555191,120.64836883544922,18172500
2024-02-08 00:00:00-05:00,122.5983786865757,130.0797758111502,121.73922528340294,129.09512329101562,33367000
2024-02-09 00:00:00-05:00,129.8384521138713,130.4852292527188,126.063962721694,128.4966278076172,16984200
2024-02-12 00:00:00-05:00,128.65106082705148,128.88273335088027,125.74537359787007,125.9384536743164,14203800
2024-02-13 00:00:00-05:00,123.49613007242105,125.41715746585238,122.0963879376789,123.12930297851562,14494000
2024-02-14 00:00:00-05:00,125.13721925755466,126.25700416610063,123.52509340800955,124.7896957397461,13069700
2024-02-15 00:00:00-05:00,126.26665704580472,126.58522147282375,123.9015735809018,124.55799865722656,12554000
2024-02-16 00:00:00-05:00,122.72384798567627,124.18151554351783,121.44959764831624,122.29910278320312,13104400
2024-02-20 00:00:00-05:00,122.49217448826812,122.65628076514807,119.84714101013162,120.98624420166016,12038800
2024-02-21 00:00:00-05:00,120.11743091056745,121.03450229621289,118.65011522054066,120.99588775634766,11469700
2024-02-22 00:00:00-05:00,125.19511792671263,126.92307240529064,124.52903006029746,124.59661102294922,17014100
2024-02-23 00:00:00-05:00,125.9770623396873,126.46938118858054,123.303069697662,125.04067993164062,10123300
2024-02-26 00:00:00-05:00,125.51369852438229,126.68175342146955,124.10429353663984,126.1122055053711,9526700
2024-02-27 00:00:00-05:00,126.23770705062056,127.39611385848619,124.13325500488281,124.13325500488281,8851800
2024-02-28 00:00:00-05:00,124.04637980789474,124.12360889365611,122.2604995482461,122.96519470214844,6519100
2024-02-29 00:00:00-05:00,123.59265422034278,124.71245374289498,122.74315646752294,124.2104721069336,9369900
2024-03-01 00:00:00-05:00,125.61988959005811,131.91390533810508,125.59093052449514,129.25921630859375,24393000
2024-03-04 00:00:00-05:00,135.08987504974834,137.06882782438132,132.90819410417794,133.4680938720703,26544600
2024-03-05 00:00:00-05:00,132.3676231297909,132.6668766410824,129.0951160002821,130.29214477539062,13694700
2024-03-06 00:00:00-05:00,133.98939127088647,139.00916368000972,133.80597404535143,136.66339111328125,22292700
2024-03-07 00:00:00-05:00,139.87800424938973,146.34580532214613,139.15399798571804,144.0289764404297,34675700
2024-03-08 00:00:00-05:00,148.5660637911835,152.91010091642212,139.90694860981236,141.2970428466797,43856900
2024-03-11 00:00:00-04:00,138.6423443803249,139.39530958748335,134.11489029501143,134.2017822265625,29227100
2024-03-12 00:00:00-04:00,139.51116044688035,141.61559788787687,135.69806439291136,139.3953094482422,21218500
2024-03-13 00:00:00-04:00,138.09208723711086,138.2658416149911,136.47030606052618,137.213623046875,12923100
2024-03-14 00:00:00-04:00,137.66735172583654,138.14037436300293,134.20177928051268,134.78097534179688,14961900
2024-03-15 00:00:00-04:00,130.7458633872928,132.92753001251776,129.9639390796219,132.23248291015625,22751200
2024-03-18 00:00:00-04:00,135.8710749583382,137.1892712383155,132.41081896699603,132.4398956298828,14732900
2024-03-19 00:00:00-04:00,131.14109436813663,132.081279281309,128.94086644650832,130.72430419921875,17341100
2024-03-20 00:00:00-04:00,132.3332700780312,133.0892928572307,130.85998847174852,132.5465087890625,12750200
2024-03-21 00:00:00-04:00,138.16822974875276,138.21669578169212,134.7661124191505,135.16351318359375,17809400
2024-03-22 00:00:00-04:00,135.11504373053629,136.9954133588348,134.8339644102137,136.22000122070312,9944100
2024-03-25 00:00:00-04:00,135.85169978875012,137.3249666678332,134.97935553664743,135.91954040527344,9922200
2024-03-26 00:00:00-04:00,136.28784719987257,136.6270946086479,134.37840104252018,134.57225036621094,10786400
2024-03-27 00:00:00-04:00,134.59168423801785,134.99877238929804,130.99571671706917,132.48838806152344,13842800
2024-03-28 00:00:00-04:00,131.5093899303375,132.59497284020907,131.27677664160223,131.86802673339844,10019400
2024-04-01 00:00:00-04:00,133.06992778880334,138.56565445708026,132.8373144541101,137.14083862304688,14222700
2024-04-02 00:00:00-04:00,136.0649211902538,136.70462247933145,135.06658312317597,135.9098358154297,9869200
2024-04-03 00:00:00-04:00,134.32028909132185,138.5365686416757,134.13612700068444,137.63516235351562,9707500
2024-04-04 00:00:00-04:00,139.57367254766268,142.23914198867706,135.14413986842013,135.36708068847656,15759500
2024-04-05 00:00:00-04:00,135.696635067862,137.6351584259743,134.64983067971022,137.01483154296875,8263600
2024-04-08 00:00:00-04:00,140.77555098660707,141.5121844305631,138.37177172573658,138.40084838867188,16307400
2024-04-09 00:00:00-04:00,141.76418378015606,143.61547682231043,138.55593053366476,140.9306182861328,18443400
2024-04-10 00:00:00-04:00,142.12283415799584,143.86749321867694,140.7949356994555,141.72543334960938,18861300
2024-04-11 00:00:00-04:00,142.67529296875,143.0242277079871,139.69966778921327,142.67529296875,11818800
2024-04-12 00:00:00-04:00,140.54290913322865,142.0064885867867,137.78050810677664,138.13914489746094,12024000
2024-04-15 00:00:00-04:00,140.56230675708764,141.0081587644621,135.58030324272002,135.83230590820312,13458800
2024-04-16 00:00:00-04:00,133.65146881011785,136.22000589163713,132.84697998332427,135.5027618408203,14218200
2024-04-17 00:00:00-04:00,136.79190997633373,138.18764920623107,133.13778918552748,134.75645446777344,18823200
2024-04-18 00:00:00-04:00,128.80517636455878,130.97632772229633,126.29479231295385,128.20423889160156,39306100
2024-04-19 00:00:00-04:00,125.39335362645977,127.50635135518695,122.74727391259766,123.77468872070312,28284000
2024-04-22 00:00:00-04:00,122.85392589238337,126.64374285604201,121.91374081874406,125.76171112060547,18556800
2024-04-23 00:00:00-04:00,127.322203694169,129.59997435802495,126.64372353570923,129.3285675048828,12573800
2024-04-24 00:00:00-04:00,131.90681251945324,132.10066188873932,127.49666911684038,128.88272094726562,15558000
2024-04-25 00:00:00-04:00,126.00401612931516,133.60302401403317,124.8990584256177,132.3817596435547,18034300
2024-04-26 00:00:00-04:00,132.60466888287024,134.4753513452056,131.77110336711988,134.0488739013672,9453400
2024-04-29 00:00:00-04:00,133.7580755901681,134.38808959552392,131.7323227775105,134.24270629882812,9997100
2024-04-30 00:00:00-04:00,133.6999558567179,135.40585105540754,133.04085023670106,133.11839294433594,10980600
2024-05-01 00:00:00-04:00,133.19592461259828,135.14413506501813,129.11534164110913,130.7921600341797,12561800
2024-05-02 00:00:00-04:00,131.4318710131048,132.53682857941132,129.1250238103873,132.04249572753906,9261900
2024-05-03 00:00:00-04:00,134.6304096716041,137.7417454378145,134.49471366001038,137.20864868164062,13264300
2024-05-06 00:00:00-04:00,136.15219326743434,138.4396514892578,135.5124769907929,138.4396514892578,8601600
2024-05-07 00:00:00-04:00,137.50912487398904,137.91621293099956,136.19092863663062,136.77249145507812,8682900
2024-05-08 00:00:00-04:00,136.77249237617784,139.82566021919683,136.4720236742006,139.1859588623047,10202300
2024-05-09 00:00:00-04:00,138.54624649310563,138.9436472728976,136.7918854771427,138.40084838867188,8012700
2024-05-10 00:00:00-04:00,142.6946946451788,145.87387152581658,142.41360049751552,144.67198181152344,23671400
2024-05-13 00:00:00-04:00,143.4701034123664,143.8771915017619,141.802972309266,141.9095916748047,8278700
2024-05-14 00:00:00-04:00,141.9871368315791,147.33745020452534,141.7545087237195,147.279296875,12316500
2024-05-15 00:00:00-04:00,148.64596744300428,151.20481761098443,148.03532786992935,150.7977294921875,14027100
2024-05-16 00:00:00-04:00,149.36320350584995,150.2936862663269,147.53129985704436,147.55067443847656,13394100
2024-05-17 00:00:00-04:00,149.26628741009003,149.26628741009003,146.2034171838215,147.01759338378906,7711200
2024-05-20 00:00:00-04:00,147.00789226096563,149.4989014545426,146.18402884675774,148.83010864257812,9261200
2024-05-21 00:00:00-04:00,147.61852762655894,149.25658190815275,147.27928018975012,148.9464111328125,7919400
2024-05-22 00:00:00-04:00,151.08848399962784,152.3969781217345,149.78966237823735,151.3501739501953,13455200
2024-05-23 00:00:00-04:00,154.28704456943677,155.83786894663908,151.0787912439849,152.26129150390625,20873000
2024-05-24 00:00:00-04:00,152.3679278358104,155.72157963940117,151.8929990945835,155.0818634033203,11908200
2024-05-28 00:00:00-04:00,154.77166920439404,155.45016408612705,152.75561829959523,154.50997924804688,13964400
2024-05-29 00:00:00-04:00,151.9317490978095,152.05775783297352,148.50056969266333,149.5958251953125,15780000
2024-05-30 00:00:00-04:00,148.86887973179995,149.31474655773476,147.2211380346419,148.2582550048828,9687800
2024-05-31 00:00:00-04:00,146.82374003491282,147.81239098789854,143.26655181017173,146.3972625732422,13782600
2024-06-03 00:00:00-04:00,150.35186071656258,152.3194606606514,147.77363599690892,150.1870880126953,12924400
2024-06-04 00:00:00-04:00,148.68473143217147,149.0627428846864,146.3488220921481,147.7833251953125,10066700
2024-06-05 00:00:00-04:00,153.71520457249434,158.69720896070893,153.09487769578217,157.912109375,23192600
2024-06-06 00:00:00-04:00,159.4629296445021,159.63738964115453,155.43079766015558,157.08824157714844,14819100
2024-06-07 00:00:00-04:00,158.54211205734975,161.01371707242066,156.9816004369473,159.33689880371094,14023300
2024-06-10 00:00:00-04:00,158.9588961841595,164.61938015727307,157.4274611412729,162.99102783203125,12418900
2024-06-11 00:00:00-04:00,163.0104108421793,163.23335166161343,158.75535295617334,160.61634826660156,11508600
2024-06-12 00:00:00-04:00,168.0311811736031,170.6481843737702,166.26711807163963,167.66285705566406,20309500
2024-06-13 00:00:00-04:00,168.16261976443815,169.25162746788402,165.79015830147964,168.1237335205078,15591800
2024-06-14 00:00:00-04:00,167.2389399426745,168.83354319518287,165.64433669016614,167.7348175048828,9192500
2024-06-17 00:00:00-04:00,172.91729086078817,173.72431780068297,168.67797738115365,172.3339080810547,18593700
2024-06-18 00:00:00-04:00,175.03691632865284,179.74293795913866,174.03542868354904,174.71604919433594,27155100
2024-06-20 00:00:00-04:00,177.52607184272756,178.09973670863238,168.69741020823227,170.52537536621094,28403200
2024-06-21 00:00:00-04:00,167.92926947836662,172.56722176455247,167.44310983807267,169.14466857910156,20175600
2024-06-24 00:00:00-04:00,165.71237358881407,166.67497505093039,162.49399903280968,163.16490173339844,19741700
2024-06-25 00:00:00-04:00,165.24565644223554,167.86119764402073,164.33167395752398,167.8223114013672,13346800
2024-06-26 00:00:00-04:00,167.35559567374398,168.88214411907643,165.4887443701661,167.30699157714844,11901500
2024-06-27 00:00:00-04:00,168.97936405472566,170.62258604006507,166.41244170475366,166.87916564941406,10864600
2024-06-28 00:00:00-04:00,168.02652088720149,171.92553135627585,168.02652088720149,168.99884033203125,11216100
2024-07-01 00:00:00-04:00,169.4169327560082,170.44758891673047,165.73183402691686,167.55979919433594,10717000
2024-07-02 00:00:00-04:00,166.3930104842456,171.81855408668164,166.29577261738433,170.8365020751953,10655500
2024-07-03 00:00:00-04:00,173.06311604446103,177.4385528564453,172.95616032893372,177.4385528564453,11808700
2024-07-05 00:00:00-04:00,179.04289092334855,179.9568735188858,177.25382681605913,178.8970489501953,11372900
2024-07-08 00:00:00-04:00,184.74067008835922,187.46316714115494,180.0054797658526,181.46395874023438,22582400
2024-07-09 00:00:00-04:00,182.8835566573518,183.22387438986814,177.44829464512608,179.41238403320312,19935200
2024-07-10 00:00:00-04:00,183.0682832260483,186.1213653448112,181.5320168962176,185.76161193847656,19293500
2024-07-11 00:00:00-04:00,187.74514915203287,188.1146352712272,177.94416783183817,179.39292907714844,21584200
2024-07-12 00:00:00-04:00,178.00253626711066,185.11018936962918,177.6913869086354,182.1640625,19220300
2024-07-15 00:00:00-04:00,183.45721916977087,184.7990247033153,178.98455878531738,180.09300231933594,15683100
2024-07-16 00:00:00-04:00,183.0586030702195,184.34205714191347,179.89856458040663,180.89031982421875,16663300
2024-07-17 00:00:00-04:00,170.3698028894983,171.69215783928135,165.7901720833152,166.46107482910156,45052600
2024-07-18 00:00:00-04:00,170.64204222211015,173.74374325513054,159.95624745637951,167.11251831054688,52903600
2024-07-19 00:00:00-04:00,164.48726104865204,165.7998980928665,160.64660262103874,161.18138122558594,22585300
2024-07-22 00:00:00-04:00,161.9981320455545,166.1499399408258,161.58002699837868,164.66229248046875,21037200
2024-07-23 00:00:00-04:00,164.73035653788898,166.79166898793773,163.32049632749874,165.11929321289062,11690700
2024-07-24 00:00:00-04:00,160.52022697205769,160.8702625948427,155.17246957954214,155.3766632080078,19536600
2024-07-25 00:00:00-04:00,153.7820408775617,158.87698507181082,147.89950550153551,155.84335327148438,25731800
2024-07-26 00:00:00-04:00,159.75208719496862,160.03405330496102,154.78353425578175,157.45741271972656,13089200
2024-07-29 00:00:00-04:00,158.1769013758478,158.7116799742689,154.23901996114586,155.580810546875,12663100
2024-07-30 00:00:00-04:00,155.9988993807476,156.68923772453047,148.3273012620089,150.26220703125,22018000
2024-07-31 00:00:00-04:00,159.23673380554757,162.03700326368593,157.58379398472957,161.21054077148438,19860400
2024-08-01 00:00:00-04:00,158.9547791956834,163.0288000563954,152.4985786547921,153.80148315429688,21095600
2024-08-02 00:00:00-04:00,147.0633000211277,149.6010540893291,142.82398710970668,145.71177673339844,31095300
2024-08-05 00:00:00-04:00,130.15466870318502,145.84790240892914,129.87270261988405,143.85464477539062,31193100
2024-08-06 00:00:00-04:00,146.27572164863582,153.3444872966361,143.63101189732825,151.0886993408203,24528100
2024-08-07 00:00:00-04:00,157.07817500974326,158.1477172638633,150.24277199078517,150.7483673095703,22379000
2024-08-08 00:00:00-04:00,154.86130286211863,160.18960860256294,151.23454110197804,159.99514770507812,18889600
2024-08-09 00:00:00-04:00,161.71614450755837,163.15517284092488,158.72139944226126,162.49398803710938,20519400
2024-08-12 00:00:00-04:00,161.40502849132517,164.83731495847428,160.95775501687976,162.9899139404297,14727300
2024-08-13 00:00:00-04:00,163.34964160349566,167.67645950011476,161.73558801262627,167.5695037841797,15243500
2024-08-14 00:00:00-04:00,167.1222704134303,167.73482157303425,162.5620898573107,165.26513671875,11510300
2024-08-15 00:00:00-04:00,167.65700643030038,170.5836969601756,166.091586631512,169.14466857910156,15393500
2024-08-16 00:00:00-04:00,168.5904416526715,170.15587630816322,167.48199825189207,169.70860290527344,10710000
2024-08-19 00:00:00-04:00,169.92252682997545,170.5934295654297,166.3638492309311,170.5934295654297,11511000
2024-08-20 00:00:00-04:00,170.5448259841531,170.5448259841531,165.1484648934872,167.27783203125,13555500
2024-08-21 00:00:00-04:00,165.64435116395245,168.28906139965522,165.20681035478196,166.6944580078125,9434800
2024-08-22 00:00:00-04:00,167.23893334428573,168.48350096365547,161.4633538538018,161.8328399658203,13546100
2024-08-23 00:00:00-04:00,164.3219469994047,168.4931898952137,163.2718404689797,166.53883361816406,12189100
2024-08-26 00:00:00-04:00,165.66376580659664,166.31521795221283,163.17463079158108,164.39002990722656,9611300
2024-08-27 00:00:00-04:00,161.81338731069206,165.85823943902489,160.47158183628932,165.82907104492188,9186000
2024-08-28 00:00:00-04:00,166.57777630992655,167.6959377496691,161.59949060684534,164.51644897460938,10581400
2024-08-29 00:00:00-04:00,163.98165951789193,170.5642659555937,162.87321600452498,164.4678192138672,13213200
2024-08-30 00:00:00-04:00,165.3526319126286,167.46256319354057,164.0788958946214,166.94723510742188,9481400
2024-09-03 00:00:00-04:00,163.34964379204808,164.01081380020324,155.3766284313859,156.0475311279297,18464400
2024-09-04 00:00:00-04:00,154.89048890760884,159.34371369869257,154.5501711709132,156.41702270507812,11317400
2024-09-05 00:00:00-04:00,157.06847240743693,160.03404960248528,156.59204538746346,159.16868591308594,10260600
2024-09-06 00:00:00-04:00,160.32573533317662,160.83134554402807,151.6915348487991,152.4791259765625,14964400
2024-09-09 00:00:00-04:00,156.31005020283277,158.58528871148212,155.81417268547378,158.27413940429688,10339000
2024-09-10 00:00:00-04:00,158.38108075243576,158.38108075243576,153.32502366079146,157.93380737304688,11910800
2024-09-11 00:00:00-04:00,159.2659077073678,165.66377061832227,156.95178297631193,165.51791381835938,15059500
2024-09-12 00:00:00-04:00,166.48990572892728,168.00255117031006,164.92844701960937,167.29989624023438,13399900
2024-09-13 00:00:00-04:00,168.09041598412492,170.55946227818242,167.31944024845473,168.34414672851562,8787800
2024-09-16 00:00:00-04:00,165.81655154363216,166.45088586248596,162.75220065540532,165.0065460205078,12194300
2024-09-17 00:00:00-04:00,165.27005363391626,166.138611304776,162.35208286089562,163.3182373046875,8629100
2024-09-18 00:00:00-04:00,164.40148776751542,167.46583865599726,162.9766553660896,163.24990844726562,9116000
2024-09-19 00:00:00-04:00,170.17888078245113,173.49696278594524,168.47104139129257,171.97454833984375,15855000
2024-09-20 00:00:00-04:00,170.6570540287568,171.77935733993115,169.46644489025275,169.88609313964844,18429800
2024-09-23 00:00:00-04:00,170.6277570468284,171.17426316314,169.51522248400133,170.5496826171875,5794200
2024-09-24 00:00:00-04:00,175.17551938328228,178.37649704200018,172.78454730586847,177.5860137939453,14576100
2024-09-25 00:00:00-04:00,177.14685782322917,179.39144962585587,176.84432866861692,177.9568634033203,8280900
2024-09-26 00:00:00-04:00,183.958667858643,184.76867332899343,179.3719029910657,182.3289031982422,15103400
2024-09-27 00:00:00-04:00,181.36278128499518,181.4603780641411,173.12611346865228,173.68238830566406,17908400
2024-09-30 00:00:00-04:00,170.0715127442625,172.5600814358481,167.78787641942353,169.4859619140625,13540200
2024-10-01 00:00:00-04:00,171.08643195416423,171.7500571486559,166.66556983163989,167.92449951171875,11850200
2024-10-02 00:00:00-04:00,168.79309099823058,172.7064775698125,166.6753570727174,171.56466674804688,11164400
2024-10-03 00:00:00-04:00,171.5646856480411,176.43445863487827,170.9010602469745,175.15602111816406,12555000
2024-10-04 00:00:00-04:00,175.37068457355463,176.8638227921339,173.27248809131413,176.79551696777344,9993800
2024-10-07 00:00:00-04:00,177.22490771214464,180.54298912334696,176.57103621486928,180.06478881835938,12054200
2024-10-08 00:00:00-04:00,180.50398217151766,182.04590398012067,177.6445634821452,181.56771850585938,10394200
2024-10-09 00:00:00-04:00,183.27554212170944,183.47072076130547,177.86900296872747,182.63143920898438,11925000
2024-10-10 00:00:00-04:00,181.38227365093167,182.57288268214523,179.9574413231731,181.30419921875,6443800
2024-10-11 00:00:00-04:00,183.63666118118215,186.87668385243293,183.48051228086624,186.2130584716797,12163900
2024-10-14 00:00:00-04:00,186.01785616308848,189.5701612925633,185.91050566915476,187.57931518554688,11714400
2024-10-15 00:00:00-04:00,188.31123489398215,188.9553229273602,179.8110687292111,182.62168884277344,21812700
2024-10-16 00:00:00-04:00,185.20784857197407,185.4323032782247,182.16301989178547,182.9632568359375,18689200
2024-10-17 00:00:00-04:00,198.45091876328254,207.478068718842,197.10416081554712,200.88092041015625,62274700
2024-10-18 00:00:00-04:00,200.9882683608524,200.9882683608524,195.92330298603383,195.9428253173828,21030800
2024-10-21 00:00:00-04:00,195.97212102206726,198.53876432394156,194.84983256135098,197.08465576171875,14820000
2024-10-22 00:00:00-04:00,194.27400869532212,195.3474985384462,192.36122250271117,193.69821166992188,11165100
2024-10-23 00:00:00-04:00,191.94161581884708,198.2362355624511,191.50246011122238,196.0209197998047,16535700
2024-10-24 00:00:00-04:00,194.16669814926058,195.6695901951503,192.65403749121228,193.1614990234375,9935800
2024-10-25 00:00:00-04:00,195.4255929094034,200.25633492443444,195.1816158895415,198.5387420654297,13434900
2024-10-28 00:00:00-04:00,194.4594529929013,194.92789962747526,189.83365788310252,189.9897918701172,20135300
2024-10-29 00:00:00-04:00,189.70678945305644,194.00077946455878,188.93582854728822,192.1953582763672,13779100
2024-10-30 00:00:00-04:00,189.69701956599795,190.74123348035425,187.96965807474092,189.7946014404297,10007800
2024-10-31 00:00:00-04:00,188.21363787898667,188.21363787898667,183.13891870709554,185.94952392578125,13062700
2024-11-01 00:00:00-04:00,189.52135303980518,193.39570944938774,187.9111106058031,188.3014678955078,12691200
2024-11-04 00:00:00-05:00,189.0334043788653,189.6775073273253,186.00809806934296,186.94496154785156,10917300
2024-11-05 00:00:00-05:00,188.91628972004932,193.56160686445182,188.8284615658915,191.04376220703125,10339200
2024-11-06 00:00:00-05:00,187.41340774129694,189.57992517780767,183.95869919969147,188.5649871826172,19834900
2024-11-07 00:00:00-05:00,191.5805052757025,197.14317813493,191.5219531757909,196.3429412841797,14865200
2024-11-08 00:00:00-05:00,198.97790208300611,201.63237330856344,195.20114249796225,196.3527069091797,13112100
2024-11-11 00:00:00-05:00,193.19078928748834,193.42499771963497,186.8766621904665,189.37498474121094,16610000
2024-11-12 00:00:00-05:00,189.16028608959664,189.3261886948106,185.14930283654917,187.14991760253906,11819000
2024-11-13 00:00:00-05:00,187.8037572740902,187.84278704599933,182.00686077356647,182.1630096435547,13882200
2024-11-14 00:00:00-05:00,183.86108243150207,188.01846052094584,183.0218008591371,183.95867919921875,11453900
2024-11-15 00:00:00-05:00,183.6463901823859,184.25146336686566,180.3575844522781,181.52867126464844,9834800
2024-11-18 00:00:00-05:00,179.90867443501685,183.47073324636116,179.06939282558324,182.9632568359375,10681500
2024-11-19 00:00:00-05:00,184.573510543396,185.44206818886678,183.49025191669188,185.10049438476562,9390100
2024-11-20 00:00:00-05:00,184.30025233617366,184.30025233617366,179.62564415513057,183.82205200195312,10624500
2024-11-21 00:00:00-05:00,184.8467464025745,187.66712005736264,182.24107370900967,186.63265991210938,18137300
2024-11-22 00:00:00-05:00,188.30144629765098,188.350244676061,184.86624595579192,185.50059509277344,8838900
2024-11-25 00:00:00-05:00,183.5585566017504,183.71470547643605,179.28408911825872,180.62107849121094,14380000
2024-11-26 00:00:00-05:00,180.93333325329047,181.4212872425293,177.93730350277448,179.41091918945312,10186600
2024-11-27 00:00:00-05:00,177.61529712320583,178.05445284664856,173.76046260893227,176.82481384277344,9895200
2024-11-29 00:00:00-05:00,177.13706239014925,182.4460044926716,176.8150109510799,180.211181640625,8045300
2024-12-02 00:00:00-05:00,184.77844464332745,190.5850951291906,184.3880873417074,189.71653747558594,16646900
2024-12-03 00:00:00-05:00,188.83822902453534,194.20572390636968,187.95991763670588,194.09837341308594,11217700
2024-12-04 00:00:00-05:00,195.03523651099937,197.71898374154705,193.49329995159817,195.85499572753906,12761100
2024-12-05 00:00:00-05:00,196.40152871703313,200.6760114736664,195.91357460841937,199.3780517578125,12483700
2024-12-06 00:00:00-05:00,197.1334452551683,198.29477833010137,195.11330824761052,198.12887573242188,9672900
2024-12-09 00:00:00-05:00,196.089236214102,198.23624626269418,194.1862181175571,194.37164306640625,9699700
2024-12-10 00:00:00-05:00,194.30331702779753,195.09380024022573,185.78362822652875,187.31581115722656,15307900
2024-12-11 00:00:00-05:00,189.9800337309081,191.27799332972955,188.60399969480682,189.91172790527344,9027600
2024-12-12 00:00:00-05:00,190.5441705451371,191.3175796375997,187.2742752395101,187.4407196044922,7944900
2024-12-13 00:00:00-05:00,194.34269674416424,198.28809421692108,193.12873748390862,196.77064514160156,19477000
2024-12-16 00:00:00-05:00,198.93424580255294,201.18596518895407,196.65315739733265,197.97482299804688,15139300
2024-12-17 00:00:00-05:00,196.78044491847962,198.15104900720277,193.32455073762526,196.4475860595703,11169400
2024-12-18 00:00:00-05:00,198.7384511969988,200.93143258805395,189.88823314518942,191.4546356201172,14721100
2024-12-19 00:00:00-05:00,194.23501666154235,194.40146102638394,189.87843774029196,190.553955078125,10553400
2024-12-20 00:00:00-05:00,188.55679865091983,193.921754093601,187.94980400959224,193.0700225830078,16170100
2024-12-23 00:00:00-05:00,196.78045607855157,203.68246013765645,196.6923490118077,203.00694274902344,17847000
2024-12-24 00:00:00-05:00,201.59715389162523,202.85028186941054,200.25591885410435,201.99855041503906,7634500
2024-12-26 00:00:00-05:00,201.1859753421693,203.79013802428713,198.63076600670828,198.7971954345703,8044900
2024-12-27 00:00:00-05:00,200.20699349418467,200.20699349418467,194.87140667971008,197.39724731445312,10664400
2024-12-30 00:00:00-05:00,195.64478587599314,197.7300758922523,194.31333555033578,196.18324279785156,11235200
2024-12-31 00:00:00-05:00,196.57481215391957,197.54403447752784,193.21682525977096,193.34410095214844,6427900
2025-01-02 00:00:00-05:00,192.86441198215363,199.49229468837112,192.56092215040698,197.3482666015625,10951400
2025-01-03 00:00:00-05:00,199.81536549976707,204.41669612189597,199.42375367627855,204.23068237304688,10261900
2025-01-06 00:00:00-05:00,214.177413290813,217.5354008785005,211.16206926638864,215.39137268066406,24339900
2025-01-07 00:00:00-05:00,216.5955627851984,216.83051495744022,206.88381295296819,206.98170471191406,17010000
2025-01-08 00:00:00-05:00,205.5621337678186,205.88520792195735,201.59715179779695,202.77195739746094,13262700
2025-01-10 00:00:00-05:00,203.24190274316163,205.5719297444822,198.9636310778999,203.9957275390625,17265200
2025-01-13 00:00:00-05:00,196.3105111426977,199.3160552217295,195.85037660296092,197.13287353515625,16612400
2025-01-14 00:00:00-05:00,200.882500808035,201.93003080165468,194.33293988961105,197.22100830078125,14182900
2025-01-15 00:00:00-05:00,198.23919070461852,204.65167647664884,195.16510842435548,202.45870971679688,18286500
2025-01-16 00:00:00-05:00,214.2948646723724,217.29062402430765,208.69494283521993,210.2809295654297,38539600
2025-01-17 00:00:00-05:00,210.65296727554636,211.1522555456279,206.62924727999626,207.0600128173828,21606100
2025-01-21 00:00:00-05:00,209.9578904963072,215.5284289109928,207.59847956119532,214.10887145996094,19061300
2025-01-22 00:00:00-05:00,217.29063012217097,220.69757076130853,214.70605188929707,218.51438903808594,17294500
2025-01-23 00:00:00-05:00,215.4795000699587,219.98292442280444,214.8039826824156,219.90460205078125,8986800
2025-01-24 00:00:00-05:00,221.47099429547478,221.64720840853317,216.321422165992,217.22210693359375,13183800
2025-01-27 00:00:00-05:00,192.90355718074312,202.6544747107646,183.73026520723556,188.27285766601562,68667500
2025-01-28 00:00:00-05:00,191.5427630546389,198.58182759314948,188.41974246619637,198.15106201171875,31738800
2025-01-29 00:00:00-05:00,200.19717857200172,202.1160242309158,195.55667927787383,198.08251953125,15199500
2025-01-30 00:00:00-05:00,202.23351630499053,205.2194761935975,201.1076491073927,203.78033447265625,13539000
2025-01-31 00:00:00-05:00,205.52297656637438,210.4865502949556,203.82929827467805,204.92579650878906,15746900
2025-02-03 00:00:00-05:00,195.43920716950794,200.68668622622653,193.8238363673163,195.6056365966797,17719800
2025-02-04 00:00:00-05:00,199.7859875231545,201.43071229267622,197.83775800211257,199.7664031982422,12692900
2025-02-05 00:00:00-05:00,201.67547277589824,206.06142062242952,199.55102905432116,204.1915283203125,10997800
2025-02-06 00:00:00-05:00,205.65024336696007,206.7467266150624,202.65448382234914,206.0810089111328,8491400
2025-02-07 00:00:00-05:00,208.53829653919982,208.70472595322198,201.40134136865944,201.79293823242188,11616200
2025-02-10 00:00:00-05:00,203.63347177410154,205.57190160148937,202.19433017754412,203.5845184326172,9296500
2025-02-11 00:00:00-05:00,200.82373955706427,205.43485482433576,196.780435285565,204.3579559326172,9224500
2025-02-12 00:00:00-05:00,200.59855927112997,202.723017934718,198.7482363532175,202.04750061035156,7373700
2025-02-13 00:00:00-05:00,197.6419709239869,198.05315213999194,195.04759297794473,197.593017578125,15580900
2025-02-14 00:00:00-05:00,195.78184636341103,201.92022539828884,193.3147590924203,199.6195526123047,23220300
2025-02-18 00:00:00-05:00,200.46151635704544,201.52864559800602,196.3105352351276,198.4839324951172,14988100
2025-02-19 00:00:00-05:00,197.76922097685778,198.34684652517544,195.82100638794753,196.73147583007812,13163100
2025-02-20 00:00:00-05:00,196.075551886062,196.1342899252311,193.46160457379125,195.8993377685547,10639300
2025-02-21 00:00:00-05:00,197.10349743607895,198.43494766395128,191.89517259401694,194.078369140625,13757300
2025-02-24 00:00:00-05:00,192.74694266409722,194.6168350662383,187.4407254231385,187.62672424316406,15114300
2025-02-25 00:00:00-05:00,186.64770496849528,189.46725030751523,183.53446943871361,185.3945770263672,20581000
2025-02-26 00:00:00-05:00,187.07848380239352,191.9637351484455,187.07848380239352,190.5343780517578,14112300
2025-02-27 00:00:00-05:00,190.60290997526144,190.68123234215832,177.2786216781322,177.2884063720703,24219200
2025-02-28 00:00:00-05:00,175.54578332887667,178.33595989875948,171.83535251473336,176.74017333984375,27929400
2025-03-03 00:00:00-05:00,177.3471544492948,177.75835063339048,167.47877467722626,169.33888244628906,37403000
2025-03-04 00:00:00-05:00,171.38501503877342,179.74574572148006,170.52348383702338,176.2213134765625,29395200
2025-03-05 00:00:00-05:00,179.15832517317668,180.86180315103132,176.92618985789954,180.4114532470703,17334000
2025-03-06 00:00:00-05:00,174.8311021382617,177.73875462702551,172.09966376956172,172.15841674804688,17864300
2025-03-07 00:00:00-05:00,172.09967486647807,174.7234220181626,167.42982112211047,173.38218688964844,21012700
2025-03-10 00:00:00-04:00,168.84936612005106,171.2185616551935,164.38509585955367,167.06756591796875,18265100
2025-03-11 00:00:00-04:00,167.0675851360145,169.69133239524743,164.57112854102613,167.38087463378906,16561100
2025-03-12 00:00:00-04:00,171.91366536066056,174.3905523104852,171.09128798303374,173.45069885253906,14737600
2025-03-13 00:00:00-04:00,170.23955825102087,170.23955825102087,166.92072450215298,167.9878387451172,14381600
2025-03-14 00:00:00-04:00,169.02557584648727,170.7094693134069,168.32068951435983,170.4353485107422,11449400
2025-03-17 00:00:00-04:00,170.29830253266562,173.4409222744337,170.17104175251947,172.5402374267578,9678100
2025-03-18 00:00:00-04:00,171.38444134923657,171.5810026767183,167.502283897299,170.15591430664062,9986000
2025-03-19 00:00:00-04:00,170.02811600579054,172.7112144465843,168.78976634003934,170.77505493164062,10678500
2025-03-20 00:00:00-04:00,171.84635329117953,175.60072379807386,171.55150382809012,174.4213409423828,12209700
2025-03-21 00:00:00-04:00,171.90531862158306,174.15597334259274,170.8045483025013,173.6940460205078,9993200
2025-03-24 00:00:00-04:00,176.89807410243188,179.78755715492596,176.59338679386812,178.0479736328125,11440000
2025-03-25 00:00:00-04:00,179.33545652656923,179.37476279159168,176.71132468380262,177.79241943359375,8718800
2025-03-26 00:00:00-04:00,176.15111004168392,176.46562015007166,168.52441987328993,170.51954650878906,14612400
2025-03-27 00:00:00-04:00,168.44579665142905,168.6620186073051,164.67176523432164,165.34991455078125,17559100
2025-03-28 00:00:00-04:00,165.15333581958868,165.73321196370378,161.24171003279432,162.41127014160156,16332000
2025-03-31 00:00:00-04:00,157.60529303180155,163.27617860610138,156.9861105437172,163.14840698242188,19408300
2025-04-01 00:00:00-04:00,163.53167823067164,165.96907149238825,162.2245237605709,165.74302673339844,9180000
2025-04-02 00:00:00-04:00,163.98378515538835,168.7996048556603,163.49237436978234,167.4629669189453,10072700
2025-04-03 00:00:00-04:00,157.31040706117628,159.02052187183108,154.5093747811374,154.67645263671875,28370500
2025-04-04 00:00:00-04:00,148.29795023523496,148.71073350655237,142.35187657149453,144.27821350097656,36085100
2025-04-07 00:00:00-04:00,132.1993520764135,151.10884850058935,131.94382381270972,143.6590576171875,46388300
2025-04-08 00:00:00-04:00,149.36922015101257,149.98840254792313,136.5925395578356,138.9414825439453,30479700
2025-04-09 00:00:00-04:00,137.79158970105397,157.8608056114532,135.53109694985952,156.02293395996094,45612500
2025-04-10 00:00:00-04:00,152.82875419912008,153.32016498432625,144.3863205084781,148.53382873535156,24503500
2025-04-11 00:00:00-04:00,153.32017316219165,155.2956392252887,150.6174136993966,154.38162231445312,19632200
2025-04-14 00:00:00-04:00,155.58065038167345,155.86566202534416,151.38399827153555,153.16290283203125,17509400
2025-04-15 00:00:00-04:00,153.801767994042,155.5315287283337,153.36932406130194,154.62733459472656,14306600
2025-04-16 00:00:00-04:00,148.01293340347036,150.9024162018221,145.93917930543546,149.06454467773438,23806100
2025-04-17 00:00:00-04:00,153.36932070704006,154.79440909300712,148.84833514121195,149.13336181640625,27239900
2025-04-21 00:00:00-04:00,147.41340672383575,147.6984183690805,143.33468837521986,145.3199920654297,15170500
2025-04-22 00:00:00-04:00,145.45757683566566,149.97856157381872,144.90719921467286,148.79916381835938,12668600
2025-04-23 00:00:00-04:00,156.63225921438078,157.62491853712285,153.32015552536222,155.09906005859375,17667900
2025-04-24 00:00:00-04:00,155.06959716081565,161.72330386274058,154.68629732107902,161.35964965820312,18761100
2025-04-25 00:00:00-04:00,161.11394049140412,163.059938090846,158.39153540966151,162.26385498046875,14654800
2025-04-28 00:00:00-04:00,162.165553291743,162.4800633813754,157.7428563837864,160.59303283691406,11415600
2025-04-29 00:00:00-04:00,161.55620682612204,163.14837289520224,160.69131908653955,161.65447998046875,9830100
2025-04-30 00:00:00-04:00,160.73064098779656,164.05258285926172,158.97139688815543,163.8265380859375,10073000
2025-05-01 00:00:00-04:00,169.83157247249707,171.77755500697694,168.01334654602144,169.75294494628906,22670600
2025-05-02 00:00:00-04:00,176.71132778191193,177.54671714912382,174.09701871039994,176.20025634765625,21691200
2025-05-05 00:00:00-04:00,175.92506256190234,176.98651166634517,173.22230322086753,173.36972045898438,14618900
2025-05-06 00:00:00-04:00,169.63500570018678,171.73824321944673,167.65952478482265,169.32049560546875,14565600
2025-05-07 00:00:00-04:00,171.1092580758132,172.95695261044528,168.42614412961564,171.54168701171875,9682500
2025-05-08 00:00:00-04:00,172.32792524095615,174.40167929042204,170.67679225199748,172.20999145507812,10343000
2025-05-09 00:00:00-04:00,176.71130896475717,177.3599747549313,173.43851156524144,173.48765563964844,11582800
2025-05-12 00:00:00-04:00,184.06280904361657,185.92034107595805,181.4386774421606,183.76795959472656,22064900
2025-05-13 00:00:00-04:00,184.49528156257153,190.94258919496176,184.49528156257153,190.65757751464844,19996000
2025-05-14 00:00:00-04:00,191.92539331040865,192.84924797759112,189.9106061102058,191.41432189941406,12359000
2025-05-15 00:00:00-04:00,189.78286577163797,191.14898725921003,188.33811675281459,190.8836212158203,10241800
2025-05-16 00:00:00-04:00,191.1882935265016,191.72884843093692,189.26197149918255,190.8836212158203,9146700
2025-05-19 00:00:00-04:00,185.75328241392623,190.1759796142578,185.56654391044543,190.1759796142578,10144400
2025-05-20 00:00:00-04:00,188.5051814514462,190.40201989649006,187.5321826915011,190.1268310546875,7054100
2025-05-21 00:00:00-04:00,189.78285844061844,191.91557952967204,187.25699971049445,188.4658660888672,7375700
2025-05-22 00:00:00-04:00,188.05307264543464,193.44876837862918,188.05307264543464,192.81976318359375,11825000
2025-05-23 00:00:00-04:00,188.7214196532689,189.48801934955813,186.76559914794885,188.68209838867188,9403100
2025-05-27 00:00:00-04:00,190.76569132117527,194.9033621358578,190.3725536568733,194.2841796875,12228200
2025-05-28 00:00:00-04:00,192.72148580300515,194.6674833873689,192.1219640213579,192.7706298828125,17787600
2025-05-29 00:00:00-04:00,196.0336211089582,196.36777688473782,192.71167899404486,193.76329040527344,14609900
2025-05-30 00:00:00-04:00,192.40697901164688,192.5445734287581,187.28647213843638,189.9990692138672,11998300
2025-06-02 00:00:00-04:00,189.72386862021838,191.80746053916906,188.89830210346452,191.49295043945312,7447400
2025-06-03 00:00:00-04:00,191.01138477669602,194.76575550650745,190.31357483917387,194.2153778076172,9548300
2025-06-04 00:00:00-04:00,197.92061323713452,200.52508440780542,196.93779166379954,198.92308044433594,13531100
2025-06-05 00:00:00-04:00,201.36049273800646,202.2253655419633,198.8051505979807,199.84693908691406,12214300
2025-06-06 00:00:00-04:00,200.08282886556051,202.74626707980863,199.73883529702852,201.65533447265625,8532000
2025-06-09 00:00:00-04:00,202.8543927785063,205.67510125381145,202.3334984775039,203.444091796875,11472300
2025-06-10 00:00:00-04:00,207.97486790420982,209.56703400945415,206.35321835232514,208.81027221679688,14514000
2025-06-11 00:00:00-04:00,211.30665261803327,213.6949020050364,209.2918652565277,210.422119140625,13326400
2025-06-12 00:00:00-04:00,210.0275514129475,212.94734742847314,209.03127734270745,212.50344848632812,9796100
2025-06-13 00:00:00-04:00,207.2557127523494,210.36291482880904,206.55535128876352,208.23226928710938,10152500
2025-06-16 00:00:00-04:00,210.1064750526431,214.6439918020812,209.84013868674677,212.75006103515625,10932900
2025-06-17 00:00:00-04:00,210.98435818494104,213.00651246698564,210.5996568377425,210.9942169189453,8389700
2025-06-18 00:00:00-04:00,211.7833504369995,212.24696680702667,209.99794124887464,210.5996551513672,6932000
2025-06-20 00:00:00-04:00,212.27655392917873,212.5724815077033,205.3223235656101,206.66384887695312,16992000
2025-06-23 00:00:00-04:00,203.8229854704959,207.72918138463447,203.39881909132058,207.46286010742188,7535500
2025-06-24 00:00:00-04:00,211.47756427431315,217.37632323896204,210.97449791671255,217.10012817382812,14814700
2025-06-25 00:00:00-04:00,217.8005089466299,220.4638273404419,217.8005089466299,219.7141571044922,9168400
2025-06-26 00:00:00-04:00,221.9236971587887,222.16044223565277,219.67467160883777,220.9668731689453,7982200
2025-06-27 00:00:00-04:00,221.25295304943387,225.77073689386313,220.98661670612069,225.46495056152344,13133000
2025-06-30 00:00:00-04:00,224.35028421514124,225.0506306055179,221.74614858799706,223.41319274902344,9279800
2025-07-01 00:00:00-04:00,224.34041910998818,225.4945382288171,218.17532363185455,221.62777709960938,9990200
2025-07-02 00:00:00-04:00,221.430488034363,230.6436177807196,220.95701293535066,230.42660522460938,12012500
2025-07-03 00:00:00-04:00,230.69294696698086,234.35255444104118,230.10110680358656,231.61032104492188,7779600
2025-07-07 00:00:00-04:00,228.48336605867672,229.39086627012296,224.35028380928972,226.05677795410156,13817500
2025-07-08 00:00:00-04:00,226.6585029430279,227.20103435998237,224.44892728647835,224.76458740234375,8854400
2025-07-09 00:00:00-04:00,227.31938939779374,230.10108760359884,227.1122506259159,228.6905059814453,9475300
2025-07-10 00:00:00-04:00,229.61774171038167,229.8840780434848,224.6758067044803,226.63876342773438,13124700
2025-07-11 00:00:00-04:00,227.86192047230193,229.1146720417001,226.28365006747737,227.2700653076172,8817800
2025-07-14 00:00:00-04:00,226.21462108013904,226.72756124721522,223.23564267914276,225.56358337402344,10673500
2025-07-15 00:00:00-04:00,231.27492998000685,234.48077959576807,230.67321606545005,233.73109436035156,14270100
2025-07-16 00:00:00-04:00,233.18854893686157,235.07260559477504,230.96911472089587,234.33279418945312,15092800
2025-07-17 00:00:00-04:00,242.4510018385112,244.90718127173258,238.11078068457638,242.2635955810547,27395700
2025-07-18 00:00:00-04:00,241.97753429187748,242.62857200077755,235.44746983700878,237.1342315673828,16252000
2025-07-21 00:00:00-04:00,236.85803749977825,239.04788067433867,235.46720336310042,235.6053009033203,11971800
2025-07-22 00:00:00-04:00,234.59915743125546,234.7668462295247,228.6116092123607,231.4130401611328,11919500
2025-07-23 00:00:00-04:00,235.27977630209392,237.2328743379398,233.1688482094214,237.065185546875,9885400
2025-07-24 00:00:00-04:00,236.94681552363792,238.66316843797964,234.79642243644236,238.31793212890625,9081900
2025-07-25 00:00:00-04:00,238.04173944267188,242.89490074983618,237.6668968247539,242.2635955810547,11593400
2025-07-28 00:00:00-04:00,239.69890483695127,240.6359963105813,237.77539811707862,239.45230102539062,11892200
2025-07-29 00:00:00-04:00,238.21926347969813,240.65571015294805,236.56209321934244,238.05157470703125,9411500
2025-07-30 00:00:00-04:00,238.83084623459882,241.24757554440723,237.94307856469075,239.61012268066406,6823800
2025-07-31 00:00:00-04:00,242.6384175510975,244.04899917706834,236.54237856673282,238.337646484375,13490700
2025-08-01 00:00:00-04:00,232.4191740931886,233.96785337838122,228.69052536827672,232.01475524902344,13549800
2025-08-04 00:00:00-04:00,234.6780458982317,235.75323486328125,233.1786905666891,235.75323486328125,6450700
2025-08-05 00:00:00-04:00,235.09236020111356,235.3882878013461,227.04320774260398,229.3119659423828,11868900
2025-08-06 00:00:00-04:00,227.8915053746294,229.0456093672508,225.7115361835117,228.2268829345703,9457200
2025-08-07 00:00:00-04:00,241.14894041826548,244.4731550362825,237.52879821120933,239.32406616210938,17691000
2025-08-08 00:00:00-04:00,239.8567338828688,239.8567338828688,235.72365161020412,238.5447998046875,10552500
2025-08-11 00:00:00-04:00,238.75194575736083,242.01699295019276,238.25873812147415,238.80126953125,8272900
2025-08-12 00:00:00-04:00,240.40912564667218,241.44486466823423,238.41656262963397,240.97137451171875,7295800
2025-08-13 00:00:00-04:00,243.08229757287387,243.08229757287387,236.68047237186036,238.16009521484375,7971900
2025-08-14 00:00:00-04:00,234.7372372283357,238.10091682860465,233.60286571635746,237.72607421875,11040500
2025-08-15 00:00:00-04:00,237.06515614300278,237.52877247023818,234.03685439069932,235.63485717773438,8155500
2025-08-18 00:00:00-04:00,236.7298005781023,239.56080752089466,236.7298005781023,238.13050842285156,6919800
2025-08-19 00:00:00-04:00,236.75940072307603,236.9073569951018,229.42046860054347,229.53883361816406,14594700
2025-08-20 00:00:00-04:00,225.0407797054252,225.91868869604355,220.66109348651923,225.49453735351562,17165200
2025-08-21 00:00:00-04:00,225.05062817260477,227.2010211957092,223.1863039943661,224.2417755126953,7449100
2025-08-22 00:00:00-04:00,224.90267271447098,231.26504794543524,223.09753103518776,229.82489013671875,10299500
2025-08-25 00:00:00-04:00,231.1171030553405,234.05661637456984,229.09494872155582,232.3895721435547,7655000
2025-08-26 00:00:00-04:00,233.15896891234874,235.58555706131565,232.5276637514675,235.47705078125,9793100
2025-08-27 00:00:00-04:00,233.65218345998116,236.14781292390438,232.24161682885185,236.039306640625,9516400
2025-08-28 00:00:00-04:00,233.08991817215193,237.39068910897996,232.79399059753268,235.0331573486328,8466200
2025-08-29 00:00:00-04:00,232.63615785863794,232.7446641330259,227.44761930949934,227.73367309570312,15526000
2025-09-02 00:00:00-04:00,223.07780839887783,226.22447553406116,222.56488329300976,225.28738403320312,13974900
2025-09-03 00:00:00-04:00,228.37485134132146,229.29221025269274,225.4945207632128,228.24661254882812,7198500
2025-09-04 00:00:00-04:00,228.2071914919199,232.1133877506355,227.17145239022142,232.01475524902344,6241900
2025-09-05 00:00:00-04:00,236.976398075616,241.2278452692405,234.66817501968495,240.10333251953125,14056600
2025-09-08 00:00:00-04:00,238.70264417605011,244.51262969854773,238.3376602795533,243.83200073242188,12986600
2025-09-09 00:00:00-04:00,243.57550459144537,251.26954636644058,243.57550459144537,247.5113067626953,13443400
2025-09-10 00:00:00-04:00,255.35329844767236,260.98572082054017,254.2485182382485,256.9019775390625,18822400
2025-09-11 00:00:00-04:00,256.8132322039309,258.0857163837867,254.72203656138117,255.39279174804688,10005000
2025-09-12 00:00:00-04:00,257.3064384010325,257.405085952161,254.8699913928882,255.80706787109375,8496600
2025-09-15 00:00:00-04:00,256.4679657672594,259.2299164343204,255.23494670107064,257.8292236328125,8147700
2025-09-16 00:00:00-04:00,263.1350503784364,263.6495935809019,257.8806338818228,259.3154602050781,10381900
2025-09-17 00:00:00-04:00,261.57159676239604,262.03667571935586,257.00989120831827,260.037841796875,10422000
2025-09-18 00:00:00-04:00,255.29801531240756,267.70669474465245,255.2782356398553,265.82659912109375,16917300
2025-09-19 00:00:00-04:00,263.5803601625748,263.7782776853161,260.0576456831935,262.0960693359375,17640200
2025-09-22 00:00:00-04:00,263.74856380974825,273.46569705940817,262.66998288583386,269.7747802734375,15630300
2025-09-23 00:00:00-04:00,279.44248603253794,283.0047901297097,277.0676267004151,279.7492370605469,17830300
2025-09-24 00:00:00-04:00,277.3743368042687,278.2649051476724,273.8219381669564,277.7701416015625,10231000
2025-09-25 00:00:00-04:00,270.2596388254702,274.23755712515674,267.3603316473994,273.7625732421875,11863400
2025-09-26 00:00:00-04:00,271.0215791584454,272.61470321943943,267.78580636703526,270.4971008300781,10451900
2025-09-29 00:00:00-04:00,273.59436844119443,276.9389752403677,270.3685302734375,270.3685302734375,8046200
2025-09-30 00:00:00-04:00,272.4366572875338,276.5629691238229,270.96224110944206,276.3650817871094,8348800
2025-10-01 00:00:00-04:00,275.5239274754906,287.4378421861954,274.2672389327902,285.4488830566406,14620100
2025-10-02 00:00:00-04:00,293.41457828378793,293.6124957920574,284.02397533725934,285.0926513671875,10198000
2025-10-03 00:00:00-04:00,289.7929101352561,292.9594091324841,287.44773559325904,289.12994384765625,10572500
2025-10-06 00:00:00-04:00,296.86807781887416,304.08170967739136,296.7988036643541,299.2330322265625,15785000
2025-10-07 00:00:00-04:00,303.40879568727814,303.8837795682962,290.2085077484398,290.9506530761719,13081000
2025-10-08 00:00:00-04:00,291.9105225218472,303.1911265051307,290.90121565422857,301.330810546875,12821200
2025-10-09 00:00:00-04:00,299.14398492325466,299.6585282295374,294.305212302666,296.73944091796875,10259900
2025-10-10 00:00:00-04:00,296.81856569974786,297.05607275856363,277.3941422433682,277.720703125,23398000
2025-10-13 00:00:00-04:00,295.1166001118642,301.43969379299637,289.258615648437,299.7179260253906,20318300
2025-10-14 00:00:00-04:00,292.5339167233838,298.5898180608293,288.288836786656,292.8406677246094,16567900
2025-10-15 00:00:00-04:00,303.082299256883,303.3989250153471,296.9274387692454,301.5188293457031,20788000
2025-10-16 00:00:00-04:00,307.67368201770626,308.10907639725525,293.5828244918617,296.6998291015625,26341500
2025-10-17 00:00:00-04:00,295.2748918860935,300.1235688218204,291.83135677317944,291.9896545410156,17633300
2025-10-20 00:00:00-04:00,296.858175994056,300.4699444290553,293.9489634534762,294.582275390625,13391600
2025-10-21 00:00:00-04:00,295.86865753332677,296.234777796257,290.58458546735824,291.4256896972656,11190500
2025-10-22 00:00:00-04:00,289.93146137447417,292.10843323190164,281.4215216563114,285.8546142578125,15409100
2025-10-23 00:00:00-04:00,286.7649584912356,291.0100384571824,286.5967557851333,287.68524169921875,10379900
2025-10-24 00:00:00-04:00,292.47453789023115,294.8296172657698,291.3069031370053,291.87091064453125,8747000
2025-10-27 00:00:00-04:00,295.52226965390423,297.33312120236775,290.6142235724544,295.12646484375,13615000
2025-10-28 00:00:00-04:00,295.19575753431485,298.96585369917125,292.97919610185704,298.37213134765625,11804200
2025-10-29 00:00:00-04:00,302.59739225116834,304.73477453206556,299.213226288227,301.89483642578125,16177300
2025-10-30 00:00:00-04:00,299.90588529312294,304.09159614787745,297.6695743944884,300.04443359375,14507100
2025-10-31 00:00:00-04:00,302.78542991655524,304.45773336474736,293.57293374587425,297.2836608886719,12667900
2025-11-03 00:00:00-05:00,299.421020540048,306.87215886732014,298.95594156565636,301.667236328125,12466600
2025-11-04 00:00:00-05:00,293.77083785106356,298.8273073116045,290.4361360427658,290.970458984375,16224300
2025-11-05 00:00:00-05:00,289.55539089910695,295.0967482342114,288.44712547167967,290.5647277832031,10502500
2025-11-06 00:00:00-05:00,291.0199639813823,291.55431714027856,284.3703397970308,286.2108459472656,11516900
2025-11-07 00:00:00-05:00,282.2230133152653,284.8749688709801,274.2276477029394,283.49951171875,15715700
2025-11-10 00:00:00-05:00,291.2772304250046,294.0182402681802,288.6945787655238,292.1777038574219,10869200
2025-11-11 00:00:00-05:00,289.00126884346395,291.8313319195559,285.8842646643808,288.12060546875,9666300
2025-11-12 00:00:00-05:00,290.6241769778636,291.7819069956024,286.54729917920895,287.576416015625,9715900
2025-11-13 00:00:00-05:00,286.14157316784883,286.4681038332975,277.0675961081979,279.24456787109375,13827600
2025-11-14 00:00:00-05:00,273.0204963569482,283.8558027839494,270.36857029097325,281.8371887207031,11486800
2025-11-17 00:00:00-05:00,278.4925418297308,283.52923173076323,276.86970270196167,279.05657958984375,10227100
2025-11-18 00:00:00-05:00,274.64326621869577,277.25563255917973,269.8638630612762,274.99951171875,11850400
2025-11-19 00:00:00-05:00,274.0199057595769,281.5699734871849,273.42618335610956,279.4128112792969,11179200
2025-11-20 00:00:00-05:00,289.1497162474202,289.7830281101268,273.5151995620044,274.5937805175781,15747300
2025-11-21 00:00:00-05:00,269.95291558545046,275.7713404085033,264.02565726438905,272.1793518066406,20872800
2025-11-24 00:00:00-05:00,270.32889967676067,282.074581035968,270.32889967676067,281.65899658203125,13570300
2025-11-25 00:00:00-05:00,279.76904839262784,282.41106922159145,270.2200863356128,281.6986083984375,13726800
2025-11-26 00:00:00-05:00,286.0722999698946,289.7434371750693,284.71665263040256,286.92327880859375,12220300
2025-11-28 00:00:00-05:00,289.4169042863992,289.60491685591876,285.9733390213773,288.4570617675781,5515400
2025-12-01 00:00:00-05:00,283.91518559877176,288.11077167848856,280.2242379063567,284.6672058105469,7713000
2025-12-02 00:00:00-05:00,288.94192152398784,291.41573934525485,286.1514477740855,289.0309753417969,10746400
2025-12-03 00:00:00-05:00,289.1200615613843,293.5135649201736,283.0740646236572,292.3558349609375,9599200
2025-12-04 00:00:00-05:00,290.90123487694694,290.9506991607756,287.1608230406403,289.8622131347656,6753000
2025-12-05 00:00:00-05:00,292.949511238976,297.6497653709175,290.178847198284,291.6334533691406,10275300
2025-12-08 00:00:00-05:00,298.0455603967832,299.4506719009636,293.61246832875855,298.7085266113281,16643100
2025-12-09 00:00:00-05:00,296.8482258964218,301.4891104242476,295.37384017664607,300.232421875,11349100
2025-12-10 00:00:00-05:00,302.17190389544214,310.69174844254565,299.3319657790651,306.8919677734375,12429200
2025-12-11 00:00:00-05:00,302.93807526266465,303.4540076194729,297.3023946409227,302.47174072265625,15028400
2025-12-12 00:00:00-05:00,301.9061576359237,301.9061576359237,288.7099297297565,289.76165771484375,19306100
2025-12-15 00:00:00-05:00,292.847372522869,293.4922954728187,285.3066580908948,285.49517822265625,12082400
2025-12-16 00:00:00-05:00,285.01896048770215,286.2095805604762,281.1096958424602,284.6319885253906,11418400
2025-12-17 00:00:00-05:00,286.2790297091352,286.84459011670054,272.9339478788392,274.7992858886719,16823000
2025-12-18 00:00:00-05:00,282.776586730792,284.91973923218603,279.55194144351105,282.4590759277344,11260300
2025-12-19 00:00:00-05:00,284.1457825914221,289.8906198047641,284.1457825914221,286.69573974609375,12735800
2025-12-22 00:00:00-05:00,292.3711749836275,292.7085188743169,288.9381460240562,290.99200439453125,6091100
2025-12-23 00:00:00-05:00,291.11103891238497,295.5858639147308,289.9204188593533,294.63336181640625,6802300
2025-12-24 00:00:00-05:00,295.41717458996357,296.8261097967219,293.9189754303668,296.4689025878906,2753900
2025-12-26 00:00:00-05:00,297.56032049750814,301.01318213639195,296.1910817393388,300.4773864746094,5125900
2025-12-29 00:00:00-05:00,299.42566387616273,302.1244450231818,296.3200777082167,298.5723876953125,6205100
2025-12-30 00:00:00-05:00,300.0011391277321,302.1740563751994,297.1138679923818,297.2428283691406,6190600
2025-12-31 00:00:00-05:00,301.6283533784541,304.9919209321944,301.0627929487904,301.51922607421875,8175100
2026-01-02 00:00:00-05:00,309.5460975445343,319.08111055268074,309.2682831769581,317.1165466308594,18526900
2026-01-05 00:00:00-05:00,327.8223735140196,328.66574828249253,318.9918130500267,319.7359619140625,17446300
2026-01-06 00:00:00-05:00,327.64379162439326,330.4814648153332,322.05770919495353,324.87554931640625,15599600
2026-01-07 00:00:00-05:00,322.13707577331206,323.754333770312,316.0548945870139,316.19378662109375,11744800
2026-01-08 00:00:00-05:00,321.8593151000024,321.9684424107283,313.67367673362793,315.5290832519531,10850800
2026-01-09 00:00:00-05:00,317.3348519161208,322.23631522170336,315.7671915153157,321.105224609375,12325100
2026-01-12 00:00:00-05:00,319.5871586490381,330.9478138659766,318.5552636799474,329.18170166015625,12714800
2026-01-13 00:00:00-05:00,330.27309064542214,333.7954132833018,328.19939953454343,328.62603759765625,11473600
2026-01-14 00:00:00-05:00,327.28659037276196,327.28659037276196,322.2859316163962,324.55804443359375,11210800
2026-01-15 00:00:00-05:00,340.135586806983,348.5891076593292,335.2837515814295,338.9747314453125,42188500
2026-01-16 00:00:00-05:00,343.80668045512135,347.1206195082504,338.7960603210563,339.7287292480469,18246100
2026-01-20 00:00:00-05:00,338.1313364620921,339.48071189259883,324.34968471529476,324.607666015625,22809900
2026-01-21 00:00:00-05:00,330.82874387503756,331.0371273646044,323.13920537714773,323.5757751464844,16789800
2026-01-22 00:00:00-05:00,330.81882845563956,332.43608653314976,324.34967502762106,324.8160095214844,12801000
2026-01-23 00:00:00-05:00,329.47936363205406,334.5197186962658,328.7848125692652,332.25750732421875,12904400
2026-01-26 00:00:00-05:00,330.19377272544483,332.4857490146178,327.65374679216654,330.1143798828125,8646400
2026-01-27 00:00:00-05:00,333.874797832543,338.58774074399787,331.94993030529434,335.700439453125,11298100
2026-01-28 00:00:00-05:00,340.3538629518031,342.80459454948726,336.0179601896303,339.6295471191406,12140100
2026-01-29 00:00:00-05:00,337.1490506107021,341.05831526710136,325.63957181022323,336.9010009765625,13844800
2026-01-30 00:00:00-05:00,332.8032406861379,337.24827067398576,326.5325387767145,327.98114013671875,12028100
2026-02-02 00:00:00-05:00,328.17958891230955,341.51473931131505,326.5325357518927,338.6968688964844,12459100
2026-02-03 00:00:00-05:00,342.3779116570284,344.3424451245093,327.445307460212,333.130615234375,12540000
2026-02-04 00:00:00-05:00,332.98185488867296,336.1568722283187,316.5808133072255,323.1987609863281,18176000
2026-02-05 00:00:00-05:00,320.30151726199347,331.9598492812,317.1562347900045,328.1498107910156,14812000
2026-02-06 00:00:00-05:00,334.8670191198288,346.9916869195844,334.0236442750349,346.12847900390625,17025500
2026-02-09 00:00:00-05:00,346.03915418060814,356.79458215127875,345.0866218313975,352.63726806640625,14594900
2026-02-10 00:00:00-05:00,361.4876818869398,361.91435027289293,353.6096533118126,359.0865783691406,14622100
2026-02-11 00:00:00-05:00,367.1927833766312,376.6186685059175,365.5159958791867,371.1715087890625,18651300
2026-02-12 00:00:00-05:00,376.0432604280204,377.0354590043476,319.5871674909005,365.2283020019531,16835400
2026-02-13 00:00:00-05:00,366.2701041217581,368.2148048835046,357.955475077421,363.5018615722656,10468200
2026-02-17 00:00:00-05:00,359.0468641658292,363.3431006012081,353.46078180009584,361.35870361328125,10063800
2026-02-18 00:00:00-05:00,361.02133126522324,366.508218032298,357.89591204967707,359.433837890625,7310500
2026-02-19 00:00:00-05:00,356.9136438611003,359.96960190296664,354.65143250349934,357.57843017578125,6346500
2026-02-20 00:00:00-05:00,356.973195320981,369.29631471136037,356.2985075698773,367.6492614746094,9009200
2026-02-23 00:00:00-05:00,364.14677699769385,370.5166743381141,363.6010496612562,367.15313720703125,9550200
2026-02-24 00:00:00-05:00,376.44010355896955,386.1438036446622,373.11623253941787,382.7405700683594,13269500
2026-02-25 00:00:00-05:00,387.1657720859335,387.1657720859335,381.82773925773006,384.70513916015625,10948400
2026-02-26 00:00:00-05:00,383.1672263198317,383.4549723757493,366.81581369935094,373.8703308105469,14535700
2026-02-27 00:00:00-05:00,367.25238119450546,373.7413378283431,365.74422003866846,371.65771484375,9186600
2026-03-02 00:00:00-05:00,362.5096327877594,370.1892698390372,361.805180324485,366.2303771972656,12571600
2026-03-03 00:00:00-05:00,346.82300365799256,353.20286357900704,341.45523595317235,350.3750915527344,18580200
2026-03-04 00:00:00-05:00,354.64152706511044,358.2729774592908,351.7839903431653,354.6514587402344,12131100
2026-03-05 00:00:00-05:00,352.13126020717795,356.6656148589353,341.11785021912823,351.099365234375,16249800
2026-03-06 00:00:00-05:00,340.8202061406526,345.9994838468957,334.0633363539357,336.2461853027344,13803000
2026-03-09 00:00:00-04:00,332.98183777916137,346.674165589237,329.3305544004074,345.9796447753906,19182800
2026-03-10 00:00:00-04:00,345.7514103972268,350.74216761060524,341.6238610288638,344.3821716308594,12985600
2026-03-11 00:00:00-04:00,351.1687944015416,354.56212646468424,347.6266386249923,351.79388427734375,10683300
2026-03-12 00:00:00-04:00,343.2312321086188,344.18376450390895,333.7557482066634,334.0831604003906,17549400
2026-03-13 00:00:00-04:00,341.23690333178314,341.8321981765916,333.5969631754759,335.670654296875,17299900
2026-03-16 00:00:00-04:00,338.5877457033614,341.9413815531426,337.1689090836835,337.5757141113281,11123500
2026-03-17 00:00:00-04:00,338.8950642418574,345.0242327662002,336.7060646385863,344.2481384277344,11434600
2026-03-18 00:00:00-04:00,344.0491456790528,346.2082967825283,337.6413796256118,337.8702392578125,12632600
2026-03-19 00:00:00-04:00,327.5720434439514,338.19857588973304,323.562217399616,337.0941467285156,15411600
2026-03-20 00:00:00-04:00,334.99467908694373,335.9100872183569,324.26864157301935,327.5919189453125,17424200
2026-03-23 00:00:00-04:00,329.44264462384547,341.6910229876571,329.44264462384547,336.755859375,15857200
2026-03-24 00:00:00-04:00,333.8902502492645,343.15364491151615,332.3479908389967,341.53179931640625,9725000
2026-03-25 00:00:00-04:00,344.2680372708483,348.6957741735823,341.78055145241734,346.00927734375,12166900
2026-03-26 00:00:00-04:00,338.1189630007094,339.203503120475,323.7412835307438,324.4775695800781,14560200
2026-03-27 00:00:00-04:00,323.2039883763507,327.9103223942696,320.6966136463328,325.10443115234375,14484500
2026-03-30 00:00:00-04:00,325.56216209532477,327.95014245230794,312.22921356960165,314.91571044921875,15740000
2026-03-31 00:00:00-04:00,320.6966351867104,336.71605072762713,319.5325087700458,336.25836181640625,18488000
2026-04-01 00:00:00-04:00,342.17854914590083,346.93462090003794,338.0493286874358,339.7806091308594,15011600
2026-04-02 00:00:00-04:00,325.2039521989868,340.3577271967921,325.1641439225332,337.3428955078125,8994600
2026-04-06 00:00:00-04:00,338.0493071484853,342.47704384720265,336.92495875199035,340.04925537109375,5884800
2026-04-07 00:00:00-04:00,337.7408894609472,343.800401496003,333.9698523179473,343.5914611816406,6823500
2026-04-08 00:00:00-04:00,368.4364601075995,372.42636673527477,357.44175450789885,364.06842041015625,16356900
2026-04-09 00:00:00-04:00,361.4814517877364,366.3271000009198,358.9143796075223,363.6604919433594,9246000
2026-04-10 00:00:00-04:00,373.7099155381664,376.1078555093986,367.89915231375693,368.7449035644531,13168200
2026-04-13 00:00:00-04:00,368.406610773548,369.6005857520545,364.2176627766789,367.7200622558594,9596300
2026-04-14 00:00:00-04:00,377.14265208313475,380.24702947458644,371.351777906487,377.9884033203125,12859500
2026-04-15 00:00:00-04:00,379.5007934242053,380.067947483411,370.3468333849878,373.2223815917969,14955500
2026-04-16 00:00:00-04:00,367.01358697022727,368.34690606796914,358.7451866752306,361.53118896484375,26405800
2026-04-17 00:00:00-04:00,371.3318824805671,373.6999433926544,363.3122309041329,368.6453857421875,18419400
2026-04-20 00:00:00-04:00,367.37180175008353,368.21755298976365,362.4266787959822,364.4067077636719,11638300
2026-04-21 00:00:00-04:00,366.23748779296875,368.89413592875366,363.2823535137547,366.23748779296875,9808200
2026-04-22 00:00:00-04:00,369.9189953097242,385.9682589069654,368.784717549379,385.5006103515625,16317200
2026-04-23 00:00:00-04:00,382.32657470853144,386.8140088935502,373.928820059333,380.7445373535156,12224900
2026-04-24 00:00:00-04:00,394.1570630507156,407.4402128820239,391.8785175641444,400.4454040527344,21603600
2026-04-27 00:00:00-04:00,411.6789092780654,412.42515503506496,398.39572873051054,402.95281982421875,16561200
2026-04-28 00:00:00-04:00,390.1571681501014,395.87838549376846,382.7743272952668,390.3760681152344,14715800
2026-04-29 00:00:00-04:00,390.9432342615354,393.86852008390554,386.2369000479684,391.8586120605469,10313000
2026-04-30 00:00:00-04:00,395.8186936983045,396.7937990772518,383.779256180323,394.07745361328125,12788100
2026-05-01 00:00:00-04:00,391.47057584914086,401.9677539979997,390.1671356919595,395.6794128417969,9926400
2026-05-04 00:00:00-04:00,402.4950769033065,405.6591818042443,393.2217532520516,399.5996398925781,9978500
2026-05-05 00:00:00-04:00,402.5747249589579,404.0970651183038,390.63479261434117,392.43572998046875,14579000
2026-05-06 00:00:00-04:00,400.38573634732825,417.5991575082451,398.6444961653314,417.400146484375,17736400
2026-05-07 00:00:00-04:00,415.9971844680794,417.89762732182106,406.06712991609794,412.076904296875,13403200
2026-05-08 00:00:00-04:00,414.86290230176917,414.9126398728533,398.87333596683465,409.6192626953125,18531200
2026-05-11 00:00:00-04:00,404.70398395493856,405.6890489894404,396.1967945817307,402.5150146484375,14680000
2026-05-12 00:00:00-04:00,395.7589998740981,400.22651475681516,384.18721080822064,395.2913513183594,18121800
2026-05-13 00:00:00-04:00,396.276396402319,402.6543139512588,389.5104468391825,397.7987365722656,13127800
2026-05-14 00:00:00-04:00,401.19165102887035,419.85775417782304,400.0872219094326,415.6290283203125,18577100
2026-05-15 00:00:00-04:00,404.46522064091664,407.81834688601396,396.8336002882294,402.32598876953125,11868600
2026-05-18 00:00:00-04:00,404.84329833040704,404.84329833040704,389.09252106347094,393.968017578125,12117200
2026-05-19 00:00:00-04:00,387.56025618461223,396.8833483183698,383.1325192131813,390.64471435546875,14083000
2026-05-20 00:00:00-04:00,395.0127501807712,401.8583160498314,393.96801827710163,399.609619140625,10254300
2026-05-21 00:00:00-04:00,397.51019752708453,409.40036164238745,397.51019752708453,405.1119384765625,8937900
2026-05-22 00:00:00-04:00,407.38054325554276,408.6143569394827,400.84342286667913,402.4951171875,7111900
2026-05-26 00:00:00-04:00,411.05205632303665,414.4051823859026,408.0173357360935,410.2560729980469,10132000
2026-05-27 00:00:00-04:00,424.8824563339026,428.3947850088849,413.3007384367369,420.61395263671875,14695600
2026-05-28 00:00:00-04:00,420.1065071263231,425.45958147880856,412.6340899930758,422.7332763671875,8905800
2026-05-29 00:00:00-04:00,424.93222320935155,428.28534914372324,415.1613718907187,416.3553771972656,11232300
2026-06-01 00:00:00-04:00,422.7532123879876,447.14053409058647,420.38512093123484,433.44940185546875,18040400
2026-06-02 00:00:00-04:00,438.37457899626526,446.1355528200009,433.8274780845329,444.4540100097656,10147900
2026-06-03 00:00:00-04:00,447.7375021932131,447.9066645948778,432.3548978947935,434.50408935546875,10245200
2026-06-04 00:00:00-04:00,428.4744237818752,445.7674305232791,425.16107557674286,442.6929016113281,10974100
2026-06-05 00:00:00-04:00,427.61868936256604,431.7280206797723,410.72370558272405,413.091796875,19644200
2026-06-08 00:00:00-04:00,421.64874256857007,431.63849429260597,420.414959297748,424.66357421875,11245400
2026-06-09 00:00:00-04:00,428.7231593169487,435.96671678333087,403.48015816758146,425.7779846191406,21199500
2026-06-10 00:00:00-04:00,411.8878611431825,424.1860073532579,405.65921703142766,406.7039489746094,13139700
2026-06-11 00:00:00-04:00,412.1543187617326,421.12025597599353,407.7660667604286,419.94342041015625,13826500
2026-06-12 00:00:00-04:00,418.926122122412,425.79770217697245,416.09372434298206,422.7957458496094,10362500
2026-06-15 00:00:00-04:00,437.50630082267026,441.3958602540778,430.7743605020283,440.2190246582031,11184900
2026-06-16 00:00:00-04:00,434.8534128075619,439.1518789209767,424.06238496613236,424.690673828125,10943500
2026-06-17 00:00:00-04:00,433.58682418816994,441.3160890241868,430.485159618059,430.9937744140625,10934100
2026-06-18 00:00:00-04:00,437.7057646856021,463.9752873583674,437.2170854387933,460.8835754394531,25817100
2026-06-22 00:00:00-04:00,474.816186384095,475.514325662638,463.92542060312275,466.4187316894531,13686200
2026-06-23 00:00:00-04:00,438.0049560007165,446.133144391737,433.0283166057044,435.2224426269531,20364500
2026-06-24 00:00:00-04:00,432.8188947790589,442.67243521168706,431.42261613898734,439.6505432128906,9991200
2026-06-25 00:00:00-04:00,451.688257213593,451.688257213593,431.28300658985046,433.826171875,14769500
2026-06-26 00:00:00-04:00,423.8628964205814,434.96312255423817,418.0684437302707,431.1932373046875,17974100
2026-06-29 00:00:00-04:00,435.8308057478728,454.87970975218514,429.93661431073315,453.88238525390625,14881400
2026-06-30 00:00:00-04:00,454.390999000302,477.7184335703195,451.78799667506206,476.2922668457031,15074300
2026-07-01 00:00:00-04:00,466.4187620928209,467.2565110201251,442.28349702952255,443.0414733886719,18534800
2026-07-02 00:00:00-04:00,449.33456176702987,460.23531059275666,428.35084702515826,432.9983825683594,18375000
2026-07-06 00:00:00-04:00,446.58195686691096,458.79918181338746,444.40779679330353,450.58123779296875,12788500
2026-07-07 00:00:00-04:00,436.8480588593707,438.6232952207497,426.9645695856732,431.41265869140625,14898400
2026-07-08 00:00:00-04:00,427.8521919292887,439.3114401974087,427.60286081511083,435.81085205078125,11411200
2026-07-09 00:00:00-04:00,445.53477314282117,446.49219611562063,435.2224417359198,435.7908935546875,11455600
2026-07-10 00:00:00-04:00,437.49634449070544,438.4836859896974,426.95461739736834,432.9485168457031,9595100
2026-07-13 00:00:00-04:00,432.65929827726654,436.81812417113093,419.1654997462829,420.4520263671875,14329800
2026-07-14 00:00:00-04:00,429.71720001085697,429.9066940996577,417.7393230942159,419.2652587890625,14279000
2026-07-15 00:00:00-04:00,424.6108792820585,427.74249262517435,409.6510127189795,418.357666015625,17012300
2026-07-16 00:00:00-04:00,404.2056317684196,414.83711397634823,402.4204124945257,408.6437072753906,24891300
2026-07-17 00:00:00-04:00,391.0708603411774,403.6172190265121,384.9871750797937,397.30413818359375,20986500
2026-07-20 00:00:00-04:00,406.6191619914805,408.79335252539937,399.009571212585,401.2236328125,11653600
2026-07-21 00:00:00-04:00,417.6196480893067,424.26183285911304,412.4535145247667,423.47393798828125,18210100
2026-07-22 00:00:00-04:00,413.79990624109263,423.67341256775325,413.1017669263485,420.0830383300781,10259500
2026-07-23 00:00:00-04:00,414.7273927079472,419.71401492274447,410.6981934363316,414.46807861328125,11048800
2026-07-24 00:00:00-04:00,410.2494164861591,411.8152231692339,399.727625331181,402.3306579589844,11525100
2026-07-27 00:00:00-04:00,404.9935050626899,406.33989917665224,387.7597395373824,398.022216796875,17932300
2026-07-28 00:00:00-04:00,383.9699062963868,394.3021728020268,380.2797937238432,391.2603454589844,18276300
2026-07-29 00:00:00-04:00,387.0416663610539,390.20319831814896,371.7227771334511,373.6675720214844,21700200
2026-07-30 00:00:00-04:00,391.4398685253984,405.6816606316707,386.56296773072626,402.2309265136719,17474200
2026-07-31 00:00:00-04:00,418.37762504016166,419.22535694685655,397.73299584950587,403.1684265136719,11956100
2026-08-03 00:00:00-04:00,399.518217224896,406.34989612720153,397.13462750002594,405.0234375,12676900
2026-08-04 00:00:00-04:00,416.88162944563965,419.1256095084451,411.0073736942059,416.0538635253906,13929100
2026-08-05 00:00:00-04:00,418.1981075131447,425.1594128921484,411.9648295242501,412.892333984375,12790400
2026-08-06 00:00:00-04:00,408.44428194904367,422.7758300634866,406.8984107212031,417.08111572265625,10628900
2026-08-07 00:00:00-04:00,423.6534593245263,423.6534593245263,411.9947341328056,418.9161682128906,9159600
2026-08-10 00:00:00-04:00,419.215364204213,424.7405502918747,414.88697965531264,417.3503723144531,11776100
2026-08-11 00:00:00-04:00,423.0650445509429,423.76315340551974,417.7492881796972,420.9307556152344,9703600
2026-08-12 00:00:00-04:00,431.4924362663067,432.1207555673107,425.87749449502076,428.0018005371094,9534200
2026-08-13 00:00:00-04:00,428.0017846805682,434.873364799285,427.2438387895968,429.33819580078125,8194000
2026-08-14 00:00:00-04:00,428.05167034858295,428.12145992946887,422.9653095160842,425.20928955078125,6324700
2026-08-17 00:00:00-04:00,428.81960058579966,434.54423326408653,425.65806864619134,429.8169250488281,9479400
2026-08-18 00:00:00-04:00,415.8843158577059,418.5072841584035,409.6709732753676,412.3039245605469,14030100
2026-08-19 00:00:00-04:00,417.0112749257677,418.47734307689126,406.78869936774936,410.9874267578125,8424700
2026-08-20 00:00:00-04:00,407.50676819562125,416.8417102514157,406.62911782745056,414.886962890625,10447900
2026-08-21 00:00:00-04:00,421.88818905014637,424.5410758096839,415.5851214905981,417.8291015625,8947200
2026-08-24 00:00:00-04:00,412.7626718251857,413.2314155415877,404.0660012652502,409.022705078125,10645600
2026-08-25 00:00:00-04:00,413.4807505656338,418.64688404310664,412.9222512943355,416.293212890625,7049800
2026-08-26 00:00:00-04:00,417.33042504609745,419.6242590889689,413.30122577723006,416.57244873046875,7449300
2026-08-27 00:00:00-04:00,421.8881907227684,428.4905043488967,419.40486250618176,426.15673828125,12749800
2026-08-28 00:00:00-04:00,426.34621904220865,427.97186276412697,416.20344643812547,416.40289306640625,8896900
2026-08-31 00:00:00-04:00,416.1136946369368,422.6660931957735,413.4907264422157,414.20880126953125,6748000
2026-09-01 00:00:00-04:00,416.6821548272518,417.4999682040174,410.967505046027,412.892333984375,7920800
2026-09-02 00:00:00-04:00,412.0944716217608,415.3856301060939,410.1696123173359,414.3883056640625,6301000
2026-09-03 00:00:00-04:00,412.184238862332,416.18348929190125,406.72887279222175,415.894287109375,7827800
2026-09-04 00:00:00-04:00,420.751261216193,428.6700201111762,418.29785148990675,427.762451171875,12276300
2026-09-08 00:00:00-04:00,436.84805052201335,443.1012943868179,432.55956750356324,437.825439453125,13079900
2026-09-09 00:00:00-04:00,433.2975739902236,438.2243592304439,430.714507305319,434.1951599121094,7499300
2026-09-10 00:00:00-04:00,425.29905387099996,431.37275630452956,422.9154337535182,426.8847961425781,8368100
2026-09-11 00:00:00-04:00,430.39536028533865,434.20514704262274,427.75245654279814,432.0808410644531,10629200
2026-09-14 00:00:00-04:00,414.8969526697797,423.31437343193346,414.8969526697797,416.8916015625,14305900
2026-09-15 00:00:00-04:00,420.81109533222605,420.81109533222605,411.44620381558593,412.64300537109375,9452600
2026-09-16 00:00:00-04:00,418.20001220703125,419.8500061035156,413.8800048828125,417.7200012207031,10490900
2026-09-17 00:00:00-04:00,424.3999938964844,430.5299987792969,423.3900146484375,430.260009765625,12447700
2026-09-18 00:00:00-04:00,429.0400085449219,434.82000732421875,428.9800109863281,434.6700134277344,12905100
2026-09-21 00:00:00-04:00,440.79998779296875,445.7200012207031,437.05999755859375,445.1400146484375,9943100
2026-09-22 00:00:00-04:00,,,,,11225312
